population	model	experiment	year	tasmax	tasmin	ppt
BH	access-cm2	ssp245	2041	310.81094	276.14972	697.6374344201759
BH	access-cm2	ssp245	2042	310.9609	273.61185	721.2362886406481
BH	access-cm2	ssp245	2043	312.50134	276.71957	1235.8025097520858
BH	access-cm2	ssp245	2044	310.48642	277.56323	467.5341336289421
BH	access-cm2	ssp245	2045	311.01932	276.25583	851.152564957727
BH	access-cm2	ssp245	2046	310.41498	276.47656	1055.753470316979
BH	access-cm2	ssp245	2047	312.41235	277.70743	643.637778237462
BH	access-cm2	ssp245	2048	311.67078	276.77014	550.7526516448706
BH	access-cm2	ssp245	2049	313.88312	272.76825	238.85780973359942
BH	access-cm2	ssp245	2050	310.90472	274.36334	695.2304342994357
BH	access-cm2	ssp245	2051	311.90866	276.8859	411.96186477318406
BH	access-cm2	ssp245	2052	314.11816	276.0008	666.1156637594104
BH	access-cm2	ssp245	2053	312.37735	276.4713	542.8244115435518
BH	access-cm2	ssp245	2054	314.70868	278.26013	380.2745636785403
BH	access-cm2	ssp245	2055	312.06128	276.96783	688.107603415837
BH	access-cm2	ssp245	2056	312.63776	275.75183	918.0014769080865
BH	access-cm2	ssp245	2057	313.1105	275.06726	746.2274061050266
BH	access-cm2	ssp245	2058	312.7078	276.2559	1173.725013155453
BH	access-cm2	ssp245	2059	315.1961	276.57516	1018.2928202440793
BH	access-cm2	ssp245	2060	312.62408	276.5661	366.734159225598
BH	access-cm2	ssp245	2061	313.70096	277.01007	651.2234908703249
BH	access-cm2	ssp245	2062	310.2581	274.61493	1059.951444994653
BH	access-cm2	ssp245	2063	312.25305	277.85092	460.03802175982855
BH	access-cm2	ssp245	2064	313.5829	277.3493	901.7758256290073
BH	access-cm2	ssp245	2065	313.06375	276.3114	909.0919119771308
BH	access-cm2	ssp245	2066	312.25595	276.9958	486.3773495424539
BH	access-cm2	ssp245	2067	313.13358	275.5095	231.57603454892524
BH	access-cm2	ssp245	2068	311.31146	275.3793	854.4091581366956
BH	access-cm2	ssp245	2069	311.36972	277.6968	1335.2305223000958
BH	access-cm2	ssp245	2070	310.13287	277.5595	715.0040651962627
BH	access-cm2	ssp370	2041	310.94208	276.37546	533.6558373179287
BH	access-cm2	ssp370	2042	310.86157	275.1742	1018.5354518238214
BH	access-cm2	ssp370	2043	311.3876	276.94183	464.2692319932394
BH	access-cm2	ssp370	2044	311.8073	276.7381	696.075166692026
BH	access-cm2	ssp370	2045	311.1254	276.90164	478.6421568249352
BH	access-cm2	ssp370	2046	311.2467	277.33676	978.9530648529613
BH	access-cm2	ssp370	2047	311.9218	272.63336	759.5434897695668
BH	access-cm2	ssp370	2048	310.4335	274.4539	400.89079822646454
BH	access-cm2	ssp370	2049	311.4386	276.8455	780.4550666478463
BH	access-cm2	ssp370	2050	314.33655	272.66644	743.0096140131304
BH	access-cm2	ssp370	2051	311.69772	274.8265	673.8148864824325
BH	access-cm2	ssp370	2052	310.36234	277.94742	1009.9502049386263
BH	access-cm2	ssp370	2053	313.60397	275.60632	517.7883049473166
BH	access-cm2	ssp370	2054	310.76358	276.29874	278.1944325193763
BH	access-cm2	ssp370	2055	312.6521	275.65448	499.777812307002
BH	access-cm2	ssp370	2056	311.4381	276.11255	321.89207334886305
BH	access-cm2	ssp370	2057	311.39877	275.2825	708.6427414789796
BH	access-cm2	ssp370	2058	314.1777	276.45035	1035.7082615140725
BH	access-cm2	ssp370	2059	311.79358	276.89453	327.19804452499375
BH	access-cm2	ssp370	2060	311.1308	276.7676	553.0404258985072
BH	access-cm2	ssp370	2061	311.75934	277.45724	1018.8507551327348
BH	access-cm2	ssp370	2062	312.0255	278.3915	682.3005428421238
BH	access-cm2	ssp370	2063	309.36792	276.05234	501.51605741120875
BH	access-cm2	ssp370	2064	310.4185	276.57718	1310.447525186432
BH	access-cm2	ssp370	2065	314.69632	277.39246	547.15186242247
BH	access-cm2	ssp370	2066	313.09155	276.77994	362.93282888364047
BH	access-cm2	ssp370	2067	313.98718	275.11075	488.08767178998096
BH	access-cm2	ssp370	2068	311.18243	278.53537	597.8061846457422
BH	access-cm2	ssp370	2069	312.73618	276.70905	1691.0651674959283
BH	access-cm2	ssp370	2070	313.70584	277.1879	496.8388715176843
BH	cnrm-esm2-1	ssp245	2041	311.07333	275.2494	1232.2965960774932
BH	cnrm-esm2-1	ssp245	2042	310.94662	275.7211	629.7796098893741
BH	cnrm-esm2-1	ssp245	2043	310.40286	276.1447	504.22181370668113
BH	cnrm-esm2-1	ssp245	2044	310.60675	275.96744	521.3284172583371
BH	cnrm-esm2-1	ssp245	2045	309.86548	275.45786	713.222071272321
BH	cnrm-esm2-1	ssp245	2046	312.20383	276.27008	468.6897102103103
BH	cnrm-esm2-1	ssp245	2047	311.24457	274.90158	1017.7138487691727
BH	cnrm-esm2-1	ssp245	2048	311.6789	276.10287	400.6776653142879
BH	cnrm-esm2-1	ssp245	2049	308.92905	276.685	684.5222618314438
BH	cnrm-esm2-1	ssp245	2050	311.8367	276.80707	665.9153530374119
BH	cnrm-esm2-1	ssp245	2051	311.16782	277.1264	675.7736926199634
BH	cnrm-esm2-1	ssp245	2052	310.3095	277.36984	1049.5022472459582
BH	cnrm-esm2-1	ssp245	2053	310.09677	275.4895	543.0226193770068
BH	cnrm-esm2-1	ssp245	2054	311.09744	274.4796	1105.4715511388818
BH	cnrm-esm2-1	ssp245	2055	312.87564	275.98392	1103.8022860593483
BH	cnrm-esm2-1	ssp245	2056	311.45602	275.1002	478.2407269463765
BH	cnrm-esm2-1	ssp245	2057	310.9276	274.96716	205.6446644710377
BH	cnrm-esm2-1	ssp245	2058	308.06613	276.5015	801.8198883393698
BH	cnrm-esm2-1	ssp245	2059	311.2099	279.01764	1079.2187563434607
BH	cnrm-esm2-1	ssp245	2060	311.2187	275.6911	1250.5833096219799
BH	cnrm-esm2-1	ssp245	2061	310.94336	276.79663	575.9632295463234
BH	cnrm-esm2-1	ssp245	2062	310.3142	274.303	958.2777462957774
BH	cnrm-esm2-1	ssp245	2063	311.49744	276.83438	550.3753090771994
BH	cnrm-esm2-1	ssp245	2064	311.9531	274.8059	669.6719540341292
BH	cnrm-esm2-1	ssp245	2065	310.26575	275.63138	374.5033976621926
BH	cnrm-esm2-1	ssp245	2066	311.01587	277.93173	717.637131060457
BH	cnrm-esm2-1	ssp245	2067	311.58386	275.37997	1016.0789325716523
BH	cnrm-esm2-1	ssp245	2068	311.72543	276.05295	738.2144265342492
BH	cnrm-esm2-1	ssp245	2069	311.18497	276.38455	338.0350497784093
BH	cnrm-esm2-1	ssp245	2070	312.79373	278.36246	719.5729427039623
BH	cnrm-esm2-1	ssp370	2041	312.2768	276.33066	663.8401241507381
BH	cnrm-esm2-1	ssp370	2042	308.59198	275.1162	613.8803430832922
BH	cnrm-esm2-1	ssp370	2043	309.99557	274.5396	653.4251072793268
BH	cnrm-esm2-1	ssp370	2044	311.41306	275.7122	500.6330751333735
BH	cnrm-esm2-1	ssp370	2045	310.86578	274.7203	885.7705124508208
BH	cnrm-esm2-1	ssp370	2046	309.60162	277.10794	478.3100255554018
BH	cnrm-esm2-1	ssp370	2047	310.38293	273.34985	606.480138679035
BH	cnrm-esm2-1	ssp370	2048	308.44034	275.5706	568.0938420351595
BH	cnrm-esm2-1	ssp370	2049	311.00824	278.4411	814.2239619512019
BH	cnrm-esm2-1	ssp370	2050	309.54892	276.0129	786.6718413148192
BH	cnrm-esm2-1	ssp370	2051	310.5267	276.61914	859.8660348448686
BH	cnrm-esm2-1	ssp370	2052	310.07034	275.84573	607.3743273387663
BH	cnrm-esm2-1	ssp370	2053	311.64047	278.06168	896.3296704227105
BH	cnrm-esm2-1	ssp370	2054	309.52463	277.21732	715.5737049411982
BH	cnrm-esm2-1	ssp370	2055	312.31802	274.564	643.1438310071644
BH	cnrm-esm2-1	ssp370	2056	312.07513	275.88934	657.8501895186433
BH	cnrm-esm2-1	ssp370	2057	310.6376	274.41852	810.9754257719032
BH	cnrm-esm2-1	ssp370	2058	311.09348	277.25806	403.832959709689
BH	cnrm-esm2-1	ssp370	2059	310.16183	275.997	552.8139207337517
BH	cnrm-esm2-1	ssp370	2060	310.62726	276.2591	1242.9691491764797
BH	cnrm-esm2-1	ssp370	2061	312.32324	275.65204	492.7531774621457
BH	cnrm-esm2-1	ssp370	2062	311.5794	276.92645	907.7519763260827
BH	cnrm-esm2-1	ssp370	2063	310.74866	276.29645	699.2343724239618
BH	cnrm-esm2-1	ssp370	2064	312.1967	274.71747	821.196669491453
BH	cnrm-esm2-1	ssp370	2065	311.0091	278.25632	318.72960496111773
BH	cnrm-esm2-1	ssp370	2066	311.6025	275.44556	937.0386085967718
BH	cnrm-esm2-1	ssp370	2067	312.3182	277.64206	708.4200887940824
BH	cnrm-esm2-1	ssp370	2068	311.29297	276.66727	691.6127438598778
BH	cnrm-esm2-1	ssp370	2069	311.20792	278.2057	618.2173707056791
BH	cnrm-esm2-1	ssp370	2070	311.90503	277.29388	309.8427462915424
BH	ec-earth3-veg	ssp245	2041	311.29352	274.7806	464.1441935136754
BH	ec-earth3-veg	ssp245	2042	311.55798	277.85434	1012.3958112671777
BH	ec-earth3-veg	ssp245	2043	308.7479	276.99802	928.1818745264759
BH	ec-earth3-veg	ssp245	2044	310.11713	275.95316	748.1848009396344
BH	ec-earth3-veg	ssp245	2045	310.2941	276.04688	698.4209791291505
BH	ec-earth3-veg	ssp245	2046	310.0187	275.76785	563.2151412544772
BH	ec-earth3-veg	ssp245	2047	310.97498	277.00464	588.7778734235244
BH	ec-earth3-veg	ssp245	2048	312.6044	277.24768	594.657441257732
BH	ec-earth3-veg	ssp245	2049	310.21185	276.4436	803.1255749054253
BH	ec-earth3-veg	ssp245	2050	311.78705	276.09235	895.7532143045632
BH	ec-earth3-veg	ssp245	2051	310.14987	276.96497	686.3731252960861
BH	ec-earth3-veg	ssp245	2052	310.8459	278.02606	861.0981670673744
BH	ec-earth3-veg	ssp245	2053	309.5723	279.53955	587.0611540682071
BH	ec-earth3-veg	ssp245	2054	311.1418	274.68332	214.1578525537625
BH	ec-earth3-veg	ssp245	2055	310.01453	276.0691	284.0861271175527
BH	ec-earth3-veg	ssp245	2056	310.44235	277.54175	908.2506459206238
BH	ec-earth3-veg	ssp245	2057	310.1705	276.61166	714.7875306196511
BH	ec-earth3-veg	ssp245	2058	309.38528	278.49655	669.4099704734922
BH	ec-earth3-veg	ssp245	2059	310.66647	277.14218	363.01458078742144
BH	ec-earth3-veg	ssp245	2060	313.75235	275.87308	524.4921558187343
BH	ec-earth3-veg	ssp245	2061	312.35312	273.38248	888.9579906826573
BH	ec-earth3-veg	ssp245	2062	310.29385	276.46613	440.70088847656734
BH	ec-earth3-veg	ssp245	2063	309.1914	277.7289	603.7114785052836
BH	ec-earth3-veg	ssp245	2064	312.333	276.55087	1142.1267347875794
BH	ec-earth3-veg	ssp245	2065	312.9714	276.41034	489.7263157996349
BH	ec-earth3-veg	ssp245	2066	311.6981	277.0401	1627.2118466323927
BH	ec-earth3-veg	ssp245	2067	310.538	277.39624	1215.0555211293845
BH	ec-earth3-veg	ssp245	2068	309.3885	275.78116	601.0112693533301
BH	ec-earth3-veg	ssp245	2069	312.38608	277.61917	581.3461489509791
BH	ec-earth3-veg	ssp245	2070	311.69537	274.77454	939.7136685816721
BH	ec-earth3-veg	ssp370	2041	311.5606	273.56583	580.2699525811477
BH	ec-earth3-veg	ssp370	2042	312.51578	270.9733	1141.939201700727
BH	ec-earth3-veg	ssp370	2043	309.91953	277.5223	1354.5223125256339
BH	ec-earth3-veg	ssp370	2044	311.47687	275.6388	1046.4696344453598
BH	ec-earth3-veg	ssp370	2045	311.16992	272.17917	377.4156090337783
BH	ec-earth3-veg	ssp370	2046	311.22122	273.42667	610.0400899333181
BH	ec-earth3-veg	ssp370	2047	308.8825	271.90286	594.0233337285463
BH	ec-earth3-veg	ssp370	2048	309.9231	277.51886	701.6984265879704
BH	ec-earth3-veg	ssp370	2049	310.0657	274.72882	749.3922337889519
BH	ec-earth3-veg	ssp370	2050	310.7032	274.83652	816.603852482504
BH	ec-earth3-veg	ssp370	2051	310.0408	274.5278	257.9638429451734
BH	ec-earth3-veg	ssp370	2052	308.89334	277.34207	1178.3711393829237
BH	ec-earth3-veg	ssp370	2053	311.54822	276.64133	988.259456190267
BH	ec-earth3-veg	ssp370	2054	311.5879	275.12555	454.25997682032175
BH	ec-earth3-veg	ssp370	2055	310.90192	276.9887	820.2075875247829
BH	ec-earth3-veg	ssp370	2056	307.7033	273.7961	590.0277982786065
BH	ec-earth3-veg	ssp370	2057	313.06146	274.8844	370.894491719082
BH	ec-earth3-veg	ssp370	2058	310.34494	274.2475	894.3053274939302
BH	ec-earth3-veg	ssp370	2059	311.02643	272.09177	1104.685339334525
BH	ec-earth3-veg	ssp370	2060	311.3977	277.44226	1156.072513852253
BH	ec-earth3-veg	ssp370	2061	311.08575	279.20044	928.5999076062203
BH	ec-earth3-veg	ssp370	2062	312.39297	276.31802	466.27563550136983
BH	ec-earth3-veg	ssp370	2063	310.32523	277.11923	839.3796932883394
BH	ec-earth3-veg	ssp370	2064	309.58618	278.20197	855.7877498154983
BH	ec-earth3-veg	ssp370	2065	312.93967	276.36438	805.0095492973694
BH	ec-earth3-veg	ssp370	2066	310.9034	278.01227	1097.627351456292
BH	ec-earth3-veg	ssp370	2067	309.3246	277.8427	929.16409096797
BH	ec-earth3-veg	ssp370	2068	312.06848	277.43277	733.7509374454245
BH	ec-earth3-veg	ssp370	2069	311.9664	276.7404	560.1184504281083
BH	ec-earth3-veg	ssp370	2070	314.16974	276.93893	313.01588164642453
BH	miroc6	ssp245	2041	311.38812	274.43475	479.01120657334104
BH	miroc6	ssp245	2042	308.70328	278.3144	1177.6576534495612
BH	miroc6	ssp245	2043	309.90115	276.29492	848.5629535512999
BH	miroc6	ssp245	2044	309.04535	276.04254	872.9782273527082
BH	miroc6	ssp245	2045	313.0219	275.0994	196.04206288349815
BH	miroc6	ssp245	2046	312.0154	274.42416	482.12999647075776
BH	miroc6	ssp245	2047	310.09836	277.20966	517.2546362970024
BH	miroc6	ssp245	2048	308.89496	276.45105	1171.9849718618186
BH	miroc6	ssp245	2049	308.49384	274.8741	860.785853897678
BH	miroc6	ssp245	2050	312.49643	273.6917	314.7447105271567
BH	miroc6	ssp245	2051	312.41562	275.7083	282.0830033859238
BH	miroc6	ssp245	2052	311.1103	276.36215	957.3220730759203
BH	miroc6	ssp245	2053	310.63837	276.96396	591.896575782448
BH	miroc6	ssp245	2054	310.04306	276.48718	675.9935940499417
BH	miroc6	ssp245	2055	312.91702	277.24777	553.6592555232346
BH	miroc6	ssp245	2056	310.54877	274.87775	641.3905959168915
BH	miroc6	ssp245	2057	311.18616	275.82852	739.1741578001529
BH	miroc6	ssp245	2058	309.69525	275.59283	766.7557538836011
BH	miroc6	ssp245	2059	310.5919	276.34344	674.0451595745981
BH	miroc6	ssp245	2060	308.05426	277.4874	1843.6453572939886
BH	miroc6	ssp245	2061	309.76938	274.66187	189.0458552632481
BH	miroc6	ssp245	2062	313.5526	274.44128	378.17620576824993
BH	miroc6	ssp245	2063	314.02524	273.34317	342.8425143356435
BH	miroc6	ssp245	2064	314.6267	277.1721	366.92833659471944
BH	miroc6	ssp245	2065	312.9552	276.5332	687.6525377388807
BH	miroc6	ssp245	2066	310.17328	276.78317	699.4638827367453
BH	miroc6	ssp245	2067	313.8858	274.6269	276.7623051535338
BH	miroc6	ssp245	2068	314.10828	274.25336	410.9033501590602
BH	miroc6	ssp245	2069	315.95316	275.07828	585.8899735525483
BH	miroc6	ssp245	2070	315.6132	276.07907	288.7671502365265
BH	miroc6	ssp370	2041	314.75366	274.1852	330.4812503512949
BH	miroc6	ssp370	2042	311.7074	276.47958	644.2005857359618
BH	miroc6	ssp370	2043	312.2365	275.67596	270.11501429078635
BH	miroc6	ssp370	2044	313.72995	272.01163	337.532271296368
BH	miroc6	ssp370	2045	312.57297	277.6292	636.2256475374816
BH	miroc6	ssp370	2046	310.7604	277.24017	665.4814814217302
BH	miroc6	ssp370	2047	311.36157	275.85733	467.02297007430525
BH	miroc6	ssp370	2048	310.55072	276.97098	603.9244462415561
BH	miroc6	ssp370	2049	312.515	276.9924	491.3703705766238
BH	miroc6	ssp370	2050	311.16974	276.1838	637.9642925370717
BH	miroc6	ssp370	2051	309.94885	275.5191	869.6197835204657
BH	miroc6	ssp370	2052	309.12656	277.66736	812.2761564329267
BH	miroc6	ssp370	2053	311.62442	276.1518	722.4575227126479
BH	miroc6	ssp370	2054	314.4446	277.20114	647.8779791621404
BH	miroc6	ssp370	2055	310.0918	276.34692	1147.5453530059885
BH	miroc6	ssp370	2056	309.65787	277.70844	939.350073016225
BH	miroc6	ssp370	2057	310.24152	276.04105	732.2450123727091
BH	miroc6	ssp370	2058	314.60843	274.85132	432.52083939732984
BH	miroc6	ssp370	2059	315.5599	273.09567	550.9095130953938
BH	miroc6	ssp370	2060	312.14948	276.39908	514.8302661487833
BH	miroc6	ssp370	2061	310.61948	277.5003	778.7982502661059
BH	miroc6	ssp370	2062	313.7893	276.69995	240.59680528007448
BH	miroc6	ssp370	2063	313.71213	274.30472	775.8890889119357
BH	miroc6	ssp370	2064	313.0435	275.21613	1047.636147681597
BH	miroc6	ssp370	2065	309.61575	275.4999	750.6878507556219
BH	miroc6	ssp370	2066	314.16757	275.86453	328.0187562428182
BH	miroc6	ssp370	2067	314.71146	275.53348	350.7374539738521
BH	miroc6	ssp370	2068	313.72342	273.99295	583.976217918098
BH	miroc6	ssp370	2069	313.01178	277.18234	696.664856839925
BH	miroc6	ssp370	2070	312.68143	276.9971	415.2094598743133
BH	mpi-esm1-2-hr	ssp245	2041	307.2923	274.6125	818.2726776693016
BH	mpi-esm1-2-hr	ssp245	2042	308.99118	273.35358	746.26758957746
BH	mpi-esm1-2-hr	ssp245	2043	312.73337	275.13647	127.41170872177463
BH	mpi-esm1-2-hr	ssp245	2044	311.0355	274.2155	514.6235564723611
BH	mpi-esm1-2-hr	ssp245	2045	308.5387	274.99585	736.1650945851118
BH	mpi-esm1-2-hr	ssp245	2046	307.94986	276.0692	792.9029726888738
BH	mpi-esm1-2-hr	ssp245	2047	309.36105	274.8268	716.6686069685953
BH	mpi-esm1-2-hr	ssp245	2048	308.6622	277.1176	1046.7674489132808
BH	mpi-esm1-2-hr	ssp245	2049	312.1779	273.4056	376.5650945424568
BH	mpi-esm1-2-hr	ssp245	2050	313.8719	275.71945	303.92277268110774
BH	mpi-esm1-2-hr	ssp245	2051	308.55142	275.08655	874.9134889338166
BH	mpi-esm1-2-hr	ssp245	2052	310.2499	276.2908	802.1989828557308
BH	mpi-esm1-2-hr	ssp245	2053	309.9267	275.87534	1053.6686455132258
BH	mpi-esm1-2-hr	ssp245	2054	310.50742	273.88284	471.86676128258114
BH	mpi-esm1-2-hr	ssp245	2055	308.41718	275.99722	307.15345524949953
BH	mpi-esm1-2-hr	ssp245	2056	311.46295	276.76462	283.8707339891698
BH	mpi-esm1-2-hr	ssp245	2057	310.44128	274.8197	435.7328592916019
BH	mpi-esm1-2-hr	ssp245	2058	310.77545	274.7916	742.6721686497331
BH	mpi-esm1-2-hr	ssp245	2059	309.0271	277.6986	418.0300563108176
BH	mpi-esm1-2-hr	ssp245	2060	310.6074	273.5801	689.4342256709933
BH	mpi-esm1-2-hr	ssp245	2061	311.04507	272.3084	681.9210824556649
BH	mpi-esm1-2-hr	ssp245	2062	310.01132	273.88675	687.5680921599269
BH	mpi-esm1-2-hr	ssp245	2063	307.6407	272.51147	793.052136094775
BH	mpi-esm1-2-hr	ssp245	2064	309.56723	273.67413	515.422928519547
BH	mpi-esm1-2-hr	ssp245	2065	310.48676	277.58246	611.2878686806653
BH	mpi-esm1-2-hr	ssp245	2066	311.2052	275.33762	684.6786774563952
BH	mpi-esm1-2-hr	ssp245	2067	311.7282	277.47168	539.0191369398963
BH	mpi-esm1-2-hr	ssp245	2068	311.02432	278.11734	370.3575576626463
BH	mpi-esm1-2-hr	ssp245	2069	312.5198	273.5057	641.337026283145
BH	mpi-esm1-2-hr	ssp245	2070	309.62595	277.35895	725.4393581533561
BH	mpi-esm1-2-hr	ssp370	2041	313.73428	275.178	797.1712038502922
BH	mpi-esm1-2-hr	ssp370	2042	309.42014	274.48715	487.9135213062
BH	mpi-esm1-2-hr	ssp370	2043	309.40933	272.59436	822.4787332350388
BH	mpi-esm1-2-hr	ssp370	2044	311.8641	274.51672	550.0615635450231
BH	mpi-esm1-2-hr	ssp370	2045	310.52237	275.51584	738.7482360005379
BH	mpi-esm1-2-hr	ssp370	2046	310.94244	276.0008	594.0335323568434
BH	mpi-esm1-2-hr	ssp370	2047	308.58386	274.46704	665.447227936238
BH	mpi-esm1-2-hr	ssp370	2048	309.7459	273.72134	425.37575173191726
BH	mpi-esm1-2-hr	ssp370	2049	311.5379	274.2782	439.6288558433298
BH	mpi-esm1-2-hr	ssp370	2050	309.7477	276.79953	554.6336737694219
BH	mpi-esm1-2-hr	ssp370	2051	312.0252	276.66492	686.7873785435027
BH	mpi-esm1-2-hr	ssp370	2052	309.8333	274.92233	812.3300449456879
BH	mpi-esm1-2-hr	ssp370	2053	312.91782	276.1534	809.454221144545
BH	mpi-esm1-2-hr	ssp370	2054	310.7775	276.20648	668.9260174054652
BH	mpi-esm1-2-hr	ssp370	2055	306.7888	273.44925	974.8732672305711
BH	mpi-esm1-2-hr	ssp370	2056	309.91147	275.6024	519.7322600288317
BH	mpi-esm1-2-hr	ssp370	2057	308.9801	275.55368	937.9404974228005
BH	mpi-esm1-2-hr	ssp370	2058	309.25027	276.77866	572.539147711359
BH	mpi-esm1-2-hr	ssp370	2059	308.1038	277.63193	733.99815175216645
BH	mpi-esm1-2-hr	ssp370	2060	311.3733	276.52454	515.0185767095536
BH	mpi-esm1-2-hr	ssp370	2061	310.06418	275.6402	573.8933672255366
BH	mpi-esm1-2-hr	ssp370	2062	311.35367	276.24304	706.3884490518793
BH	mpi-esm1-2-hr	ssp370	2063	309.87555	277.30994	631.3495980575681
BH	mpi-esm1-2-hr	ssp370	2064	310.97885	275.8428	865.0069829803948
BH	mpi-esm1-2-hr	ssp370	2065	311.16364	276.73126	343.86433695908636
BH	mpi-esm1-2-hr	ssp370	2066	310.44226	275.32495	536.6564924363047
BH	mpi-esm1-2-hr	ssp370	2067	311.093	277.8798	682.1384084934834
BH	mpi-esm1-2-hr	ssp370	2068	309.91803	277.12683	743.7345346435848
BH	mpi-esm1-2-hr	ssp370	2069	309.3997	275.05243	637.0250087405896
BH	mpi-esm1-2-hr	ssp370	2070	310.30368	276.97366	680.2348501514591
BH	mri-esm2-0	ssp245	2041	310.52185	273.10736000000003	455.51711880834773
BH	mri-esm2-0	ssp245	2042	311.55533	274.29572	779.9807651121093
BH	mri-esm2-0	ssp245	2043	310.6764	277.25232	572.7503290414461
BH	mri-esm2-0	ssp245	2044	310.0443	278.446	418.31069790932816
BH	mri-esm2-0	ssp245	2045	309.43713	276.7755	998.9391270966704
BH	mri-esm2-0	ssp245	2046	312.29517	276.81052	1008.3562498446317
BH	mri-esm2-0	ssp245	2047	308.4533	273.77133	933.211984578505
BH	mri-esm2-0	ssp245	2048	312.78046	272.83023	512.4432787124533
BH	mri-esm2-0	ssp245	2049	310.97806	277.46384	420.907736022491
BH	mri-esm2-0	ssp245	2050	309.56833	275.92148	674.7958935331553
BH	mri-esm2-0	ssp245	2051	308.32596	274.74258	675.8302616653742
BH	mri-esm2-0	ssp245	2052	311.02914	275.82214	459.48716774582863
BH	mri-esm2-0	ssp245	2053	310.427	276.20822	606.6905812360346
BH	mri-esm2-0	ssp245	2054	310.3289	275.97714	760.6438877061009
BH	mri-esm2-0	ssp245	2055	312.06378	276.30524	440.1235649296723
BH	mri-esm2-0	ssp245	2056	308.81296	277.21866	426.3742243638262
BH	mri-esm2-0	ssp245	2057	310.64252	275.7716	899.4898518081754
BH	mri-esm2-0	ssp245	2058	310.49393	276.4811	733.6540019139647
BH	mri-esm2-0	ssp245	2059	310.06766	276.9615	759.0533662587404
BH	mri-esm2-0	ssp245	2060	312.23596	274.9684	113.48161264322698
BH	mri-esm2-0	ssp245	2061	311.68716	276.1478	655.9284767601639
BH	mri-esm2-0	ssp245	2062	310.48636	277.16138	801.9758087117225
BH	mri-esm2-0	ssp245	2063	310.76083	275.65128	482.22557979170233
BH	mri-esm2-0	ssp245	2064	312.18054	276.39322	999.703227021356
BH	mri-esm2-0	ssp245	2065	309.6672	275.53674	806.1225777666524
BH	mri-esm2-0	ssp245	2066	311.6267	276.64517	723.3303378336132
BH	mri-esm2-0	ssp245	2067	311.01266	274.07425	455.2321064533255
BH	mri-esm2-0	ssp245	2068	311.425	277.30902	430.4767776746303
BH	mri-esm2-0	ssp245	2069	312.22437	277.20065	459.8892900743522
BH	mri-esm2-0	ssp245	2070	311.33722	276.21097	1254.9209259682993
BH	mri-esm2-0	ssp370	2041	309.96402	274.43597	593.6203003395349
BH	mri-esm2-0	ssp370	2042	313.58533	275.99048	629.0288216318004
BH	mri-esm2-0	ssp370	2043	310.72568	276.7271	405.23319540079683
BH	mri-esm2-0	ssp370	2044	309.8287	275.52188	592.0966256177053
BH	mri-esm2-0	ssp370	2045	312.2979	275.17206	401.06028565205634
BH	mri-esm2-0	ssp370	2046	309.03033	276.63147	889.3051853519639
BH	mri-esm2-0	ssp370	2047	313.56256	276.33142	1030.4786020656745
BH	mri-esm2-0	ssp370	2048	310.38824	274.52597	371.10837075160816
BH	mri-esm2-0	ssp370	2049	313.58377	275.82565	742.8339196834713
BH	mri-esm2-0	ssp370	2050	308.46008	275.36615	988.4015668532626
BH	mri-esm2-0	ssp370	2051	313.01224	276.69742	990.1525314431638
BH	mri-esm2-0	ssp370	2052	309.94833	275.89722	473.77150809334125
BH	mri-esm2-0	ssp370	2053	311.69174	277.4349	426.4856688911095
BH	mri-esm2-0	ssp370	2054	308.5104	276.07602	838.7564452481456
BH	mri-esm2-0	ssp370	2055	310.308	273.285	780.6999434250984
BH	mri-esm2-0	ssp370	2056	310.447	276.84143	537.4266819446348
BH	mri-esm2-0	ssp370	2057	311.29395	277.87283	825.3919020295066
BH	mri-esm2-0	ssp370	2058	313.51926	276.3803	803.753329999723
BH	mri-esm2-0	ssp370	2059	311.36957	275.17838	470.2040673564624
BH	mri-esm2-0	ssp370	2060	308.24887	275.09293	475.7029933389276
BH	mri-esm2-0	ssp370	2061	311.16226	275.301	1009.4598900061011
BH	mri-esm2-0	ssp370	2062	309.00482	274.24637	563.0032817367464
BH	mri-esm2-0	ssp370	2063	312.37854	275.84262	250.7210277075501
BH	mri-esm2-0	ssp370	2064	312.1888	277.00443	720.8567110122927
BH	mri-esm2-0	ssp370	2065	310.34763	277.65625	398.22079818695784
BH	mri-esm2-0	ssp370	2066	313.07562	276.01987	577.4071471067145
BH	mri-esm2-0	ssp370	2067	314.18542	275.9495	662.317664595319
BH	mri-esm2-0	ssp370	2068	311.58496	275.94843	354.5404690783471
BH	mri-esm2-0	ssp370	2069	311.59534	274.61124	515.8161363797262
BH	mri-esm2-0	ssp370	2070	310.43616	275.66336	1086.1272497568232
CC	access-cm2	ssp245	2041	310.0417	277.82025	1035.4371816501746
CC	access-cm2	ssp245	2042	310.59488	273.8885	794.613810069859
CC	access-cm2	ssp245	2043	311.74432	277.7654	1469.10580733092
CC	access-cm2	ssp245	2044	310.46106	278.35956	732.0045848144218
CC	access-cm2	ssp245	2045	309.5924	278.0565	1193.6232547158993
CC	access-cm2	ssp245	2046	309.39792	276.5066	1079.8037208267488
CC	access-cm2	ssp245	2047	311.8946	278.64017	1092.464909436215
CC	access-cm2	ssp245	2048	310.92523	278.00232	829.3053201574367
CC	access-cm2	ssp245	2049	313.408	273.95972	548.70272311382
CC	access-cm2	ssp245	2050	310.3883	274.22137	1149.4773876853023
CC	access-cm2	ssp245	2051	310.99075	278.164	650.6907914299518
CC	access-cm2	ssp245	2052	313.5085	277.28326	885.7718463521451
CC	access-cm2	ssp245	2053	312.0426	277.66516	865.0997509248555
CC	access-cm2	ssp245	2054	314.5148	279.1677	399.1487097577192
CC	access-cm2	ssp245	2055	311.8797	277.42566	829.8076310078511
CC	access-cm2	ssp245	2056	312.16125	276.60117	1247.649094418719
CC	access-cm2	ssp245	2057	312.76724	276.45444	1033.4038018248707
CC	access-cm2	ssp245	2058	311.26422	278.41406	1731.2919169664033
CC	access-cm2	ssp245	2059	315.40405	277.96814	1680.252323183192
CC	access-cm2	ssp245	2060	312.17172	277.85812	721.0978373070232
CC	access-cm2	ssp245	2061	313.21805	277.681	744.6097876410931
CC	access-cm2	ssp245	2062	309.26938	275.78366	1128.2102517317633
CC	access-cm2	ssp245	2063	311.407	278.81784	972.0318001694875
CC	access-cm2	ssp245	2064	313.01135	278.13126	1241.2017807830068
CC	access-cm2	ssp245	2065	312.2918	276.985	1154.3363013071885
CC	access-cm2	ssp245	2066	312.5099	277.87512	745.8042239304632
CC	access-cm2	ssp245	2067	312.74005	275.4489	532.5780186569318
CC	access-cm2	ssp245	2068	311.3571	276.52768	938.5907033923983
CC	access-cm2	ssp245	2069	311.0996	277.84378	1213.9098403276525
CC	access-cm2	ssp245	2070	310.03854	278.75537	1364.8746908059852
CC	access-cm2	ssp370	2041	310.30884	277.15323	735.5557002592832
CC	access-cm2	ssp370	2042	311.006	277.84726	986.5978093177181
CC	access-cm2	ssp370	2043	310.62033	278.12332	759.2360862996192
CC	access-cm2	ssp370	2044	311.57474	277.66562	1059.3233164865396
CC	access-cm2	ssp370	2045	309.99368	278.21954	1001.6625581541897
CC	access-cm2	ssp370	2046	310.129	277.7277	1409.288188337792
CC	access-cm2	ssp370	2047	311.71002	272.81174	889.3532466609031
CC	access-cm2	ssp370	2048	310.23724	275.81863	691.5634750854224
CC	access-cm2	ssp370	2049	311.14746	278.6827	1393.0667002452185
CC	access-cm2	ssp370	2050	313.482	273.91223	867.9736760677519
CC	access-cm2	ssp370	2051	310.40115	275.5991	848.3512738253921
CC	access-cm2	ssp370	2052	309.8768	278.93515	1403.2492010272028
CC	access-cm2	ssp370	2053	312.58258	276.95023	916.2763014435768
CC	access-cm2	ssp370	2054	310.02667	277.6547	598.6964496318251
CC	access-cm2	ssp370	2055	312.03918	277.07837	663.0514377727925
CC	access-cm2	ssp370	2056	309.93045	276.97324	619.426186569035
CC	access-cm2	ssp370	2057	311.08707	276.90515	882.9342033248395
CC	access-cm2	ssp370	2058	313.27637	277.44702	1124.8342830687352
CC	access-cm2	ssp370	2059	311.5063	278.0898	769.212340125523
CC	access-cm2	ssp370	2060	310.43744	278.64505	920.2498981263302
CC	access-cm2	ssp370	2061	310.80463	278.5333	1347.0849116448835
CC	access-cm2	ssp370	2062	311.1319	279.34274	1337.7591541036752
CC	access-cm2	ssp370	2063	308.7254	277.06607	776.6764015483204
CC	access-cm2	ssp370	2064	309.6515	277.57242	1975.984677008769
CC	access-cm2	ssp370	2065	314.98712	278.06747	1151.0093938093548
CC	access-cm2	ssp370	2066	312.56436	276.85193	1009.3589477415662
CC	access-cm2	ssp370	2067	313.19257	276.50153	621.8306636321358
CC	access-cm2	ssp370	2068	310.70865	279.56882	1133.150296885264
CC	access-cm2	ssp370	2069	311.53134	277.5402	1677.5949466041795
CC	access-cm2	ssp370	2070	312.78348	279.15488	928.5203906649045
CC	cnrm-esm2-1	ssp245	2041	311.50293	276.23343	1450.01169727182
CC	cnrm-esm2-1	ssp245	2042	311.20422	276.83472	1098.251488711685
CC	cnrm-esm2-1	ssp245	2043	309.4388	276.413	1034.9374373908981
CC	cnrm-esm2-1	ssp245	2044	310.5501	276.6641	741.9516689493321
CC	cnrm-esm2-1	ssp245	2045	309.21344	276.20715	1234.0395783190452
CC	cnrm-esm2-1	ssp245	2046	311.4928	277.76065	818.3591547072429
CC	cnrm-esm2-1	ssp245	2047	311.48462	276.46307	1498.7337210215392
CC	cnrm-esm2-1	ssp245	2048	310.5757	276.9201	707.2854392579757
CC	cnrm-esm2-1	ssp245	2049	309.29892	278.21237	1075.9765795140786
CC	cnrm-esm2-1	ssp245	2050	311.44254	277.48956	843.703895970224
CC	cnrm-esm2-1	ssp245	2051	310.98297	277.97488	898.4919924172434
CC	cnrm-esm2-1	ssp245	2052	309.89908	277.12906	1303.0782745219603
CC	cnrm-esm2-1	ssp245	2053	309.26163	275.55972	767.347868392244
CC	cnrm-esm2-1	ssp245	2054	310.84302	274.74652	1454.5315342023816
CC	cnrm-esm2-1	ssp245	2055	313.35013	277.4019	1384.9897939944171
CC	cnrm-esm2-1	ssp245	2056	311.33255	276.08	853.8844313006609
CC	cnrm-esm2-1	ssp245	2057	309.8472	276.15665	579.3812732677907
CC	cnrm-esm2-1	ssp245	2058	307.88885	276.2114	1239.034570148187
CC	cnrm-esm2-1	ssp245	2059	309.71808	279.5792	1759.3340646169568
CC	cnrm-esm2-1	ssp245	2060	310.93808	275.7848	1494.6286110206956
CC	cnrm-esm2-1	ssp245	2061	310.9775	278.57455	1159.733712812868
CC	cnrm-esm2-1	ssp245	2062	310.13272	275.10846	944.8675893494494
CC	cnrm-esm2-1	ssp245	2063	311.61618	277.92328	1392.0783977955093
CC	cnrm-esm2-1	ssp245	2064	310.5157	276.0789	1055.406083283006
CC	cnrm-esm2-1	ssp245	2065	310.29764	276.33072	544.2929325305158
CC	cnrm-esm2-1	ssp245	2066	310.877	279.5869	1156.8941158853431
CC	cnrm-esm2-1	ssp245	2067	311.15332	276.10547	1032.8234542510472
CC	cnrm-esm2-1	ssp245	2068	311.33792	276.3792	981.4139029593034
CC	cnrm-esm2-1	ssp245	2069	310.0442	277.73676	641.1959201912396
CC	cnrm-esm2-1	ssp245	2070	311.88797	278.391	1010.3687049821019
CC	cnrm-esm2-1	ssp370	2041	311.48245	276.93527	908.6095099672082
CC	cnrm-esm2-1	ssp370	2042	307.971	276.1308	823.7750272499397
CC	cnrm-esm2-1	ssp370	2043	308.44998	276.33743	1102.183604560533
CC	cnrm-esm2-1	ssp370	2044	310.9156	277.29633	854.9231310957043
CC	cnrm-esm2-1	ssp370	2045	310.7501	274.58282	1400.908800261059
CC	cnrm-esm2-1	ssp370	2046	308.24133	278.19977	892.8907195760985
CC	cnrm-esm2-1	ssp370	2047	307.84778	273.8583	871.9654650427401
CC	cnrm-esm2-1	ssp370	2048	308.22507	276.43765	1224.7918277978588
CC	cnrm-esm2-1	ssp370	2049	310.51196	279.1782	1070.5576440668442
CC	cnrm-esm2-1	ssp370	2050	309.11975	277.62793	1159.253541659529
CC	cnrm-esm2-1	ssp370	2051	310.76892	277.5239	1258.774328045526
CC	cnrm-esm2-1	ssp370	2052	309.5909	277.00198	980.0067044212274
CC	cnrm-esm2-1	ssp370	2053	310.86005	279.11453	1190.2001482201597
CC	cnrm-esm2-1	ssp370	2054	308.90866	278.5556	1066.4758215076145
CC	cnrm-esm2-1	ssp370	2055	312.44543	276.19855	1184.8345000674883
CC	cnrm-esm2-1	ssp370	2056	311.68884	277.33292	1145.8129854755962
CC	cnrm-esm2-1	ssp370	2057	310.7214	274.97516	1149.3489793909248
CC	cnrm-esm2-1	ssp370	2058	310.72116	277.9618	695.0835475232385
CC	cnrm-esm2-1	ssp370	2059	310.0937	277.42902	816.3244341441873
CC	cnrm-esm2-1	ssp370	2060	310.67862	277.23666	1238.491543522086
CC	cnrm-esm2-1	ssp370	2061	310.91077	277.23288	1014.5042246323522
CC	cnrm-esm2-1	ssp370	2062	311.69266	278.59418	769.5187558012287
CC	cnrm-esm2-1	ssp370	2063	311.0629	277.18927	1097.974956314985
CC	cnrm-esm2-1	ssp370	2064	311.62787	276.1014	1204.3305239028532
CC	cnrm-esm2-1	ssp370	2065	311.0986	279.13205	444.87113733775914
CC	cnrm-esm2-1	ssp370	2066	312.16434	276.63434	1075.7599270669689
CC	cnrm-esm2-1	ssp370	2067	311.47485	279.4496	978.2172467792245
CC	cnrm-esm2-1	ssp370	2068	311.03806	277.60727	1184.0037090063347
CC	cnrm-esm2-1	ssp370	2069	309.73398	279.8321	1638.0526457447281
CC	cnrm-esm2-1	ssp370	2070	311.5013	278.06168	431.5875956788659
CC	ec-earth3-veg	ssp245	2041	310.15686	275.21817	732.4932685762116
CC	ec-earth3-veg	ssp245	2042	310.27005	278.4954	1383.895900938623
CC	ec-earth3-veg	ssp245	2043	308.47687	278.46277	1285.0442619994071
CC	ec-earth3-veg	ssp245	2044	309.84775	276.34747	976.406589418184
CC	ec-earth3-veg	ssp245	2045	309.93393	276.82214	901.4319332200103
CC	ec-earth3-veg	ssp245	2046	309.91013	276.83365	857.3980830958931
CC	ec-earth3-veg	ssp245	2047	310.5816	278.40027	730.6980755121825
CC	ec-earth3-veg	ssp245	2048	311.33716	278.52396	1241.028707579199
CC	ec-earth3-veg	ssp245	2049	310.0374	277.93387	881.0110086982604
CC	ec-earth3-veg	ssp245	2050	312.1428	276.65402	1096.7678773915202
CC	ec-earth3-veg	ssp245	2051	308.85568	278.64456	1388.0269611545243
CC	ec-earth3-veg	ssp245	2052	310.33774	279.1741	1112.7487622201443
CC	ec-earth3-veg	ssp245	2053	308.67517	279.63016	954.2758199851874
CC	ec-earth3-veg	ssp245	2054	310.67380000000003	276.59015	475.14936748193577
CC	ec-earth3-veg	ssp245	2055	309.95242	277.66684	551.9431755761616
CC	ec-earth3-veg	ssp245	2056	310.1861	279.02847	1206.6470353805598
CC	ec-earth3-veg	ssp245	2057	309.61917	276.97537	945.1913814176779
CC	ec-earth3-veg	ssp245	2058	309.0046	277.7819	931.6147561417663
CC	ec-earth3-veg	ssp245	2059	309.30865	279.21994	895.2737146988511
CC	ec-earth3-veg	ssp245	2060	312.9051	278.06052	780.1872418960556
CC	ec-earth3-veg	ssp245	2061	311.80588	274.4443	1100.8579772896708
CC	ec-earth3-veg	ssp245	2062	310.1111	277.19815	575.036959676072
CC	ec-earth3-veg	ssp245	2063	309.08023	278.50137	797.410288313378
CC	ec-earth3-veg	ssp245	2064	312.23904	277.56863	1470.5667281057656
CC	ec-earth3-veg	ssp245	2065	310.92703	277.83267	704.2889781296253
CC	ec-earth3-veg	ssp245	2066	311.49606	279.0262	1598.434369638539
CC	ec-earth3-veg	ssp245	2067	309.44162	278.49323	1421.5118380263252
CC	ec-earth3-veg	ssp245	2068	308.65488	278.32004	1040.382613800466
CC	ec-earth3-veg	ssp245	2069	310.75195	278.64807	790.7266586786136
CC	ec-earth3-veg	ssp245	2070	309.78427	278.11453	1263.286496791966
CC	ec-earth3-veg	ssp370	2041	310.46854	273.24194	929.2515746201362
CC	ec-earth3-veg	ssp370	2042	311.94888	271.49695	1071.264235046654
CC	ec-earth3-veg	ssp370	2043	309.4248	279.11374	1828.087599947995
CC	ec-earth3-veg	ssp370	2044	310.30353	278.02948	1394.8638457164272
CC	ec-earth3-veg	ssp370	2045	310.7604	274.1085	641.8604609440081
CC	ec-earth3-veg	ssp370	2046	310.48328	275.31387	825.4475868889085
CC	ec-earth3-veg	ssp370	2047	307.8467	271.83777	885.7367140240735
CC	ec-earth3-veg	ssp370	2048	308.87778	279.68298	1177.1423072204705
CC	ec-earth3-veg	ssp370	2049	309.52014	275.17343	946.3797781791045
CC	ec-earth3-veg	ssp370	2050	310.32565	276.5582	1037.394450441917
CC	ec-earth3-veg	ssp370	2051	309.83414	274.6926	420.368971908465
CC	ec-earth3-veg	ssp370	2052	308.16498	279.27304	1401.0336650535012
CC	ec-earth3-veg	ssp370	2053	311.4401	278.2635	1362.9598321392973
CC	ec-earth3-veg	ssp370	2054	310.96515	277.41763	856.2635636888149
CC	ec-earth3-veg	ssp370	2055	309.84784	277.95483	1496.0665432736091
CC	ec-earth3-veg	ssp370	2056	307.3491	276.0299	986.8535241708597
CC	ec-earth3-veg	ssp370	2057	312.32272	275.5333	547.0055668847635
CC	ec-earth3-veg	ssp370	2058	310.06268	275.2244	1096.0690374980804
CC	ec-earth3-veg	ssp370	2059	311.36884	274.56595	1486.4325601549135
CC	ec-earth3-veg	ssp370	2060	310.49075	278.77856	1617.2301478567324
CC	ec-earth3-veg	ssp370	2061	310.63782	279.76184	1514.2747927355028
CC	ec-earth3-veg	ssp370	2062	311.73676	278.42804	727.1666276268661
CC	ec-earth3-veg	ssp370	2063	309.0654	277.9057	1016.2246494437411
CC	ec-earth3-veg	ssp370	2064	309.27	280.28128	871.9380310736551
CC	ec-earth3-veg	ssp370	2065	312.78287	277.9183	948.2952687889256
CC	ec-earth3-veg	ssp370	2066	309.54608	279.52206	1265.8896179862204
CC	ec-earth3-veg	ssp370	2067	309.1367	280.18826	1230.3958317381064
CC	ec-earth3-veg	ssp370	2068	311.2327	278.4619	990.7966218190128
CC	ec-earth3-veg	ssp370	2069	312.36337	278.07693	795.8863866515458
CC	ec-earth3-veg	ssp370	2070	313.79114	278.30325	625.3410526143853
CC	miroc6	ssp245	2041	309.48706	275.44806	829.9789576849435
CC	miroc6	ssp245	2042	308.39313	278.67496	1276.9244584254614
CC	miroc6	ssp245	2043	308.37912	276.95685	1064.328425377581
CC	miroc6	ssp245	2044	310.41425	278.00885	1463.5689125745396
CC	miroc6	ssp245	2045	311.75842	276.63458	484.1351430863142
CC	miroc6	ssp245	2046	309.98093	275.75644	836.2526621203622
CC	miroc6	ssp245	2047	308.68094	277.93033	847.5313658665799
CC	miroc6	ssp245	2048	309.07806	277.02264	1463.828956458011
CC	miroc6	ssp245	2049	308.1837	275.1096	797.706310992362
CC	miroc6	ssp245	2050	309.77124	275.89865	683.7909868801944
CC	miroc6	ssp245	2051	309.2975	276.56354	584.1297613922507
CC	miroc6	ssp245	2052	309.4822	276.79733	1385.0790843658374
CC	miroc6	ssp245	2053	310.26035	278.14062	1008.651801670203
CC	miroc6	ssp245	2054	309.54428	276.73004	824.013869214104
CC	miroc6	ssp245	2055	310.25055	278.62936	1322.8308146120912
CC	miroc6	ssp245	2056	309.4047	276.15292	1000.271976843942
CC	miroc6	ssp245	2057	311.033	276.08237	973.1508219614436
CC	miroc6	ssp245	2058	310.26312	275.6326	1305.310016433919
CC	miroc6	ssp245	2059	309.58102	276.43106	986.1788131180106
CC	miroc6	ssp245	2060	307.59604	278.62454	1954.4654336291724
CC	miroc6	ssp245	2061	310.3693	275.72183	380.2734701544978
CC	miroc6	ssp245	2062	311.2825	275.35333	607.6830493868329
CC	miroc6	ssp245	2063	311.4347	273.43265	657.2195612126961
CC	miroc6	ssp245	2064	310.62213	277.73438	752.2954138432397
CC	miroc6	ssp245	2065	310.82446	277.43396	1095.2529103145935
CC	miroc6	ssp245	2066	307.9436	277.30527	1479.330501984794
CC	miroc6	ssp245	2067	310.6536	275.73224	430.2336576394737
CC	miroc6	ssp245	2068	311.6457	276.23813	547.5584691739641
CC	miroc6	ssp245	2069	312.65585	276.414	1006.8060470279211
CC	miroc6	ssp245	2070	311.214	277.10477	603.150620427914
CC	miroc6	ssp370	2041	313.32507	275.96066	573.898343089968
CC	miroc6	ssp370	2042	309.36783	276.68085	949.8312790528657
CC	miroc6	ssp370	2043	310.40115	276.82352	547.7967714483176
CC	miroc6	ssp370	2044	313.00885	271.99777	498.104690189939
CC	miroc6	ssp370	2045	310.02713	278.1383	1313.048128263798
CC	miroc6	ssp370	2046	308.957	277.70297	962.0215790870038
CC	miroc6	ssp370	2047	310.21805	276.44095	680.3089790744707
CC	miroc6	ssp370	2048	309.67978	277.98618	939.007222268257
CC	miroc6	ssp370	2049	309.5584	278.9737	766.0822159959864
CC	miroc6	ssp370	2050	310.07864	276.77957	1018.8987574277958
CC	miroc6	ssp370	2051	309.6121	276.91986000000003	1290.7726762233983
CC	miroc6	ssp370	2052	308.59198	278.62238	1376.4689521864032
CC	miroc6	ssp370	2053	310.2685	277.5604	937.2869624756277
CC	miroc6	ssp370	2054	312.0267	278.41916	919.4946525559973
CC	miroc6	ssp370	2055	310.63757	277.91104	1522.5393132073384
CC	miroc6	ssp370	2056	309.9184	278.1619	1286.1135304905117
CC	miroc6	ssp370	2057	310.94934	276.83176	1011.9037952273844
CC	miroc6	ssp370	2058	312.27325	276.2115	604.2531408980722
CC	miroc6	ssp370	2059	312.362	274.05887	763.7993618147448
CC	miroc6	ssp370	2060	310.33286	277.49643	639.3261520250215
CC	miroc6	ssp370	2061	309.99142	278.79602	972.7020112797363
CC	miroc6	ssp370	2062	311.6447	278.2315	494.2911882244516
CC	miroc6	ssp370	2063	309.51932	275.2886	1234.9370321491733
CC	miroc6	ssp370	2064	311.05255	276.01352	1074.3088502087576
CC	miroc6	ssp370	2065	310.85416	275.8445	1034.729551523908
CC	miroc6	ssp370	2066	311.88712	276.41263	694.3192939739674
CC	miroc6	ssp370	2067	312.34308	276.89987	777.9217329109088
CC	miroc6	ssp370	2068	310.485	275.2426	1000.0987194478447
CC	miroc6	ssp370	2069	310.05453	279.21048	924.25791551359
CC	miroc6	ssp370	2070	309.81378	279.31183	751.5318520367146
CC	mpi-esm1-2-hr	ssp245	2041	306.80054	276.52274	1144.8494355193782
CC	mpi-esm1-2-hr	ssp245	2042	308.149	273.5613	861.3779470324303
CC	mpi-esm1-2-hr	ssp245	2043	313.17462	275.8229	442.9000129457563
CC	mpi-esm1-2-hr	ssp245	2044	310.27203	276.16684	736.8338909349404
CC	mpi-esm1-2-hr	ssp245	2045	308.3122	276.04465	1024.4249129231293
CC	mpi-esm1-2-hr	ssp245	2046	307.8793	277.5382	855.4889199323952
CC	mpi-esm1-2-hr	ssp245	2047	307.8771	275.48184	718.0922199971974
CC	mpi-esm1-2-hr	ssp245	2048	309.69193	277.80148	1329.6137055207262
CC	mpi-esm1-2-hr	ssp245	2049	310.95294	273.7499	691.256752749905
CC	mpi-esm1-2-hr	ssp245	2050	312.8215	276.94995	475.6632958073169
CC	mpi-esm1-2-hr	ssp245	2051	309.20847	275.58258	1099.3909765966205
CC	mpi-esm1-2-hr	ssp245	2052	309.99075	277.59198	963.9028419856656
CC	mpi-esm1-2-hr	ssp245	2053	310.4042	277.79614	1307.7498570084501
CC	mpi-esm1-2-hr	ssp245	2054	310.4549	275.4662	755.3085967898369
CC	mpi-esm1-2-hr	ssp245	2055	307.59735	277.69446	569.3001785315573
CC	mpi-esm1-2-hr	ssp245	2056	311.49466	277.95996	419.75414799526334
CC	mpi-esm1-2-hr	ssp245	2057	309.17276	275.8406	808.2422364503145
CC	mpi-esm1-2-hr	ssp245	2058	310.45444	275.97018	1041.4339005947113
CC	mpi-esm1-2-hr	ssp245	2059	308.40378	278.9922	717.2098829818424
CC	mpi-esm1-2-hr	ssp245	2060	309.83862	274.8301	1030.3968411841197
CC	mpi-esm1-2-hr	ssp245	2061	310.35886	273.12006	932.0815978688188
CC	mpi-esm1-2-hr	ssp245	2062	310.06177	274.16904	892.7398412721232
CC	mpi-esm1-2-hr	ssp245	2063	307.64096	273.22043	1255.6898146576523
CC	mpi-esm1-2-hr	ssp245	2064	309.41196	274.2589	742.0916422270238
CC	mpi-esm1-2-hr	ssp245	2065	310.9324	278.23892	810.472821816802
CC	mpi-esm1-2-hr	ssp245	2066	311.02808	277.39496	1184.3161722645
CC	mpi-esm1-2-hr	ssp245	2067	311.03693	278.86096	985.9180442523211
CC	mpi-esm1-2-hr	ssp245	2068	309.3836	278.775	597.465795034077
CC	mpi-esm1-2-hr	ssp245	2069	312.26035	273.89413	778.9680571993813
CC	mpi-esm1-2-hr	ssp245	2070	309.5111	278.62497	945.1725397375144
CC	mpi-esm1-2-hr	ssp370	2041	313.00217	276.36533	962.5470962840916
CC	mpi-esm1-2-hr	ssp370	2042	308.5154	276.4952	1008.3642530953512
CC	mpi-esm1-2-hr	ssp370	2043	309.6312	273.57605	984.1883846791421
CC	mpi-esm1-2-hr	ssp370	2044	310.94653	276.4412	778.8863581605256
CC	mpi-esm1-2-hr	ssp370	2045	308.92368	277.3227	1126.2433329596963
CC	mpi-esm1-2-hr	ssp370	2046	310.16507	277.0572	1123.3937042299417
CC	mpi-esm1-2-hr	ssp370	2047	307.17035	276.3824	952.8351804823609
CC	mpi-esm1-2-hr	ssp370	2048	308.42953	274.63672	679.3756457744166
CC	mpi-esm1-2-hr	ssp370	2049	310.62436	274.6895	677.2205956047337
CC	mpi-esm1-2-hr	ssp370	2050	308.6904	277.81815	869.0099200699292
CC	mpi-esm1-2-hr	ssp370	2051	311.33212	278.0025	784.6562686201437
CC	mpi-esm1-2-hr	ssp370	2052	309.33548	276.25916	1227.4455428472422
CC	mpi-esm1-2-hr	ssp370	2053	312.76624	278.13943	1292.3862782888764
CC	mpi-esm1-2-hr	ssp370	2054	311.6964	277.60202	997.2179930191487
CC	mpi-esm1-2-hr	ssp370	2055	307.58063	273.78918	945.1281751425936
CC	mpi-esm1-2-hr	ssp370	2056	309.49982	276.5007	769.5053727831692
CC	mpi-esm1-2-hr	ssp370	2057	308.42422	276.90298	1333.376119576852
CC	mpi-esm1-2-hr	ssp370	2058	307.90134	277.9036	1158.5713058709953
CC	mpi-esm1-2-hr	ssp370	2059	306.75784	278.642	1081.226999731726
CC	mpi-esm1-2-hr	ssp370	2060	310.9634	278.4317	828.2273272052258
CC	mpi-esm1-2-hr	ssp370	2061	310.63013	276.451	782.7380528440626
CC	mpi-esm1-2-hr	ssp370	2062	310.2911	277.28476	938.908143418648
CC	mpi-esm1-2-hr	ssp370	2063	308.36435	279.22162	826.6236576950178
CC	mpi-esm1-2-hr	ssp370	2064	311.09653	276.65295	977.6921833050269
CC	mpi-esm1-2-hr	ssp370	2065	309.71152	277.80057	664.051112998277
CC	mpi-esm1-2-hr	ssp370	2066	309.51572	276.62924	966.6464600187714
CC	mpi-esm1-2-hr	ssp370	2067	311.16498	278.6619	942.5335864769295
CC	mpi-esm1-2-hr	ssp370	2068	309.34656	278.55634	1150.240250676858
CC	mpi-esm1-2-hr	ssp370	2069	308.85635	275.899	720.4784183297306
CC	mpi-esm1-2-hr	ssp370	2070	309.1424	277.56342	872.7378197538183
CC	mri-esm2-0	ssp245	2041	309.643	273.48004	1422.2020995395542
CC	mri-esm2-0	ssp245	2042	311.92438	274.16446	1175.3303328529
CC	mri-esm2-0	ssp245	2043	310.7179	277.2799	980.6966347969137
CC	mri-esm2-0	ssp245	2044	309.5641	279.09988	432.8483547200449
CC	mri-esm2-0	ssp245	2045	309.56433	278.37402	1521.552343794588
CC	mri-esm2-0	ssp245	2046	311.54236	277.64093	1214.7883063181596
CC	mri-esm2-0	ssp245	2047	308.2302	274.92184	797.7370783395507
CC	mri-esm2-0	ssp245	2048	310.632	274.32303	762.4749291222506
CC	mri-esm2-0	ssp245	2049	309.68277	277.82574	904.7431068116332
CC	mri-esm2-0	ssp245	2050	308.9454	277.0798	1056.5812928485652
CC	mri-esm2-0	ssp245	2051	308.16132	275.22107	1010.1104095112316
CC	mri-esm2-0	ssp245	2052	310.34412	276.0285	706.9873220985755
CC	mri-esm2-0	ssp245	2053	309.31894	277.50623	927.3542986193063
CC	mri-esm2-0	ssp245	2054	310.02533	276.74094	1024.378083832562
CC	mri-esm2-0	ssp245	2055	310.78244	277.10892	438.84913296788
CC	mri-esm2-0	ssp245	2056	308.50525	278.3772	846.4370856061578
CC	mri-esm2-0	ssp245	2057	309.3831	276.02277	1220.6489162519435
CC	mri-esm2-0	ssp245	2058	310.65146	278.11588	960.82925205118
CC	mri-esm2-0	ssp245	2059	309.81995	277.82184	875.4120881203531
CC	mri-esm2-0	ssp245	2060	309.90567	275.97623	215.72176017507445
CC	mri-esm2-0	ssp245	2061	309.782	277.21283	855.1321359467677
CC	mri-esm2-0	ssp245	2062	309.48648	278.11105	981.180085579399
CC	mri-esm2-0	ssp245	2063	310.507	276.2703	1059.733422263521
CC	mri-esm2-0	ssp245	2064	309.9727	277.0139	1415.471102303081
CC	mri-esm2-0	ssp245	2065	310.53113	276.11868	939.6587023394959
CC	mri-esm2-0	ssp245	2066	311.1735	277.70892	1016.096163354814
CC	mri-esm2-0	ssp245	2067	310.06085	274.84488	773.7092529307067
CC	mri-esm2-0	ssp245	2068	311.68536	278.70135	716.5683786850423
CC	mri-esm2-0	ssp245	2069	310.97833	277.99042	685.6118081370198
CC	mri-esm2-0	ssp245	2070	311.2513	277.92606	1678.2627651001908
CC	mri-esm2-0	ssp370	2041	310.434	276.3737	744.4866861915216
CC	mri-esm2-0	ssp370	2042	311.0086	276.7513	618.934991536662
CC	mri-esm2-0	ssp370	2043	309.78354	278.246	754.5810091425665
CC	mri-esm2-0	ssp370	2044	309.83594	277.0529	841.3551421137527
CC	mri-esm2-0	ssp370	2045	311.69647	275.47974	569.5355906209443
CC	mri-esm2-0	ssp370	2046	308.34552	277.32513	1262.6382335641758
CC	mri-esm2-0	ssp370	2047	312.83292	276.90067	1450.5634004249737
CC	mri-esm2-0	ssp370	2048	310.60168	275.87186	664.0031588729471
CC	mri-esm2-0	ssp370	2049	313.16397	276.613	1209.8388737998464
CC	mri-esm2-0	ssp370	2050	308.34372	277.5255	1398.9770672516704
CC	mri-esm2-0	ssp370	2051	311.51654	277.1584	1397.431598429077
CC	mri-esm2-0	ssp370	2052	308.4906	276.36145	948.7457390874486
CC	mri-esm2-0	ssp370	2053	310.0557	278.75195	824.2221739143133
CC	mri-esm2-0	ssp370	2054	309.032	277.29788	1212.5410669483122
CC	mri-esm2-0	ssp370	2055	309.51578	273.99716	966.4990990888214
CC	mri-esm2-0	ssp370	2056	310.88324	278.58453	934.3480315874331
CC	mri-esm2-0	ssp370	2057	310.94617	278.8333	942.0312267200597
CC	mri-esm2-0	ssp370	2058	314.04532	277.69168	892.0479375868971
CC	mri-esm2-0	ssp370	2059	310.79526	276.0533	730.1141058560461
CC	mri-esm2-0	ssp370	2060	307.35907	276.5321	731.3847732497379
CC	mri-esm2-0	ssp370	2061	311.58386	276.28912	1229.5033952628537
CC	mri-esm2-0	ssp370	2062	309.84027	275.61798	777.401082823053
CC	mri-esm2-0	ssp370	2063	312.3136	276.0795	373.66062914952636
CC	mri-esm2-0	ssp370	2064	312.32672	278.12283	1026.3423717347596
CC	mri-esm2-0	ssp370	2065	310.32605	278.11737	736.7056399583817
CC	mri-esm2-0	ssp370	2066	308.93292	277.21198	1044.1072723595216
CC	mri-esm2-0	ssp370	2067	313.2264	277.2727	928.5772050381429
CC	mri-esm2-0	ssp370	2068	311.17935	276.92438	769.0314025618136
CC	mri-esm2-0	ssp370	2069	311.85864	276.398	727.7290478814222
CC	mri-esm2-0	ssp370	2070	310.0956	276.96902	1354.8206996870963
CP2	access-cm2	ssp245	2041	300.9507	267.04462	1309.5904625952098
CP2	access-cm2	ssp245	2042	300.4092	262.86914	1570.6018420052335
CP2	access-cm2	ssp245	2043	302.1946	268.37283	2032.6538083143046
CP2	access-cm2	ssp245	2044	299.9037	269.46042	819.1138987778686
CP2	access-cm2	ssp245	2045	300.15744	267.17285	1375.0562784843833
CP2	access-cm2	ssp245	2046	299.9071	267.04474	1666.5986816282293
CP2	access-cm2	ssp245	2047	302.2835	269.21573	1200.396246858853
CP2	access-cm2	ssp245	2048	301.0969	268.66055	1152.5087513728067
CP2	access-cm2	ssp245	2049	303.1565	265.0204	634.5092501258478
CP2	access-cm2	ssp245	2050	300.63345	264.1972	1302.4397180880992
CP2	access-cm2	ssp245	2051	300.76373	269.63165	882.2139546100516
CP2	access-cm2	ssp245	2052	302.7047	268.15643	1567.439968942199
CP2	access-cm2	ssp245	2053	302.09674	266.8943	1143.6556241009232
CP2	access-cm2	ssp245	2054	303.62225	270.1099	543.6978172743445
CP2	access-cm2	ssp245	2055	301.78082	268.27792	1362.4609951686402
CP2	access-cm2	ssp245	2056	302.00104	267.09888	1791.149561014026
CP2	access-cm2	ssp245	2057	302.38882	265.92572	1385.6238298583323
CP2	access-cm2	ssp245	2058	301.85248	267.57684	2283.1739938413716
CP2	access-cm2	ssp245	2059	304.68643	266.7037	1998.185021476777
CP2	access-cm2	ssp245	2060	301.69534	268.31183	992.1399439685015
CP2	access-cm2	ssp245	2061	303.0583	269.62155	1429.6550849452615
CP2	access-cm2	ssp245	2062	299.8465	266.27252	1553.325779316929
CP2	access-cm2	ssp245	2063	301.86130000000003	269.46805	1021.9443833688274
CP2	access-cm2	ssp245	2064	303.10223	268.5762	1239.5976592786587
CP2	access-cm2	ssp245	2065	301.88568	267.0846	1801.3183803297313
CP2	access-cm2	ssp245	2066	302.1443	269.15952	819.9078756559175
CP2	access-cm2	ssp245	2067	302.76743	267.37897	643.4842187329195
CP2	access-cm2	ssp245	2068	300.24484	265.45895	1516.2864767247625
CP2	access-cm2	ssp245	2069	300.89426	268.0344	2093.440619017895
CP2	access-cm2	ssp245	2070	299.7706	268.7345	1361.897634621709
CP2	access-cm2	ssp370	2041	300.51147	267.3964	965.5862331390299
CP2	access-cm2	ssp370	2042	300.46103	265.06888	1423.7595240468795
CP2	access-cm2	ssp370	2043	300.38834	267.74542	887.3153890133631
CP2	access-cm2	ssp370	2044	301.71884	267.78485	1342.1002892777058
CP2	access-cm2	ssp370	2045	300.5016	267.94763	1056.3594668288708
CP2	access-cm2	ssp370	2046	300.4846	267.86813	2030.683254101248
CP2	access-cm2	ssp370	2047	301.49716	262.44626	1311.4997851196572
CP2	access-cm2	ssp370	2048	299.64288	265.6975	1209.709837334214
CP2	access-cm2	ssp370	2049	301.21204	268.42505	1517.8186211501938
CP2	access-cm2	ssp370	2050	303.33792	263.2391	1425.4049200331563
CP2	access-cm2	ssp370	2051	300.7626	265.62488	1383.995707402936
CP2	access-cm2	ssp370	2052	299.4067	268.3942	1921.4148886967105
CP2	access-cm2	ssp370	2053	302.67496	267.18155	1205.2698832936585
CP2	access-cm2	ssp370	2054	299.6358	268.78632	719.991965778172
CP2	access-cm2	ssp370	2055	301.37006	267.40506	808.3583084167851
CP2	access-cm2	ssp370	2056	300.21762	268.1624	698.6244193918537
CP2	access-cm2	ssp370	2057	300.4294	267.62503	1343.8499654643194
CP2	access-cm2	ssp370	2058	303.0661	267.31226	1610.990727867427
CP2	access-cm2	ssp370	2059	301.43832	268.15356	888.0672611296177
CP2	access-cm2	ssp370	2060	300.3868	268.8618	1037.0737964403595
CP2	access-cm2	ssp370	2061	300.87167	268.50885	1647.5717954802515
CP2	access-cm2	ssp370	2062	300.98083	269.53323	1582.5400221976013
CP2	access-cm2	ssp370	2063	298.6242	267.23743	1645.9951827535206
CP2	access-cm2	ssp370	2064	300.01178	267.78433	2197.2300164226563
CP2	access-cm2	ssp370	2065	304.11914	267.28156	1394.2334567662108
CP2	access-cm2	ssp370	2066	302.43045	266.95367	1212.2493012808131
CP2	access-cm2	ssp370	2067	303.11957	266.40427	1128.8838422682318
CP2	access-cm2	ssp370	2068	299.8186	270.64288	1658.9748586295134
CP2	access-cm2	ssp370	2069	301.72394	266.75955	2874.8316344338737
CP2	access-cm2	ssp370	2070	302.5556	269.15863	1297.1440806984765
CP2	cnrm-esm2-1	ssp245	2041	300.99194	265.91226	1717.7193146897284
CP2	cnrm-esm2-1	ssp245	2042	300.8888	267.4605	1432.8027789713472
CP2	cnrm-esm2-1	ssp245	2043	299.42957	268.91852	1355.9652512892892
CP2	cnrm-esm2-1	ssp245	2044	300.38718	267.5383	938.803888717659
CP2	cnrm-esm2-1	ssp245	2045	299.33136	266.42380000000003	1544.478106463776
CP2	cnrm-esm2-1	ssp245	2046	301.17178	267.35907	749.6128653874621
CP2	cnrm-esm2-1	ssp245	2047	301.67722	266.02505	1784.1536568710037
CP2	cnrm-esm2-1	ssp245	2048	300.41183	267.64536	827.8327470179647
CP2	cnrm-esm2-1	ssp245	2049	299.02502	269.61365	1225.1610032748245
CP2	cnrm-esm2-1	ssp245	2050	301.04663	268.7859	1044.6168765658233
CP2	cnrm-esm2-1	ssp245	2051	301.1295	268.31372	1145.9200656507005
CP2	cnrm-esm2-1	ssp245	2052	299.9919	266.75198	1990.2056868653588
CP2	cnrm-esm2-1	ssp245	2053	299.33456	266.8631	1205.6488039903186
CP2	cnrm-esm2-1	ssp245	2054	300.80804	264.30554	2113.492117077085
CP2	cnrm-esm2-1	ssp245	2055	302.6422	266.99088	1870.9705221466477
CP2	cnrm-esm2-1	ssp245	2056	300.96503	266.14587	922.040784987602
CP2	cnrm-esm2-1	ssp245	2057	299.9984	265.8942	620.3334585414268
CP2	cnrm-esm2-1	ssp245	2058	297.53522	267.3218	1633.3677222020342
CP2	cnrm-esm2-1	ssp245	2059	300.09732	269.22787	1813.5833837091393
CP2	cnrm-esm2-1	ssp245	2060	300.80054	266.14954	1989.2491997102934
CP2	cnrm-esm2-1	ssp245	2061	300.5545	268.9014	1296.2139735929463
CP2	cnrm-esm2-1	ssp245	2062	300.399	264.4595	1253.6642546765302
CP2	cnrm-esm2-1	ssp245	2063	301.05338	268.77057	1272.1434864448206
CP2	cnrm-esm2-1	ssp245	2064	301.33493	264.47952	1430.0864910240941
CP2	cnrm-esm2-1	ssp245	2065	300.53632	266.3485	644.3986958940513
CP2	cnrm-esm2-1	ssp245	2066	300.81702	268.5744	1320.120219339133
CP2	cnrm-esm2-1	ssp245	2067	301.18756	266.9879	1465.6070826575026
CP2	cnrm-esm2-1	ssp245	2068	300.70663	267.68613	1485.552018857514
CP2	cnrm-esm2-1	ssp245	2069	300.0707	267.96918	885.1417916826813
CP2	cnrm-esm2-1	ssp245	2070	301.8953	269.85886	1139.5167786162156
CP2	cnrm-esm2-1	ssp370	2041	301.26526	267.31418	1058.9487019926307
CP2	cnrm-esm2-1	ssp370	2042	297.4494	265.6562	1302.795659378171
CP2	cnrm-esm2-1	ssp370	2043	298.99283	266.6465	1283.4904928924366
CP2	cnrm-esm2-1	ssp370	2044	300.13443	267.90558	1081.490991963067
CP2	cnrm-esm2-1	ssp370	2045	300.286	263.92468	1681.6847617271892
CP2	cnrm-esm2-1	ssp370	2046	298.47614	269.77133	1028.947757044793
CP2	cnrm-esm2-1	ssp370	2047	299.34717	265.75674	1107.4682436883236
CP2	cnrm-esm2-1	ssp370	2048	297.69644	266.74915	1619.6850760141042
CP2	cnrm-esm2-1	ssp370	2049	299.70245	268.9457	1373.1978599913093
CP2	cnrm-esm2-1	ssp370	2050	298.30466	268.03018	1624.6028199093228
CP2	cnrm-esm2-1	ssp370	2051	300.02798	268.0089	1819.8611810802818
CP2	cnrm-esm2-1	ssp370	2052	298.83258	267.5015	1147.4923445144564
CP2	cnrm-esm2-1	ssp370	2053	300.94153	268.03278	1548.059524688838
CP2	cnrm-esm2-1	ssp370	2054	298.97165	268.64334	1505.5928765097374
CP2	cnrm-esm2-1	ssp370	2055	302.43503	266.1387	1440.352458902599
CP2	cnrm-esm2-1	ssp370	2056	301.8188	266.95474	1405.483237956594
CP2	cnrm-esm2-1	ssp370	2057	300.72977	263.3647	1361.4616641250905
CP2	cnrm-esm2-1	ssp370	2058	300.60028	268.3931	670.3412361675873
CP2	cnrm-esm2-1	ssp370	2059	299.4658	266.5975	1164.180316007696
CP2	cnrm-esm2-1	ssp370	2060	300.02048	266.55838	1822.1087027107833
CP2	cnrm-esm2-1	ssp370	2061	301.02856	267.09836	953.1368563882922
CP2	cnrm-esm2-1	ssp370	2062	301.65063	268.47827	1288.6809316346903
CP2	cnrm-esm2-1	ssp370	2063	300.7669	270.13263	1209.4317144713887
CP2	cnrm-esm2-1	ssp370	2064	301.95444	266.387	1544.9717836919967
CP2	cnrm-esm2-1	ssp370	2065	300.2536	268.93573	646.8113333685324
CP2	cnrm-esm2-1	ssp370	2066	301.8138	265.69022	1614.342361298589
CP2	cnrm-esm2-1	ssp370	2067	301.09915	269.98212	1310.2781694615219
CP2	cnrm-esm2-1	ssp370	2068	301.14352	266.8881	1447.2677421290334
CP2	cnrm-esm2-1	ssp370	2069	300.49664	269.6862	2102.4963924195326
CP2	cnrm-esm2-1	ssp370	2070	301.15143	269.42825	543.8926732633263
CP2	ec-earth3-veg	ssp245	2041	299.71667	265.5678	1091.395707541934
CP2	ec-earth3-veg	ssp245	2042	300.19012	268.3917	1596.808544872302
CP2	ec-earth3-veg	ssp245	2043	297.79468	268.41156	1845.9580251713805
CP2	ec-earth3-veg	ssp245	2044	299.07242	265.39365	1300.419593509263
CP2	ec-earth3-veg	ssp245	2045	300.4078	267.07892	1123.3175759087096
CP2	ec-earth3-veg	ssp245	2046	299.2003	266.38315	1085.307055962022
CP2	ec-earth3-veg	ssp245	2047	300.2003	269.82727	938.6020062316607
CP2	ec-earth3-veg	ssp245	2048	301.09442	266.89456	1516.913070087302
CP2	ec-earth3-veg	ssp245	2049	299.16547	266.96744	1176.4858963899144
CP2	ec-earth3-veg	ssp245	2050	300.55212	265.70633	1633.9311193674348
CP2	ec-earth3-veg	ssp245	2051	298.73206	269.58954	1562.955096649224
CP2	ec-earth3-veg	ssp245	2052	300.55875	268.84656	1592.971694958356
CP2	ec-earth3-veg	ssp245	2053	298.54266	270.63278	1252.5653079617528
CP2	ec-earth3-veg	ssp245	2054	299.99396	265.35175	612.9859878332354
CP2	ec-earth3-veg	ssp245	2055	298.85083	267.12897	650.3919453592971
CP2	ec-earth3-veg	ssp245	2056	300.53656	269.53345	1654.5982067123618
CP2	ec-earth3-veg	ssp245	2057	299.31226	266.65335	1281.9423268781661
CP2	ec-earth3-veg	ssp245	2058	298.3802	269.5316	1490.7620841404057
CP2	ec-earth3-veg	ssp245	2059	300.24988	269.32095	926.5816996805149
CP2	ec-earth3-veg	ssp245	2060	302.9835	267.618	1116.273626801535
CP2	ec-earth3-veg	ssp245	2061	301.3017	262.77228	1507.8162412857407
CP2	ec-earth3-veg	ssp245	2062	299.43967	266.69498	843.9329727552831
CP2	ec-earth3-veg	ssp245	2063	298.846	269.12567	1142.68142839427
CP2	ec-earth3-veg	ssp245	2064	301.57904	265.8099	1739.9531189031861
CP2	ec-earth3-veg	ssp245	2065	301.5105	266.33963	1087.5261370092592
CP2	ec-earth3-veg	ssp245	2066	300.87518	267.72214	2369.9335142969435
CP2	ec-earth3-veg	ssp245	2067	299.36328	267.48212	2174.4970140046494
CP2	ec-earth3-veg	ssp245	2068	298.51355	267.65555	1387.850656884234
CP2	ec-earth3-veg	ssp245	2069	301.20908	268.84732	1007.5264049693942
CP2	ec-earth3-veg	ssp245	2070	300.7931	267.57584	1650.6988832261377
CP2	ec-earth3-veg	ssp370	2041	300.3034	265.2439	1181.705686775961
CP2	ec-earth3-veg	ssp370	2042	301.9877	261.80023	1733.3070111460675
CP2	ec-earth3-veg	ssp370	2043	299.53848	268.4784	2351.75137122857
CP2	ec-earth3-veg	ssp370	2044	300.58435	267.28616	2031.1994183517209
CP2	ec-earth3-veg	ssp370	2045	300.24533	263.17538	985.7915060128887
CP2	ec-earth3-veg	ssp370	2046	299.8198	264.89975	1064.311026432537
CP2	ec-earth3-veg	ssp370	2047	298.0377	263.5087	1115.346784237739
CP2	ec-earth3-veg	ssp370	2048	298.58627	270.13278	1347.442820901044
CP2	ec-earth3-veg	ssp370	2049	300.0032	264.8555	1324.3507391656326
CP2	ec-earth3-veg	ssp370	2050	299.78906	265.5094	1487.9733708919732
CP2	ec-earth3-veg	ssp370	2051	299.21243	266.1059	691.8021443299949
CP2	ec-earth3-veg	ssp370	2052	298.64072	267.27267	1945.5517007968804
CP2	ec-earth3-veg	ssp370	2053	301.415	266.62613	1820.6707610282926
CP2	ec-earth3-veg	ssp370	2054	299.96573	266.13882	949.2216379846959
CP2	ec-earth3-veg	ssp370	2055	299.59988	266.88504	1840.2970391674464
CP2	ec-earth3-veg	ssp370	2056	297.8483	267.04977	1158.0019674031041
CP2	ec-earth3-veg	ssp370	2057	301.7012	265.9311	801.2822806136501
CP2	ec-earth3-veg	ssp370	2058	299.73132	265.3488	1825.8589696604436
CP2	ec-earth3-veg	ssp370	2059	299.74738	262.74493	2020.8429716527135
CP2	ec-earth3-veg	ssp370	2060	300.70428	268.13397	1952.1868083276343
CP2	ec-earth3-veg	ssp370	2061	300.63873	269.47946	1492.8547885094054
CP2	ec-earth3-veg	ssp370	2062	301.7064	268.24857	1014.363950863476
CP2	ec-earth3-veg	ssp370	2063	299.82574	266.42017	1488.6620508971973
CP2	ec-earth3-veg	ssp370	2064	298.11475	269.3305	1664.6146313985578
CP2	ec-earth3-veg	ssp370	2065	302.2439	267.7334	1423.0475229676608
CP2	ec-earth3-veg	ssp370	2066	298.83127	269.23862	1915.3937674127237
CP2	ec-earth3-veg	ssp370	2067	298.66638	269.19897	1598.7047589383828
CP2	ec-earth3-veg	ssp370	2068	301.3059	268.1109	1541.1026498302358
CP2	ec-earth3-veg	ssp370	2069	301.26596	267.567	1165.781359991505
CP2	ec-earth3-veg	ssp370	2070	303.1609	268.13104	596.9830612186342
CP2	miroc6	ssp245	2041	300.0258	264.9481	882.0172505686021
CP2	miroc6	ssp245	2042	297.47684	268.21375	2203.056840738228
CP2	miroc6	ssp245	2043	297.94003	267.46957	1529.1925705969084
CP2	miroc6	ssp245	2044	298.01694	267.0256	1976.5486232936203
CP2	miroc6	ssp245	2045	301.21863	266.69098	492.8364954132121
CP2	miroc6	ssp245	2046	301.74176	266.71268	1064.9216554127602
CP2	miroc6	ssp245	2047	298.64252	267.7136	1153.656122437649
CP2	miroc6	ssp245	2048	298.2258	267.7041	1994.8715194710223
CP2	miroc6	ssp245	2049	297.44586	265.21048	1414.820744516298
CP2	miroc6	ssp245	2050	301.0214	265.60147	769.4822902791093
CP2	miroc6	ssp245	2051	301.08047	267.934	719.8332737199962
CP2	miroc6	ssp245	2052	299.52625	266.7078	1851.5698157949068
CP2	miroc6	ssp245	2053	299.32416	268.32187	1213.3700317236974
CP2	miroc6	ssp245	2054	298.5865	266.35812	1083.378165596506
CP2	miroc6	ssp245	2055	300.43732	269.421	1260.1942136941884
CP2	miroc6	ssp245	2056	298.904	266.14603	1170.4931256361135
CP2	miroc6	ssp245	2057	300.30118	267.0613	1688.4257661702275
CP2	miroc6	ssp245	2058	299.0079	266.1979	1758.6699399863908
CP2	miroc6	ssp245	2059	299.0479	268.43573	1346.0392989800118
CP2	miroc6	ssp245	2060	297.7448	268.04044	2742.74529470128
CP2	miroc6	ssp245	2061	299.33713	268.5408	479.5939360745251
CP2	miroc6	ssp245	2062	302.19327	264.23788	774.2344521917403
CP2	miroc6	ssp245	2063	303.81177	262.1613	919.2639914341271
CP2	miroc6	ssp245	2064	302.83673	268.3025	933.8574730558321
CP2	miroc6	ssp245	2065	300.77454	268.24564	1120.6154899438807
CP2	miroc6	ssp245	2066	298.38965	268.44922	1415.349655598373
CP2	miroc6	ssp245	2067	302.54007	267.01468	515.1870441623032
CP2	miroc6	ssp245	2068	302.5441	268.31955	788.99008356384
CP2	miroc6	ssp245	2069	304.2204	266.8429	1340.1435350300742
CP2	miroc6	ssp245	2070	303.80804	268.88138	796.8013997306116
CP2	miroc6	ssp370	2041	304.5909	265.4413	675.7947389502078
CP2	miroc6	ssp370	2042	300.3525	267.57925	1186.8914349004208
CP2	miroc6	ssp370	2043	302.0473	267.31503	635.5322665418348
CP2	miroc6	ssp370	2044	303.97034	261.27966	727.3683397113928
CP2	miroc6	ssp370	2045	301.0756	269.40213	1485.3214894362966
CP2	miroc6	ssp370	2046	299.43893	268.46286	1160.518676054191
CP2	miroc6	ssp370	2047	300.66907	267.79706	870.7450649438996
CP2	miroc6	ssp370	2048	299.22403	267.80588	1136.7533116601326
CP2	miroc6	ssp370	2049	300.6591	267.9171	1110.9454640652823
CP2	miroc6	ssp370	2050	299.75467	267.41684	1300.0567555368993
CP2	miroc6	ssp370	2051	298.78714	267.27036	1748.2752633222465
CP2	miroc6	ssp370	2052	298.20404	268.67136	2107.676275935893
CP2	miroc6	ssp370	2053	299.50372	268.54242	1353.6128513049312
CP2	miroc6	ssp370	2054	302.5569	267.86383	1276.825913018547
CP2	miroc6	ssp370	2055	299.48288	267.2303	2188.197815748526
CP2	miroc6	ssp370	2056	298.78186	268.73572	1636.4766736048932
CP2	miroc6	ssp370	2057	299.06128	267.7587	1360.208149719954
CP2	miroc6	ssp370	2058	303.2018	268.2892	727.191383813604
CP2	miroc6	ssp370	2059	302.87827	264.6269	963.1709541077726
CP2	miroc6	ssp370	2060	300.69763	267.1698	851.2714867188893
CP2	miroc6	ssp370	2061	299.61142	269.02396	1511.722831882055
CP2	miroc6	ssp370	2062	302.37292	267.47906	682.9026502556908
CP2	miroc6	ssp370	2063	300.83337	264.0583	1498.0727531597845
CP2	miroc6	ssp370	2064	301.11783	267.57712	1816.3046709377977
CP2	miroc6	ssp370	2065	299.48044	266.0895	1211.794690426881
CP2	miroc6	ssp370	2066	302.3583	267.36035	873.6165574751612
CP2	miroc6	ssp370	2067	302.86877	267.07547	900.6758022063877
CP2	miroc6	ssp370	2068	300.67993	264.91547	1150.8891746867207
CP2	miroc6	ssp370	2069	300.58786	270.79575	961.6853523672034
CP2	miroc6	ssp370	2070	300.99524	268.73126	1069.4586909870754
CP2	mpi-esm1-2-hr	ssp245	2041	297.36447	264.30975	1646.230459213222
CP2	mpi-esm1-2-hr	ssp245	2042	298.41696	264.60373	1386.9573344941928
CP2	mpi-esm1-2-hr	ssp245	2043	301.6458	266.84207	513.7469003442675
CP2	mpi-esm1-2-hr	ssp245	2044	300.06903	265.89264	946.4419514173642
CP2	mpi-esm1-2-hr	ssp245	2045	298.1879	265.02786	1514.2362948506868
CP2	mpi-esm1-2-hr	ssp245	2046	297.8401	267.95834	1297.9440317255896
CP2	mpi-esm1-2-hr	ssp245	2047	298.84238	265.90417	1360.3881386225053
CP2	mpi-esm1-2-hr	ssp245	2048	299.53067	268.10086	1867.8681337739858
CP2	mpi-esm1-2-hr	ssp245	2049	300.6823	265.61133	835.1387229049578
CP2	mpi-esm1-2-hr	ssp245	2050	301.59418	268.40982	513.5898407141212
CP2	mpi-esm1-2-hr	ssp245	2051	298.1173	265.78165	1834.151608496875
CP2	mpi-esm1-2-hr	ssp245	2052	300.01202	267.1511	1368.1002280907628
CP2	mpi-esm1-2-hr	ssp245	2053	299.5914	266.59985	2112.1776034240147
CP2	mpi-esm1-2-hr	ssp245	2054	300.49933	266.01804	1051.4410405419767
CP2	mpi-esm1-2-hr	ssp245	2055	297.79166	266.92316	627.1252610895124
CP2	mpi-esm1-2-hr	ssp245	2056	299.80344	268.73618	652.5073206284983
CP2	mpi-esm1-2-hr	ssp245	2057	299.31168	265.66397	892.7877287613228
CP2	mpi-esm1-2-hr	ssp245	2058	300.31992	266.26593	1261.4535169559417
CP2	mpi-esm1-2-hr	ssp245	2059	298.11685	269.4264	803.2552220778598
CP2	mpi-esm1-2-hr	ssp245	2060	299.65628	264.38672	1294.1914067370597
CP2	mpi-esm1-2-hr	ssp245	2061	299.91312	261.87054	1299.4142175942766
CP2	mpi-esm1-2-hr	ssp245	2062	299.55777	264.91193	1199.8630138579663
CP2	mpi-esm1-2-hr	ssp245	2063	297.1864	262.99213	1584.8241927567774
CP2	mpi-esm1-2-hr	ssp245	2064	298.82956	265.89597	975.31242258846
CP2	mpi-esm1-2-hr	ssp245	2065	300.41498	268.7422	1288.3417320437457
CP2	mpi-esm1-2-hr	ssp245	2066	301.1973	266.59323	1509.8257600329805
CP2	mpi-esm1-2-hr	ssp245	2067	301.0655	267.99088	1152.3595951963216
CP2	mpi-esm1-2-hr	ssp245	2068	299.69305	268.08157	660.8597921091132
CP2	mpi-esm1-2-hr	ssp245	2069	301.23065	264.3869	1324.5723377738432
CP2	mpi-esm1-2-hr	ssp245	2070	299.56793	269.13132	1211.7297846357953
CP2	mpi-esm1-2-hr	ssp370	2041	301.88898	266.6122	1335.4311328846784
CP2	mpi-esm1-2-hr	ssp370	2042	298.26724	265.3952	1077.3756778333336
CP2	mpi-esm1-2-hr	ssp370	2043	298.47806	263.07922	1510.3856185683537
CP2	mpi-esm1-2-hr	ssp370	2044	300.64716	265.28015	952.199169540836
CP2	mpi-esm1-2-hr	ssp370	2045	298.887	265.75955	1952.9821976087806
CP2	mpi-esm1-2-hr	ssp370	2046	300.21286	265.83096	1233.3993462379979
CP2	mpi-esm1-2-hr	ssp370	2047	297.92505	264.62418	1203.569136571582
CP2	mpi-esm1-2-hr	ssp370	2048	298.74484	265.2939	890.3912926674665
CP2	mpi-esm1-2-hr	ssp370	2049	300.0476	265.62735	825.8909387513995
CP2	mpi-esm1-2-hr	ssp370	2050	298.75723	268.6292	954.5856541022658
CP2	mpi-esm1-2-hr	ssp370	2051	301.21542	268.27234	1113.6403523850722
CP2	mpi-esm1-2-hr	ssp370	2052	299.28644	265.527	1427.2288791602195
CP2	mpi-esm1-2-hr	ssp370	2053	302.08795	268.20502	1363.3275980420642
CP2	mpi-esm1-2-hr	ssp370	2054	300.85904	267.26053	1247.3055154667209
CP2	mpi-esm1-2-hr	ssp370	2055	296.76398	262.86746	1839.790737771532
CP2	mpi-esm1-2-hr	ssp370	2056	299.51917	267.0532	1105.1364802376625
CP2	mpi-esm1-2-hr	ssp370	2057	298.8309	266.9882	1640.8880803501122
CP2	mpi-esm1-2-hr	ssp370	2058	298.50034	266.75934	1284.992675576329
CP2	mpi-esm1-2-hr	ssp370	2059	297.62393	268.0788	1344.397620786895
CP2	mpi-esm1-2-hr	ssp370	2060	300.84772	267.72534	1071.6196269029508
CP2	mpi-esm1-2-hr	ssp370	2061	299.8256	266.59732	1220.8854270516579
CP2	mpi-esm1-2-hr	ssp370	2062	300.46558	267.4707	1396.6349938243761
CP2	mpi-esm1-2-hr	ssp370	2063	298.33438	267.38406	1058.1156824715417
CP2	mpi-esm1-2-hr	ssp370	2064	300.24402	266.27438	1375.5335330497358
CP2	mpi-esm1-2-hr	ssp370	2065	299.89166	268.41296	704.4399303777027
CP2	mpi-esm1-2-hr	ssp370	2066	299.00577	266.15427	1113.7146164663009
CP2	mpi-esm1-2-hr	ssp370	2067	300.61118	268.63663	1438.6467628762653
CP2	mpi-esm1-2-hr	ssp370	2068	299.8268	267.44818	1593.7838077079327
CP2	mpi-esm1-2-hr	ssp370	2069	299.11807	265.45697	1027.6199155370414
CP2	mpi-esm1-2-hr	ssp370	2070	299.06345	266.7251	1308.9992014691034
CP2	mri-esm2-0	ssp245	2041	300.02307	263.43875	1297.1376471686908
CP2	mri-esm2-0	ssp245	2042	301.8164	264.56262	1441.638687718645
CP2	mri-esm2-0	ssp245	2043	299.60114	267.63898	1360.5937918647928
CP2	mri-esm2-0	ssp245	2044	298.88785	270.6717	773.8171491626417
CP2	mri-esm2-0	ssp245	2045	299.1865	267.83752	1897.366843465671
CP2	mri-esm2-0	ssp245	2046	301.2747	268.7405	1983.1192927434486
CP2	mri-esm2-0	ssp245	2047	298.2187	263.17166	1618.1456688791468
CP2	mri-esm2-0	ssp245	2048	300.90994	263.27368	1069.2073461832335
CP2	mri-esm2-0	ssp245	2049	299.15326	269.24908	829.4006809388504
CP2	mri-esm2-0	ssp245	2050	298.8654	266.28827	1221.7677275271801
CP2	mri-esm2-0	ssp245	2051	297.65826	266.1379	1205.186618777211
CP2	mri-esm2-0	ssp245	2052	300.25656	267.709	837.855017138645
CP2	mri-esm2-0	ssp245	2053	298.91956	267.9307	1198.9108967128989
CP2	mri-esm2-0	ssp245	2054	299.23337	267.24335	1637.9404393024606
CP2	mri-esm2-0	ssp245	2055	299.6	267.48575	759.3337341618751
CP2	mri-esm2-0	ssp245	2056	298.25827	268.41687	1104.8944042995522
CP2	mri-esm2-0	ssp245	2057	300.0563	265.5312	1763.039511814678
CP2	mri-esm2-0	ssp245	2058	299.50763	266.98956	1182.3528625303818
CP2	mri-esm2-0	ssp245	2059	299.4449	266.91705	1241.7044233995914
CP2	mri-esm2-0	ssp245	2060	301.53586	267.27756	353.4294081036933
CP2	mri-esm2-0	ssp245	2061	302.1481	267.60928	1237.559443619065
CP2	mri-esm2-0	ssp245	2062	299.0862	268.79752	1482.876087259472
CP2	mri-esm2-0	ssp245	2063	300.42413	265.35715	991.5951181668762
CP2	mri-esm2-0	ssp245	2064	300.39136	267.24857	1851.4090875628735
CP2	mri-esm2-0	ssp245	2065	299.2833	267.8862	1611.775673506781
CP2	mri-esm2-0	ssp245	2066	300.85208	268.50763	1239.8783344113012
CP2	mri-esm2-0	ssp245	2067	299.87805	264.88776	1026.6427410067813
CP2	mri-esm2-0	ssp245	2068	300.89664	267.9359	1031.2189263291434
CP2	mri-esm2-0	ssp245	2069	301.03867	268.07803	764.3896955356339
CP2	mri-esm2-0	ssp245	2070	300.5832	267.31476	2229.065391170987
CP2	mri-esm2-0	ssp370	2041	300.28397	264.62384	1134.0656451880932
CP2	mri-esm2-0	ssp370	2042	301.07855	265.37677	1006.1103670857633
CP2	mri-esm2-0	ssp370	2043	299.12637	267.96417	978.4849285148084
CP2	mri-esm2-0	ssp370	2044	299.19467	267.74423	1063.0368314101247
CP2	mri-esm2-0	ssp370	2045	300.68634	267.82632	819.5457168534631
CP2	mri-esm2-0	ssp370	2046	299.21335	266.3601	1822.7144945209093
CP2	mri-esm2-0	ssp370	2047	301.419	268.23492	1968.4962262515573
CP2	mri-esm2-0	ssp370	2048	300.54144	265.1329	768.7861441983841
CP2	mri-esm2-0	ssp370	2049	301.9338	266.0159	1783.216400840277
CP2	mri-esm2-0	ssp370	2050	297.858	266.99207	1895.9759852382858
CP2	mri-esm2-0	ssp370	2051	301.03558	267.86713	1950.7070094113517
CP2	mri-esm2-0	ssp370	2052	299.41306	267.50046	987.316979910247
CP2	mri-esm2-0	ssp370	2053	299.905	269.43433	1046.6326295630824
CP2	mri-esm2-0	ssp370	2054	298.42786	267.49115	1306.7250756779172
CP2	mri-esm2-0	ssp370	2055	299.53873	263.78506	1486.7598433512708
CP2	mri-esm2-0	ssp370	2056	300.10187	267.32755	1237.1237747138343
CP2	mri-esm2-0	ssp370	2057	300.63907	268.98538	1492.5630464160013
CP2	mri-esm2-0	ssp370	2058	303.34607	267.79022	1415.7857538666183
CP2	mri-esm2-0	ssp370	2059	300.15982	266.3701	1238.0630669183683
CP2	mri-esm2-0	ssp370	2060	297.6295	265.46194	905.8585128863342
CP2	mri-esm2-0	ssp370	2061	301.11966	266.8377	1726.9468584330566
CP2	mri-esm2-0	ssp370	2062	298.54498	264.74796	1197.209363244462
CP2	mri-esm2-0	ssp370	2063	301.3281	268.23364	540.0858806716315
CP2	mri-esm2-0	ssp370	2064	301.54486000000003	268.10983	1449.3063566623825
CP2	mri-esm2-0	ssp370	2065	299.84744	269.19025	911.98899828305
CP2	mri-esm2-0	ssp370	2066	299.84735	267.0988	1446.6091646812583
CP2	mri-esm2-0	ssp370	2067	301.7727	266.27017	1241.2626013392419
CP2	mri-esm2-0	ssp370	2068	300.0565	266.8823	946.8846171162838
CP2	mri-esm2-0	ssp370	2069	300.4926	266.77264	933.9629985973806
CP2	mri-esm2-0	ssp370	2070	300.0828	265.6706	2015.3926645066686
CP3	access-cm2	ssp245	2041	299.01306	265.05353	1395.8593142218865
CP3	access-cm2	ssp245	2042	298.25375	260.7293	1637.1829513634752
CP3	access-cm2	ssp245	2043	300.474	266.0633	2007.4790479615165
CP3	access-cm2	ssp245	2044	298.2116	267.66556	859.4997940293979
CP3	access-cm2	ssp245	2045	298.35388	264.89606	1303.6484976473298
CP3	access-cm2	ssp245	2046	297.9484	264.97256	1618.4087673376316
CP3	access-cm2	ssp245	2047	300.56763	267.14072	1162.518710782722
CP3	access-cm2	ssp245	2048	299.02405	267.0308	1146.7658730223775
CP3	access-cm2	ssp245	2049	301.14236	262.87234	592.5788687774912
CP3	access-cm2	ssp245	2050	298.94315	262.09357	1257.2447465965342
CP3	access-cm2	ssp245	2051	299.0788	267.53925	842.1106910041999
CP3	access-cm2	ssp245	2052	301.14133	266.08093	1539.2378867603838
CP3	access-cm2	ssp245	2053	300.2855	265.00223	1143.5039954725626
CP3	access-cm2	ssp245	2054	301.67883	268.0157	575.9648891631514
CP3	access-cm2	ssp245	2055	300.08624	266.14102	1288.5720063539284
CP3	access-cm2	ssp245	2056	300.12827	265.07828	1700.4892727359954
CP3	access-cm2	ssp245	2057	300.69864	263.89996	1292.0113197702108
CP3	access-cm2	ssp245	2058	300.14087	265.85666	2024.7265105484566
CP3	access-cm2	ssp245	2059	302.71927	264.98456	1867.4612950533394
CP3	access-cm2	ssp245	2060	299.71228	266.2536	897.9861094616342
CP3	access-cm2	ssp245	2061	301.04227	267.11398	1479.8922546207905
CP3	access-cm2	ssp245	2062	298.07562	264.04953	1499.8830496798769
CP3	access-cm2	ssp245	2063	299.43863	267.62607	1040.4600518988445
CP3	access-cm2	ssp245	2064	300.95145	266.61462	1220.5180705524754
CP3	access-cm2	ssp245	2065	300.25888	265.10843	1630.311940459043
CP3	access-cm2	ssp245	2066	300.467	266.8035	849.4378390285419
CP3	access-cm2	ssp245	2067	300.65787	265.196	570.2722283662297
CP3	access-cm2	ssp245	2068	298.68658	263.2979	1512.3788812430396
CP3	access-cm2	ssp245	2069	299.27585	265.82104	1976.6130616887747
CP3	access-cm2	ssp245	2070	297.89417	266.5483	1223.4193077078037
CP3	access-cm2	ssp370	2041	298.77704	265.00693	945.2447555435333
CP3	access-cm2	ssp370	2042	298.85703	263.36325	1457.390432269273
CP3	access-cm2	ssp370	2043	299.0723	265.6292	879.4956737081473
CP3	access-cm2	ssp370	2044	300.07687	265.84296	1269.383154215748
CP3	access-cm2	ssp370	2045	298.60492	265.61948	1056.7024085728704
CP3	access-cm2	ssp370	2046	298.72662	265.6353	1975.2232297207088
CP3	access-cm2	ssp370	2047	299.91086	260.5601	1274.1485500009699
CP3	access-cm2	ssp370	2048	297.72183	263.46048	1186.5367483813145
CP3	access-cm2	ssp370	2049	299.25824	266.56717	1387.1700506948182
CP3	access-cm2	ssp370	2050	301.28943	261.01047	1361.6025534923726
CP3	access-cm2	ssp370	2051	298.9856	263.14944	1271.6331662144314
CP3	access-cm2	ssp370	2052	297.7099	266.82227	1748.0173096629928
CP3	access-cm2	ssp370	2053	300.53375	264.57608	1206.2929918058217
CP3	access-cm2	ssp370	2054	297.8341	266.59863	703.6237232387066
CP3	access-cm2	ssp370	2055	299.65256	265.4528	773.4651078935567
CP3	access-cm2	ssp370	2056	298.38547	265.59076	742.2855583950877
CP3	access-cm2	ssp370	2057	298.62283	265.12473	1210.0632243702387
CP3	access-cm2	ssp370	2058	301.3456	265.15936	1562.5411764252667
CP3	access-cm2	ssp370	2059	299.47522	266.15982	848.6411529360339
CP3	access-cm2	ssp370	2060	298.7898	267.08768	1041.7179232695898
CP3	access-cm2	ssp370	2061	299.25198	266.58548	1595.4329645493688
CP3	access-cm2	ssp370	2062	299.19855	267.45322	1433.8445820612337
CP3	access-cm2	ssp370	2063	296.52454	265.15204	1674.8990587424405
CP3	access-cm2	ssp370	2064	298.22235	265.8064	2003.760483229402
CP3	access-cm2	ssp370	2065	302.3665	265.2554	1428.0438333749532
CP3	access-cm2	ssp370	2066	300.53665	264.7488	1375.4006555769506
CP3	access-cm2	ssp370	2067	301.12253	264.37057	1112.8471803269056
CP3	access-cm2	ssp370	2068	298.1729	268.32608	1592.0921426732007
CP3	access-cm2	ssp370	2069	299.67307	264.6103	2581.5221599302718
CP3	access-cm2	ssp370	2070	300.90857	267.1118	1217.1742168109495
CP3	cnrm-esm2-1	ssp245	2041	299.07355	264.30585	1614.85192417164
CP3	cnrm-esm2-1	ssp245	2042	299.00415	265.23056	1411.998561699846
CP3	cnrm-esm2-1	ssp245	2043	297.79117	266.93814	1110.1797551294876
CP3	cnrm-esm2-1	ssp245	2044	298.7546	265.4929	907.8102549654433
CP3	cnrm-esm2-1	ssp245	2045	297.68414	264.27774	1547.9957614559626
CP3	cnrm-esm2-1	ssp245	2046	298.75665	264.86227	768.2487989310175
CP3	cnrm-esm2-1	ssp245	2047	299.78253	264.3568	1621.4840591651914
CP3	cnrm-esm2-1	ssp245	2048	298.59552	265.57507	720.0433438061737
CP3	cnrm-esm2-1	ssp245	2049	296.49216	267.55774	1170.8425969350862
CP3	cnrm-esm2-1	ssp245	2050	298.9455	266.41312	1041.70600106005
CP3	cnrm-esm2-1	ssp245	2051	299.2953	266.22488	1176.8313970241907
CP3	cnrm-esm2-1	ssp245	2052	298.32388	264.37936	1839.8632577620413
CP3	cnrm-esm2-1	ssp245	2053	297.43698	264.80542	1110.098487418145
CP3	cnrm-esm2-1	ssp245	2054	298.5031	262.10693	1947.9506517760096
CP3	cnrm-esm2-1	ssp245	2055	301.14072	265.263	1682.6925954781195
CP3	cnrm-esm2-1	ssp245	2056	299.2327	264.22958	941.1423400626354
CP3	cnrm-esm2-1	ssp245	2057	298.13007	263.73083	564.1059933928773
CP3	cnrm-esm2-1	ssp245	2058	295.64203	265.43945	1461.508211307196
CP3	cnrm-esm2-1	ssp245	2059	298.51917	267.30893	1714.246870111642
CP3	cnrm-esm2-1	ssp245	2060	299.0794	264.21472	1906.2909350730133
CP3	cnrm-esm2-1	ssp245	2061	298.55756	267.01703	1362.4794082715898
CP3	cnrm-esm2-1	ssp245	2062	298.3326	262.28287	1250.8973367861315
CP3	cnrm-esm2-1	ssp245	2063	299.15097	266.9255	1140.2215492824066
CP3	cnrm-esm2-1	ssp245	2064	299.6251	262.29483	1358.3576593547564
CP3	cnrm-esm2-1	ssp245	2065	298.85706	264.14557	606.6580090555362
CP3	cnrm-esm2-1	ssp245	2066	298.60876	266.42615	1305.2761952974633
CP3	cnrm-esm2-1	ssp245	2067	299.3293	265.1168	1437.6080662244487
CP3	cnrm-esm2-1	ssp245	2068	299.17767	265.42807	1346.894444525213
CP3	cnrm-esm2-1	ssp245	2069	298.46667	266.06198	910.8126567676663
CP3	cnrm-esm2-1	ssp245	2070	299.95908	267.88644	1107.6842239592204
CP3	cnrm-esm2-1	ssp370	2041	299.36276	265.4011	1036.4730997011031
CP3	cnrm-esm2-1	ssp370	2042	295.94144	263.96436	1295.6091811480292
CP3	cnrm-esm2-1	ssp370	2043	297.3328	264.59103	1321.731862239531
CP3	cnrm-esm2-1	ssp370	2044	298.44986	266.1052	1029.4226784026196
CP3	cnrm-esm2-1	ssp370	2045	298.48663	261.82715	1599.285803362708
CP3	cnrm-esm2-1	ssp370	2046	296.3673	267.8944	972.8913320694119
CP3	cnrm-esm2-1	ssp370	2047	297.18164	263.86087	1118.4517814777435
CP3	cnrm-esm2-1	ssp370	2048	295.80872	264.86432	1543.0364876141275
CP3	cnrm-esm2-1	ssp370	2049	297.72684	267.24338	1407.4625011504136
CP3	cnrm-esm2-1	ssp370	2050	296.77335	266.14682	1549.5191294000933
CP3	cnrm-esm2-1	ssp370	2051	297.9674	266.03146	1685.4878337238738
CP3	cnrm-esm2-1	ssp370	2052	297.06323	265.38535	1172.0341226085877
CP3	cnrm-esm2-1	ssp370	2053	298.7974	266.4982	1387.388111301646
CP3	cnrm-esm2-1	ssp370	2054	297.2924	266.6348	1453.9929501944719
CP3	cnrm-esm2-1	ssp370	2055	300.2182	264.15506	1264.6736645721642
CP3	cnrm-esm2-1	ssp370	2056	299.93625	265.26364	1393.8861501984848
CP3	cnrm-esm2-1	ssp370	2057	298.76413	261.4855	1290.5963906552643
CP3	cnrm-esm2-1	ssp370	2058	298.7595	266.23782	706.2337083276361
CP3	cnrm-esm2-1	ssp370	2059	297.82272	264.41394	1185.0488418596537
CP3	cnrm-esm2-1	ssp370	2060	298.343	264.57013	1691.9220352079228
CP3	cnrm-esm2-1	ssp370	2061	299.27396	265.24323	893.467632913962
CP3	cnrm-esm2-1	ssp370	2062	299.6039	266.4454	1191.3070416077637
CP3	cnrm-esm2-1	ssp370	2063	298.6785	268.2286	1103.8326966517661
CP3	cnrm-esm2-1	ssp370	2064	300.13254	264.80563	1455.1173583546001
CP3	cnrm-esm2-1	ssp370	2065	298.56784	266.94193	686.592785641551
CP3	cnrm-esm2-1	ssp370	2066	299.2985	263.62543	1589.8403132683177
CP3	cnrm-esm2-1	ssp370	2067	299.35736000000003	268.1386	1176.8449903232977
CP3	cnrm-esm2-1	ssp370	2068	299.50302	264.85233	1422.1417044172786
CP3	cnrm-esm2-1	ssp370	2069	298.22385	267.9074	1992.710864636998
CP3	cnrm-esm2-1	ssp370	2070	299.57404	267.31305	531.1786564649083
CP3	ec-earth3-veg	ssp245	2041	297.87912	263.29562	1053.0158735811676
CP3	ec-earth3-veg	ssp245	2042	298.5411	266.7196	1496.246352698607
CP3	ec-earth3-veg	ssp245	2043	296.15393	266.49368	1816.4862025295906
CP3	ec-earth3-veg	ssp245	2044	297.23245	263.9647	1251.978189276997
CP3	ec-earth3-veg	ssp245	2045	298.4797	265.13806	1107.5753211130932
CP3	ec-earth3-veg	ssp245	2046	297.2714	264.90738	1047.107048006696
CP3	ec-earth3-veg	ssp245	2047	298.41858	267.69098	918.4538237051993
CP3	ec-earth3-veg	ssp245	2048	299.13184	265.2052	1457.128980383258
CP3	ec-earth3-veg	ssp245	2049	297.49338	264.81403	1116.8323927558888
CP3	ec-earth3-veg	ssp245	2050	298.9768	263.76932	1526.5551430522332
CP3	ec-earth3-veg	ssp245	2051	296.8434	267.47382	1455.1423838361961
CP3	ec-earth3-veg	ssp245	2052	298.34753	266.3643	1437.2925234026904
CP3	ec-earth3-veg	ssp245	2053	296.75644	268.60873	1140.350288478638
CP3	ec-earth3-veg	ssp245	2054	298.16922	263.1903	612.6761948922649
CP3	ec-earth3-veg	ssp245	2055	297.1145	265.26498	653.1148667447269
CP3	ec-earth3-veg	ssp245	2056	297.11176	267.57547	1445.9491702727753
CP3	ec-earth3-veg	ssp245	2057	297.2905	264.25226	1123.9982806378976
CP3	ec-earth3-veg	ssp245	2058	296.63068	267.49265	1422.3612362052995
CP3	ec-earth3-veg	ssp245	2059	297.84695	267.284	922.7940266020596
CP3	ec-earth3-veg	ssp245	2060	300.85062	265.8315	1065.733099286439
CP3	ec-earth3-veg	ssp245	2061	299.4403	260.59802	1381.0255471150829
CP3	ec-earth3-veg	ssp245	2062	297.5851	264.54156	796.4383840095252
CP3	ec-earth3-veg	ssp245	2063	296.6084	267.14438	1064.6675976225986
CP3	ec-earth3-veg	ssp245	2064	299.6036	264.03595	1604.453380568833
CP3	ec-earth3-veg	ssp245	2065	299.25705	264.20184	1076.0617466177628
CP3	ec-earth3-veg	ssp245	2066	299.07684	265.74054	2378.339301911128
CP3	ec-earth3-veg	ssp245	2067	297.53546	265.58475	1964.6751360967105
CP3	ec-earth3-veg	ssp245	2068	296.5999	265.87106	1307.377805490974
CP3	ec-earth3-veg	ssp245	2069	299.5937	266.96863	977.0988416858017
CP3	ec-earth3-veg	ssp245	2070	299.20776	265.51947	1506.29023807119
CP3	ec-earth3-veg	ssp370	2041	298.36795	262.96585	1108.17925874143
CP3	ec-earth3-veg	ssp370	2042	299.6417	260.08823	1654.7475649974963
CP3	ec-earth3-veg	ssp370	2043	297.6494	266.75266	2178.953107661754
CP3	ec-earth3-veg	ssp370	2044	298.8302	265.3514	1879.3263295199442
CP3	ec-earth3-veg	ssp370	2045	298.3399	260.81628	827.7272668958176
CP3	ec-earth3-veg	ssp370	2046	297.66626	262.76468	1024.8696252470781
CP3	ec-earth3-veg	ssp370	2047	296.26138	261.24936	999.7187866363286
CP3	ec-earth3-veg	ssp370	2048	296.9013	268.1057	1248.8709141499994
CP3	ec-earth3-veg	ssp370	2049	298.05737	262.73837	1233.7225541006596
CP3	ec-earth3-veg	ssp370	2050	297.8998	263.52585	1429.9834941979107
CP3	ec-earth3-veg	ssp370	2051	297.4962	263.7114	603.4212215803564
CP3	ec-earth3-veg	ssp370	2052	296.99243	265.4999	1840.5338448006432
CP3	ec-earth3-veg	ssp370	2053	299.09552	265.0601	1626.8004819983512
CP3	ec-earth3-veg	ssp370	2054	298.5645	264.24994	867.7688711788333
CP3	ec-earth3-veg	ssp370	2055	297.98187	264.91867	1707.5049677310503
CP3	ec-earth3-veg	ssp370	2056	295.40842	264.8853	1119.2398681305235
CP3	ec-earth3-veg	ssp370	2057	299.6936	263.4791	814.0567542984971
CP3	ec-earth3-veg	ssp370	2058	296.7969	263.42303	1768.3742363238298
CP3	ec-earth3-veg	ssp370	2059	298.03146	260.58795	1770.5019512213455
CP3	ec-earth3-veg	ssp370	2060	298.95358	265.8269	1724.363604333447
CP3	ec-earth3-veg	ssp370	2061	298.73233	267.33636	1454.0684250416184
CP3	ec-earth3-veg	ssp370	2062	299.71512	265.8214	956.7075106780918
CP3	ec-earth3-veg	ssp370	2063	297.46466	264.28717	1450.5278104450267
CP3	ec-earth3-veg	ssp370	2064	295.6028	267.32147	1764.0913056092681
CP3	ec-earth3-veg	ssp370	2065	300.06577	265.7109	1309.0685671660644
CP3	ec-earth3-veg	ssp370	2066	297.09863	267.2913	1788.8211010023776
CP3	ec-earth3-veg	ssp370	2067	296.44843	267.3732	1660.6016973964734
CP3	ec-earth3-veg	ssp370	2068	299.72333	266.06567	1327.8755198232407
CP3	ec-earth3-veg	ssp370	2069	299.52014	265.428	1138.689013291113
CP3	ec-earth3-veg	ssp370	2070	301.47742	266.6603	616.3341750473592
CP3	miroc6	ssp245	2041	298.39615	262.7421	912.4411906697673
CP3	miroc6	ssp245	2042	295.5462	266.39264	2060.715150274311
CP3	miroc6	ssp245	2043	296.12216	265.50052	1328.2459789887034
CP3	miroc6	ssp245	2044	295.9208	265.343	1713.585644349183
CP3	miroc6	ssp245	2045	299.44318	264.16696	490.7464171992615
CP3	miroc6	ssp245	2046	299.7692	264.89957	992.7586277481136
CP3	miroc6	ssp245	2047	296.37213	265.61914	1085.0565938511759
CP3	miroc6	ssp245	2048	296.28717	265.8873	1915.9360761288237
CP3	miroc6	ssp245	2049	295.72653	263.20685	1414.3725500616613
CP3	miroc6	ssp245	2050	298.98715	263.51828	742.9436360718478
CP3	miroc6	ssp245	2051	299.4305	265.9786	769.4067065196577
CP3	miroc6	ssp245	2052	297.0757	264.5015	1720.2836163108857
CP3	miroc6	ssp245	2053	297.049	266.27548	1239.9000075179792
CP3	miroc6	ssp245	2054	296.81323	264.532	1035.1534434361326
CP3	miroc6	ssp245	2055	298.68784	267.5782	1127.7846561977535
CP3	miroc6	ssp245	2056	296.81638	263.87344	1167.7135163917892
CP3	miroc6	ssp245	2057	298.2669	264.9303	1526.1230247211454
CP3	miroc6	ssp245	2058	297.1188	264.1809	1647.4931308999426
CP3	miroc6	ssp245	2059	297.14008	266.734	1268.5556013719145
CP3	miroc6	ssp245	2060	295.88748	266.2141	2767.432019580101
CP3	miroc6	ssp245	2061	297.4264	266.14142	450.4642135812901
CP3	miroc6	ssp245	2062	300.5637	262.01614	762.1500729583204
CP3	miroc6	ssp245	2063	301.43774	260.4114	875.2979083685204
CP3	miroc6	ssp245	2064	300.97437	266.5269	910.1019788242411
CP3	miroc6	ssp245	2065	298.74197	266.39813	1196.273525431742
CP3	miroc6	ssp245	2066	296.1813	266.86948	1342.2364583238787
CP3	miroc6	ssp245	2067	300.60474	264.41635	527.2867195308208
CP3	miroc6	ssp245	2068	300.33502	266.38715	702.3357471101917
CP3	miroc6	ssp245	2069	302.4494	265.01865	1486.5142310620076
CP3	miroc6	ssp245	2070	301.85074	266.80283	668.1004708749242
CP3	miroc6	ssp370	2041	303.017	263.2274	661.749158136081
CP3	miroc6	ssp370	2042	298.66714	265.7985	1079.8429691243296
CP3	miroc6	ssp370	2043	299.91315	265.57864	572.6398160448116
CP3	miroc6	ssp370	2044	302.52087	259.0561	723.721505748108
CP3	miroc6	ssp370	2045	298.91797	267.32794	1383.921249385436
CP3	miroc6	ssp370	2046	297.60257	266.34872	1084.0523879975074
CP3	miroc6	ssp370	2047	298.79852	265.73172	840.5752067570381
CP3	miroc6	ssp370	2048	297.52	266.00403	1264.8250596597672
CP3	miroc6	ssp370	2049	298.80157	266.163	1014.1703345579955
CP3	miroc6	ssp370	2050	297.92984	265.766	1228.3381523564212
CP3	miroc6	ssp370	2051	297.016	265.48123	1659.821528184689
CP3	miroc6	ssp370	2052	296.2687	267.04047	1950.586787459863
CP3	miroc6	ssp370	2053	297.44635	266.55923	1229.9693771637897
CP3	miroc6	ssp370	2054	300.5955	265.9643	1229.3909460073307
CP3	miroc6	ssp370	2055	297.36578	265.4173	2012.7713384571819
CP3	miroc6	ssp370	2056	296.68573	266.67258	1461.9256288278712
CP3	miroc6	ssp370	2057	297.39172	266.16824	1315.6927048810423
CP3	miroc6	ssp370	2058	301.2314	266.33762	711.684162428719
CP3	miroc6	ssp370	2059	301.4371	262.59415	993.8740838784724
CP3	miroc6	ssp370	2060	299.01874	265.3428	855.0811550637975
CP3	miroc6	ssp370	2061	298.02298	267.06735	1482.2597282007205
CP3	miroc6	ssp370	2062	300.72562	265.45493	639.2165093449861
CP3	miroc6	ssp370	2063	298.80548	261.75427	1437.6966614741684
CP3	miroc6	ssp370	2064	299.12527	265.56772	1653.3783798571515
CP3	miroc6	ssp370	2065	297.50507	264.2238	1177.3188675055212
CP3	miroc6	ssp370	2066	300.5732	265.3288	855.2147138281589
CP3	miroc6	ssp370	2067	301.15567	264.98105	783.29230514355
CP3	miroc6	ssp370	2068	299.07413	262.35358	1017.8590821364132
CP3	miroc6	ssp370	2069	298.9282	268.84344	990.0667290959973
CP3	miroc6	ssp370	2070	299.4025	266.7195	993.8713726994831
CP3	mpi-esm1-2-hr	ssp245	2041	295.92953	262.40808	1566.464401222723
CP3	mpi-esm1-2-hr	ssp245	2042	296.80853	262.3577	1335.288585629312
CP3	mpi-esm1-2-hr	ssp245	2043	299.8273	264.69925	529.3577189091593
CP3	mpi-esm1-2-hr	ssp245	2044	298.1814	263.91913	935.8464936492965
CP3	mpi-esm1-2-hr	ssp245	2045	296.0799	262.75702	1454.650381626539
CP3	mpi-esm1-2-hr	ssp245	2046	295.9125	265.97537	1244.4069975055502
CP3	mpi-esm1-2-hr	ssp245	2047	297.1807	263.56348	1341.3900892599383
CP3	mpi-esm1-2-hr	ssp245	2048	297.97787	265.83118	1781.0457923914691
CP3	mpi-esm1-2-hr	ssp245	2049	298.77734	263.14423	787.3095560353249
CP3	mpi-esm1-2-hr	ssp245	2050	299.98428	266.37045	530.5066226050258
CP3	mpi-esm1-2-hr	ssp245	2051	296.4146	263.65353	1909.6855153329152
CP3	mpi-esm1-2-hr	ssp245	2052	298.30392	264.73294	1340.3424287913158
CP3	mpi-esm1-2-hr	ssp245	2053	297.8981	264.601	1845.799283450429
CP3	mpi-esm1-2-hr	ssp245	2054	298.79367	263.4827	1005.4947121068834
CP3	mpi-esm1-2-hr	ssp245	2055	295.82465	264.90457	622.9215451749042
CP3	mpi-esm1-2-hr	ssp245	2056	297.89514	266.038	768.3470256160792
CP3	mpi-esm1-2-hr	ssp245	2057	297.44327	263.50208	858.2128490321338
CP3	mpi-esm1-2-hr	ssp245	2058	298.43497	263.7863	1193.4878384694257
CP3	mpi-esm1-2-hr	ssp245	2059	296.39767	267.6414	820.0571674620733
CP3	mpi-esm1-2-hr	ssp245	2060	297.84164	262.2624	1224.7995871352005
CP3	mpi-esm1-2-hr	ssp245	2061	298.13992	259.82013	1231.8039751262147
CP3	mpi-esm1-2-hr	ssp245	2062	297.66174	262.72955	1201.0881819762135
CP3	mpi-esm1-2-hr	ssp245	2063	295.20938	260.92642	1542.5917114829438
CP3	mpi-esm1-2-hr	ssp245	2064	296.251	263.49997	968.977247737345
CP3	mpi-esm1-2-hr	ssp245	2065	298.25793	266.34042	1236.1126613337326
CP3	mpi-esm1-2-hr	ssp245	2066	299.61734	264.99942	1380.1538641797274
CP3	mpi-esm1-2-hr	ssp245	2067	299.22235	266.06873	1149.1138549055663
CP3	mpi-esm1-2-hr	ssp245	2068	297.77603	266.33524	680.270046601072
CP3	mpi-esm1-2-hr	ssp245	2069	299.34543	262.334	1219.025815080362
CP3	mpi-esm1-2-hr	ssp245	2070	297.7027	266.72787	1178.5122721921239
CP3	mpi-esm1-2-hr	ssp370	2041	299.82068	264.45673	1252.5635729077767
CP3	mpi-esm1-2-hr	ssp370	2042	296.66647	263.26334	1144.8374334722757
CP3	mpi-esm1-2-hr	ssp370	2043	296.9789	260.99005	1471.8851440585868
CP3	mpi-esm1-2-hr	ssp370	2044	298.76752	262.85355	1012.0129904709756
CP3	mpi-esm1-2-hr	ssp370	2045	297.22888	263.95544	1816.305802809028
CP3	mpi-esm1-2-hr	ssp370	2046	298.24677	264.3626	1252.5781731353986
CP3	mpi-esm1-2-hr	ssp370	2047	296.23856	262.49124	1147.8043694514565
CP3	mpi-esm1-2-hr	ssp370	2048	297.01135	262.8978	908.8001261930763
CP3	mpi-esm1-2-hr	ssp370	2049	298.28177	263.1862	812.2422411572188
CP3	mpi-esm1-2-hr	ssp370	2050	297.04175	266.4768	893.2415038347244
CP3	mpi-esm1-2-hr	ssp370	2051	299.30652	266.161	1102.1214718697274
CP3	mpi-esm1-2-hr	ssp370	2052	297.69382	263.3852	1301.157075050263
CP3	mpi-esm1-2-hr	ssp370	2053	300.40466	265.94687	1309.2436202801546
CP3	mpi-esm1-2-hr	ssp370	2054	299.19556	265.1155	1212.1415361994714
CP3	mpi-esm1-2-hr	ssp370	2055	294.9882	260.5211	1748.4765028639115
CP3	mpi-esm1-2-hr	ssp370	2056	297.63956	264.76782	1028.6481240705891
CP3	mpi-esm1-2-hr	ssp370	2057	297.17838	264.53067	1541.4315330795848
CP3	mpi-esm1-2-hr	ssp370	2058	296.73083	264.58203	1203.221105493113
CP3	mpi-esm1-2-hr	ssp370	2059	295.53308	265.72278	1254.1585200000327
CP3	mpi-esm1-2-hr	ssp370	2060	299.03607	265.63937	1030.2571263571533
CP3	mpi-esm1-2-hr	ssp370	2061	297.98328	264.4024	1115.8827354898608
CP3	mpi-esm1-2-hr	ssp370	2062	298.90417	265.31448	1185.9895151923129
CP3	mpi-esm1-2-hr	ssp370	2063	296.32068	265.85236	990.7399922667537
CP3	mpi-esm1-2-hr	ssp370	2064	298.51202	263.9279	1325.222465163084
CP3	mpi-esm1-2-hr	ssp370	2065	298.0031	266.02423	721.538111648988
CP3	mpi-esm1-2-hr	ssp370	2066	297.51715	264.095	1079.6059264437454
CP3	mpi-esm1-2-hr	ssp370	2067	298.87344	266.7771	1282.1620504022544
CP3	mpi-esm1-2-hr	ssp370	2068	298.2811	265.46753	1487.5259451102145
CP3	mpi-esm1-2-hr	ssp370	2069	297.6913	263.34256	940.4407588939605
CP3	mpi-esm1-2-hr	ssp370	2070	297.4706	264.9575	1221.340206696175
CP3	mri-esm2-0	ssp245	2041	298.0649	261.5813	1259.4276462681566
CP3	mri-esm2-0	ssp245	2042	300.00885	262.4743	1325.3323883749545
CP3	mri-esm2-0	ssp245	2043	297.64706	265.914	1366.0070967161937
CP3	mri-esm2-0	ssp245	2044	297.002	268.98077	863.6464596726
CP3	mri-esm2-0	ssp245	2045	297.20584	266.06717	1754.7118450049193
CP3	mri-esm2-0	ssp245	2046	299.0624	266.36456	1772.3393277846817
CP3	mri-esm2-0	ssp245	2047	296.13333	260.78503	1557.271353935334
CP3	mri-esm2-0	ssp245	2048	298.9825	260.91437	1053.545029833891
CP3	mri-esm2-0	ssp245	2049	297.56717	267.3259	795.7370051066358
CP3	mri-esm2-0	ssp245	2050	296.95822	263.93167	1161.005681811342
CP3	mri-esm2-0	ssp245	2051	295.75452	263.9231	1237.8094383340645
CP3	mri-esm2-0	ssp245	2052	298.72647	265.51028	829.3372399639338
CP3	mri-esm2-0	ssp245	2053	297.10504	265.7845	1134.7603255096992
CP3	mri-esm2-0	ssp245	2054	297.2171	265.32794	1652.8025094768607
CP3	mri-esm2-0	ssp245	2055	297.8313	265.07364	747.3962673218629
CP3	mri-esm2-0	ssp245	2056	296.0551	266.52905	1010.4365078732224
CP3	mri-esm2-0	ssp245	2057	298.39023	263.68027	1663.872744329249
CP3	mri-esm2-0	ssp245	2058	296.95975	264.91794	1145.4843194223856
CP3	mri-esm2-0	ssp245	2059	297.58148	264.7383	1238.8504158588682
CP3	mri-esm2-0	ssp245	2060	299.57874	265.1043	352.78400669340044
CP3	mri-esm2-0	ssp245	2061	300.32245	265.98032	1168.816197244425
CP3	mri-esm2-0	ssp245	2062	297.428	266.85687	1298.1047046370643
CP3	mri-esm2-0	ssp245	2063	298.5375	263.30017	1033.9272870914801
CP3	mri-esm2-0	ssp245	2064	298.5821	265.45425	1711.7478417232178
CP3	mri-esm2-0	ssp245	2065	297.59998	265.86594	1688.7377799488488
CP3	mri-esm2-0	ssp245	2066	299.0812	266.45465	1197.0140887365774
CP3	mri-esm2-0	ssp245	2067	297.87604	263.03378	971.4988673455056
CP3	mri-esm2-0	ssp245	2068	298.96213	265.67395	1100.2118784002812
CP3	mri-esm2-0	ssp245	2069	299.01685	266.32312	786.7769651929611
CP3	mri-esm2-0	ssp245	2070	298.58014	265.30023	1982.039279019203
CP3	mri-esm2-0	ssp370	2041	297.96542	261.9743	1084.173674241174
CP3	mri-esm2-0	ssp370	2042	299.16797	263.2653	964.760762674264
CP3	mri-esm2-0	ssp370	2043	297.4548	265.89856	937.8513756062603
CP3	mri-esm2-0	ssp370	2044	297.09412	265.67285	999.7980419837404
CP3	mri-esm2-0	ssp370	2045	298.86496	265.62497	798.6698882945348
CP3	mri-esm2-0	ssp370	2046	297.57715	263.99884	1748.8395514315507
CP3	mri-esm2-0	ssp370	2047	299.6783	266.08713	1873.1624887324463
CP3	mri-esm2-0	ssp370	2048	298.34027	262.68973	715.4949111747555
CP3	mri-esm2-0	ssp370	2049	300.11774	264.29727	1603.577695693755
CP3	mri-esm2-0	ssp370	2050	296.10043	264.98456	1782.267744373506
CP3	mri-esm2-0	ssp370	2051	299.25558	265.72256	1784.329178323917
CP3	mri-esm2-0	ssp370	2052	297.74133	265.17514	972.2587391763227
CP3	mri-esm2-0	ssp370	2053	297.53918	267.42972	998.9161821082204
CP3	mri-esm2-0	ssp370	2054	296.31387	265.19724	1236.4195260568288
CP3	mri-esm2-0	ssp370	2055	297.65433	261.4932	1422.674615867406
CP3	mri-esm2-0	ssp370	2056	298.1426	265.53986	1145.0602377386338
CP3	mri-esm2-0	ssp370	2057	298.965	267.0783	1359.7662999992788
CP3	mri-esm2-0	ssp370	2058	300.83313	265.8978	1307.834624452493
CP3	mri-esm2-0	ssp370	2059	298.37094	264.09274	1094.2895634099455
CP3	mri-esm2-0	ssp370	2060	295.66656	263.30588	960.5501400190162
CP3	mri-esm2-0	ssp370	2061	298.965	264.61588	1649.8369939159297
CP3	mri-esm2-0	ssp370	2062	296.9032	262.78574	1211.928585357964
CP3	mri-esm2-0	ssp370	2063	299.4595	266.29962	614.753960352391
CP3	mri-esm2-0	ssp370	2064	299.51074	266.07248	1304.6357595361494
CP3	mri-esm2-0	ssp370	2065	298.282	267.02673	875.9677096037194
CP3	mri-esm2-0	ssp370	2066	298.04108	265.1281	1317.5563376513076
CP3	mri-esm2-0	ssp370	2067	300.0973	264.241	1132.4288908391861
CP3	mri-esm2-0	ssp370	2068	298.32086	264.74283	935.1590583566494
CP3	mri-esm2-0	ssp370	2069	298.8641	264.49265	1038.1232139654069
CP3	mri-esm2-0	ssp370	2070	298.31985	263.67242	1859.3015550635344
DPR	access-cm2	ssp245	2041	306.9664	274.4963	1704.5119098387322
DPR	access-cm2	ssp245	2042	306.74542	270.93356	1629.1546616702979
DPR	access-cm2	ssp245	2043	308.29355	275.42233	2521.691477112396
DPR	access-cm2	ssp245	2044	307.17273	276.0506	1149.1655467834585
DPR	access-cm2	ssp245	2045	306.93405	274.25586	1792.674037255292
DPR	access-cm2	ssp245	2046	306.0369	274.07254	2087.1912281261116
DPR	access-cm2	ssp245	2047	309.47357	275.7761	1688.614289840856
DPR	access-cm2	ssp245	2048	307.44437	276.32965	1437.204053252911
DPR	access-cm2	ssp245	2049	309.62955	272.08786	1031.9909253069998
DPR	access-cm2	ssp245	2050	306.82425	270.55066	1970.0078872963204
DPR	access-cm2	ssp245	2051	307.48804	276.55505	1170.5832900566543
DPR	access-cm2	ssp245	2052	309.55826	274.90497	1740.1744075119057
DPR	access-cm2	ssp245	2053	308.35742	274.69974	1422.1960477530715
DPR	access-cm2	ssp245	2054	310.13568	276.7923	828.6153122818912
DPR	access-cm2	ssp245	2055	307.8283	275.0364	1612.1144635369492
DPR	access-cm2	ssp245	2056	309.64633	274.30356	2207.564407191211
DPR	access-cm2	ssp245	2057	309.13254	273.6939	1516.4902109565037
DPR	access-cm2	ssp245	2058	308.9509	275.2425	2752.838557446316
DPR	access-cm2	ssp245	2059	311.2757	274.79224	2942.6471814047013
DPR	access-cm2	ssp245	2060	308.25143	275.40445	1165.2610728662494
DPR	access-cm2	ssp245	2061	309.4811	276.22174	1547.4736045114455
DPR	access-cm2	ssp245	2062	306.15952	273.64783	1945.781884621804
DPR	access-cm2	ssp245	2063	307.4382	276.41504	1650.3226895816151
DPR	access-cm2	ssp245	2064	309.0832	276.0623	1626.594931539116
DPR	access-cm2	ssp245	2065	308.3525	274.20236	2099.456311971841
DPR	access-cm2	ssp245	2066	308.69125	276.05692	1064.5328354788944
DPR	access-cm2	ssp245	2067	309.07938	273.8768	1019.3436126108281
DPR	access-cm2	ssp245	2068	308.0731	273.27786	1616.0939600318488
DPR	access-cm2	ssp245	2069	308.16272	274.82425	2348.489080974789
DPR	access-cm2	ssp245	2070	306.65704	275.48984	1729.9230046570092
DPR	access-cm2	ssp370	2041	307.1465	274.5012	1226.4283379190351
DPR	access-cm2	ssp370	2042	307.13486	273.76337	1611.5630552172597
DPR	access-cm2	ssp370	2043	306.76828	274.69293	1186.33717977205
DPR	access-cm2	ssp370	2044	307.96902	275.055	1800.179156474681
DPR	access-cm2	ssp370	2045	307.25882	274.45322	1406.6563513129827
DPR	access-cm2	ssp370	2046	307.46002	275.15994	2373.672959790507
DPR	access-cm2	ssp370	2047	308.15866	270.33908	1554.1608155239217
DPR	access-cm2	ssp370	2048	306.32376	273.11813	1344.8288326151328
DPR	access-cm2	ssp370	2049	307.59384	275.67548	1880.364760570223
DPR	access-cm2	ssp370	2050	309.2926	271.0071	1661.3413508981375
DPR	access-cm2	ssp370	2051	306.9974	272.88477	1685.5549887986444
DPR	access-cm2	ssp370	2052	306.56506	275.699	2693.100339174235
DPR	access-cm2	ssp370	2053	308.7159	273.42017	1675.9959183632957
DPR	access-cm2	ssp370	2054	306.975	275.71637	942.5642925314523
DPR	access-cm2	ssp370	2055	308.0018	274.85233	1012.3581980005655
DPR	access-cm2	ssp370	2056	307.26865	274.74976	818.6115431366488
DPR	access-cm2	ssp370	2057	307.26483	274.74265	1520.1388754881814
DPR	access-cm2	ssp370	2058	309.50217	274.59375	1832.9875010763794
DPR	access-cm2	ssp370	2059	307.6561	275.57913	1208.032569003976
DPR	access-cm2	ssp370	2060	307.64282	276.19156	1551.440882077401
DPR	access-cm2	ssp370	2061	307.66904	276.08395	1858.841166982844
DPR	access-cm2	ssp370	2062	308.0131	276.32953	2091.6816087439156
DPR	access-cm2	ssp370	2063	305.34103	274.31113	1566.42595846204
DPR	access-cm2	ssp370	2064	306.34702	274.59247	2981.1375366523225
DPR	access-cm2	ssp370	2065	311.37485	274.4623	1971.3367374613529
DPR	access-cm2	ssp370	2066	309.13904	274.64044	1729.961623437655
DPR	access-cm2	ssp370	2067	309.41666	273.92297	1452.3336357436715
DPR	access-cm2	ssp370	2068	307.00006	277.81067	2271.8960453799687
DPR	access-cm2	ssp370	2069	308.27283	273.85788	3431.1255580744837
DPR	access-cm2	ssp370	2070	310.08035	276.3049	1529.8912425641593
DPR	cnrm-esm2-1	ssp245	2041	307.43576	272.845	2167.833403497918
DPR	cnrm-esm2-1	ssp245	2042	307.2171	274.77454	1993.1627000332287
DPR	cnrm-esm2-1	ssp245	2043	305.58572	275.71942	1558.2686761510392
DPR	cnrm-esm2-1	ssp245	2044	306.74945	274.01328	1221.339657360644
DPR	cnrm-esm2-1	ssp245	2045	305.89288	273.56293	2202.4257349781433
DPR	cnrm-esm2-1	ssp245	2046	307.32278	274.85794	1174.836623249545
DPR	cnrm-esm2-1	ssp245	2047	307.3757	273.50418	2250.9238354774025
DPR	cnrm-esm2-1	ssp245	2048	306.73465	274.73804	1053.1787429703027
DPR	cnrm-esm2-1	ssp245	2049	305.07553	276.23746	1852.7732550340863
DPR	cnrm-esm2-1	ssp245	2050	307.26053	275.1821	1445.5210419371328
DPR	cnrm-esm2-1	ssp245	2051	307.22958	275.1458	1629.9493063241193
DPR	cnrm-esm2-1	ssp245	2052	306.2991	273.63577	2350.7206910289606
DPR	cnrm-esm2-1	ssp245	2053	305.61227	273.81262	1365.9285666653345
DPR	cnrm-esm2-1	ssp245	2054	306.81876	272.00922	2396.0666892234785
DPR	cnrm-esm2-1	ssp245	2055	309.1465	274.37332	2425.4774370230402
DPR	cnrm-esm2-1	ssp245	2056	307.16034	273.13293	1435.7319291215317
DPR	cnrm-esm2-1	ssp245	2057	306.06796	272.90152	889.6671883296221
DPR	cnrm-esm2-1	ssp245	2058	304.52917	274.1606	2157.6090913731086
DPR	cnrm-esm2-1	ssp245	2059	306.62878	276.48032	2829.647989984295
DPR	cnrm-esm2-1	ssp245	2060	307.65817	273.27283	2425.370868248835
DPR	cnrm-esm2-1	ssp245	2061	307.16306	275.28745	1932.8970897942556
DPR	cnrm-esm2-1	ssp245	2062	306.40356	271.58057	1383.8976215338248
DPR	cnrm-esm2-1	ssp245	2063	307.5614	276.216	1506.293374526972
DPR	cnrm-esm2-1	ssp245	2064	307.11612	272.12994	1959.2833580157803
DPR	cnrm-esm2-1	ssp245	2065	306.61627	273.5139	986.7852097609782
DPR	cnrm-esm2-1	ssp245	2066	306.81793	275.99948	2044.0542506519425
DPR	cnrm-esm2-1	ssp245	2067	307.23627	274.21814	1877.1174436434871
DPR	cnrm-esm2-1	ssp245	2068	307.32678	274.6845	1845.7194266491056
DPR	cnrm-esm2-1	ssp245	2069	306.19418	275.04132	1027.7056114864276
DPR	cnrm-esm2-1	ssp245	2070	307.88943	276.39413	1301.0473894653483
DPR	cnrm-esm2-1	ssp370	2041	307.4707	274.47568	1346.215995837689
DPR	cnrm-esm2-1	ssp370	2042	304.28287	273.10938	1491.6893753193779
DPR	cnrm-esm2-1	ssp370	2043	305.58224	273.88904	1760.727786272712
DPR	cnrm-esm2-1	ssp370	2044	306.67307	274.73364	1553.1167625216585
DPR	cnrm-esm2-1	ssp370	2045	307.4399	271.57336	2306.3396339770134
DPR	cnrm-esm2-1	ssp370	2046	304.60733	276.02164	1214.1246654675278
DPR	cnrm-esm2-1	ssp370	2047	305.91534	272.3733	1232.81372906638
DPR	cnrm-esm2-1	ssp370	2048	304.15387	273.81546	2262.534439447302
DPR	cnrm-esm2-1	ssp370	2049	306.33218	276.10892	1692.284917971078
DPR	cnrm-esm2-1	ssp370	2050	305.039	275.01266	2105.53791308772
DPR	cnrm-esm2-1	ssp370	2051	306.5426	274.60016	2344.9815851635753
DPR	cnrm-esm2-1	ssp370	2052	305.72482	273.84766	1605.5664906045208
DPR	cnrm-esm2-1	ssp370	2053	307.11777	275.60498	2250.636698584963
DPR	cnrm-esm2-1	ssp370	2054	305.76797	275.58282	1934.7760400734512
DPR	cnrm-esm2-1	ssp370	2055	308.2715	273.5444	1763.7730322777654
DPR	cnrm-esm2-1	ssp370	2056	307.61844	274.427	1798.8390823651052
DPR	cnrm-esm2-1	ssp370	2057	306.8211	271.23917	1795.9603350608895
DPR	cnrm-esm2-1	ssp370	2058	307.94904	274.9998	1068.2313814758945
DPR	cnrm-esm2-1	ssp370	2059	306.14035	274.1657	1456.6347182029645
DPR	cnrm-esm2-1	ssp370	2060	306.66827	274.11398	2063.777468487346
DPR	cnrm-esm2-1	ssp370	2061	308.0659	274.5033	1322.3802858497654
DPR	cnrm-esm2-1	ssp370	2062	307.8124	275.50525	1586.0752961597934
DPR	cnrm-esm2-1	ssp370	2063	307.0115	275.82886	1740.2518487535244
DPR	cnrm-esm2-1	ssp370	2064	307.84982	273.9633	2008.520821033707
DPR	cnrm-esm2-1	ssp370	2065	307.01602	276.222	803.8999313721433
DPR	cnrm-esm2-1	ssp370	2066	308.4864	273.54904	2202.2180501196735
DPR	cnrm-esm2-1	ssp370	2067	308.13876	277.1606	1727.3632503230897
DPR	cnrm-esm2-1	ssp370	2068	307.76456	274.17368	2059.5649556605504
DPR	cnrm-esm2-1	ssp370	2069	307.21387	276.76483	2777.788961492414
DPR	cnrm-esm2-1	ssp370	2070	307.6811	276.03302	802.5475171627477
DPR	ec-earth3-veg	ssp245	2041	306.5352	271.4821	1295.1353604846859
DPR	ec-earth3-veg	ssp245	2042	306.9978	275.56512	2071.760015934649
DPR	ec-earth3-veg	ssp245	2043	305.217	275.51282	2287.5283820321274
DPR	ec-earth3-veg	ssp245	2044	305.6561	273.23212	1869.3986210971652
DPR	ec-earth3-veg	ssp245	2045	306.14713	274.84863	1545.0498240301035
DPR	ec-earth3-veg	ssp245	2046	306.4749	274.89572	1560.0368316052457
DPR	ec-earth3-veg	ssp245	2047	306.45987	276.62405	1204.6010243938965
DPR	ec-earth3-veg	ssp245	2048	308.1409	275.04675	2036.740508512519
DPR	ec-earth3-veg	ssp245	2049	305.82962	274.534	1622.5798683240746
DPR	ec-earth3-veg	ssp245	2050	307.74747	273.477	1924.7458918019952
DPR	ec-earth3-veg	ssp245	2051	305.69373	275.76834	2086.8717773467715
DPR	ec-earth3-veg	ssp245	2052	306.42578	275.8077	1931.5618048421838
DPR	ec-earth3-veg	ssp245	2053	305.12347	277.22226	1798.4031112398657
DPR	ec-earth3-veg	ssp245	2054	307.2868	273.00955	966.1664644139533
DPR	ec-earth3-veg	ssp245	2055	305.47342	274.8122	1012.3270528391004
DPR	ec-earth3-veg	ssp245	2056	305.98315	276.90698	1856.8495136336167
DPR	ec-earth3-veg	ssp245	2057	305.7561	273.48666	1487.9360200836868
DPR	ec-earth3-veg	ssp245	2058	305.5493	276.4161	1930.9397373930237
DPR	ec-earth3-veg	ssp245	2059	307.36166	276.33636	1490.6198231139167
DPR	ec-earth3-veg	ssp245	2060	308.91794	275.67093	1207.299602846604
DPR	ec-earth3-veg	ssp245	2061	307.89874	270.8492	1718.405229295573
DPR	ec-earth3-veg	ssp245	2062	305.91028	273.67737	1109.8309884604419
DPR	ec-earth3-veg	ssp245	2063	305.43173	276.0512	1455.7186125428293
DPR	ec-earth3-veg	ssp245	2064	308.35187	273.83453	2313.566839043003
DPR	ec-earth3-veg	ssp245	2065	308.06726	274.1225	1216.7000648332496
DPR	ec-earth3-veg	ssp245	2066	308.32797	275.8435	2883.3977501489294
DPR	ec-earth3-veg	ssp245	2067	305.94543	274.83005000000003	2587.2035607927705
DPR	ec-earth3-veg	ssp245	2068	305.20782	275.00723	1902.0713839621365
DPR	ec-earth3-veg	ssp245	2069	307.8681	276.33478	1245.6488477982596
DPR	ec-earth3-veg	ssp245	2070	307.29007	275.1472	2095.03279756748
DPR	ec-earth3-veg	ssp370	2041	306.6899	270.97098	1392.7134017692756
DPR	ec-earth3-veg	ssp370	2042	308.1742	268.55524	1970.1977977135898
DPR	ec-earth3-veg	ssp370	2043	305.85013	276.18582	2990.9521999448225
DPR	ec-earth3-veg	ssp370	2044	307.21725	274.96777	2558.4410967304552
DPR	ec-earth3-veg	ssp370	2045	306.80325	270.89163	1084.8517399281131
DPR	ec-earth3-veg	ssp370	2046	306.38358	271.61987	1451.6354872786692
DPR	ec-earth3-veg	ssp370	2047	304.45364	269.71805	1558.4542932919962
DPR	ec-earth3-veg	ssp370	2048	305.36395	277.26898	1832.6673773349648
DPR	ec-earth3-veg	ssp370	2049	305.8108	272.44595	1660.1147760345802
DPR	ec-earth3-veg	ssp370	2050	306.93445	273.35995	2107.394371158394
DPR	ec-earth3-veg	ssp370	2051	305.73883	272.75482	822.9770407313481
DPR	ec-earth3-veg	ssp370	2052	304.7566	275.47363	2526.0921334381733
DPR	ec-earth3-veg	ssp370	2053	307.63483	274.8525	2133.225600962701
DPR	ec-earth3-veg	ssp370	2054	306.83212	273.91907	1353.125659469498
DPR	ec-earth3-veg	ssp370	2055	306.6173	274.36176	2554.212900996175
DPR	ec-earth3-veg	ssp370	2056	303.92972	273.89145	1700.928260246261
DPR	ec-earth3-veg	ssp370	2057	308.70996	272.79324	945.0285418890384
DPR	ec-earth3-veg	ssp370	2058	306.23975	272.4856	2045.0317027279611
DPR	ec-earth3-veg	ssp370	2059	306.781	271.0524	2255.781957087964
DPR	ec-earth3-veg	ssp370	2060	307.45764	275.58932	2199.743995035493
DPR	ec-earth3-veg	ssp370	2061	306.90106	276.3982	1894.906597305041
DPR	ec-earth3-veg	ssp370	2062	307.99057	275.75998	1295.7228095212258
DPR	ec-earth3-veg	ssp370	2063	305.44446	273.97964	1781.1498409369497
DPR	ec-earth3-veg	ssp370	2064	305.31668	276.87494	1840.6093412573514
DPR	ec-earth3-veg	ssp370	2065	308.5566	274.68756	1716.8653104453629
DPR	ec-earth3-veg	ssp370	2066	306.32193	277.07138	2379.3550358153825
DPR	ec-earth3-veg	ssp370	2067	305.5876	276.82986	2150.951338873624
DPR	ec-earth3-veg	ssp370	2068	308.14325	275.61337	1978.4628995228018
DPR	ec-earth3-veg	ssp370	2069	308.15482	274.9656	1593.4226747718524
DPR	ec-earth3-veg	ssp370	2070	310.39474	275.3907	1081.8965017329765
DPR	miroc6	ssp245	2041	306.24307	272.1859	1450.52614454176
DPR	miroc6	ssp245	2042	304.68588	276.0129	2230.252671148587
DPR	miroc6	ssp245	2043	304.83197	274.50565	1707.145250262668
DPR	miroc6	ssp245	2044	305.63156	274.4552	2392.6607031840567
DPR	miroc6	ssp245	2045	307.85403	273.5029	765.0949750095606
DPR	miroc6	ssp245	2046	308.4857	273.7452	1354.9608700442664
DPR	miroc6	ssp245	2047	304.5607	275.0769	1341.9061895459736
DPR	miroc6	ssp245	2048	305.59363	274.71075	2168.637331319011
DPR	miroc6	ssp245	2049	304.44455	272.33533	1521.2390725733287
DPR	miroc6	ssp245	2050	306.7492	273.28867	1166.2002475932127
DPR	miroc6	ssp245	2051	306.13223	274.71368	892.8063598461337
DPR	miroc6	ssp245	2052	305.22653	274.505	2323.1413745611717
DPR	miroc6	ssp245	2053	306.03125	275.84528	1606.1568680946523
DPR	miroc6	ssp245	2054	305.7342	273.74533	1400.6061282707217
DPR	miroc6	ssp245	2055	306.40552	276.2867	1970.4397771157794
DPR	miroc6	ssp245	2056	305.29974	272.73853	1698.6913645639615
DPR	miroc6	ssp245	2057	306.89343	274.13757	1914.2092247026999
DPR	miroc6	ssp245	2058	305.88635	272.86017	2030.6017767375674
DPR	miroc6	ssp245	2059	305.39508	274.7728	1899.1880591958309
DPR	miroc6	ssp245	2060	303.75375	275.39755	3381.627652927943
DPR	miroc6	ssp245	2061	306.04172	274.6609	605.0504408602137
DPR	miroc6	ssp245	2062	308.42395	272.38116	1081.9310129619817
DPR	miroc6	ssp245	2063	308.75113	270.35367	1245.7860183901876
DPR	miroc6	ssp245	2064	308.47397	275.23428	1422.256991994763
DPR	miroc6	ssp245	2065	306.96823	275.83963	1414.2727424972663
DPR	miroc6	ssp245	2066	304.3858	276.23145	2180.812009423915
DPR	miroc6	ssp245	2067	308.33002	273.69543	900.2091988920919
DPR	miroc6	ssp245	2068	308.1217	274.6763	1313.7956459584357
DPR	miroc6	ssp245	2069	309.78424	273.8846	1722.4255573935347
DPR	miroc6	ssp245	2070	308.41013	275.25638	952.4336847534775
DPR	miroc6	ssp370	2041	310.6446	273.1144	902.2535112861078
DPR	miroc6	ssp370	2042	306.4466	274.64743	1543.3980457484552
DPR	miroc6	ssp370	2043	307.9014	274.3325	957.4772698804517
DPR	miroc6	ssp370	2044	310.46246	269.01288	1116.7661709012445
DPR	miroc6	ssp370	2045	306.6461	275.92548	1844.1091076703383
DPR	miroc6	ssp370	2046	305.26035	275.3679	1543.4536001644847
DPR	miroc6	ssp370	2047	306.4228	274.21472	1306.373023800551
DPR	miroc6	ssp370	2048	305.59375	275.19925	1378.5119178704758
DPR	miroc6	ssp370	2049	305.93555	275.53598	1474.1794964298433
DPR	miroc6	ssp370	2050	305.99927	274.95532	1514.5604151883053
DPR	miroc6	ssp370	2051	305.7041	274.15015	2186.836717743362
DPR	miroc6	ssp370	2052	305.03342	275.8174	2511.9241442530883
DPR	miroc6	ssp370	2053	306.75986	276.00104	1688.6868938337525
DPR	miroc6	ssp370	2054	308.3279	275.5535	1692.0810723909785
DPR	miroc6	ssp370	2055	306.222	274.73843	2270.1440029427918
DPR	miroc6	ssp370	2056	305.77832	275.68958	2064.061585301474
DPR	miroc6	ssp370	2057	306.6203	274.74185	1695.2112090540713
DPR	miroc6	ssp370	2058	308.99707	275.0548	1066.8339489027805
DPR	miroc6	ssp370	2059	309.10135	272.33914	1235.709682636653
DPR	miroc6	ssp370	2060	307.54767	274.43784	1104.4516452471566
DPR	miroc6	ssp370	2061	306.52954	275.79697	1681.6463503986379
DPR	miroc6	ssp370	2062	309.03033	275.11548	830.354412399156
DPR	miroc6	ssp370	2063	306.27997	272.25183	2105.041149537956
DPR	miroc6	ssp370	2064	307.10587	274.01453	2091.8013262096274
DPR	miroc6	ssp370	2065	306.5402	273.28314	1540.8389329444296
DPR	miroc6	ssp370	2066	309.07816	274.5928	1220.4396938904931
DPR	miroc6	ssp370	2067	309.78366	274.01273	1255.55453938431
DPR	miroc6	ssp370	2068	306.75748	272.36316	1399.2521896026783
DPR	miroc6	ssp370	2069	306.42578	277.3863	1232.9306691884995
DPR	miroc6	ssp370	2070	307.31952	275.87943	1212.8335511544494
DPR	mpi-esm1-2-hr	ssp245	2041	303.524	272.73135	2117.2655759146264
DPR	mpi-esm1-2-hr	ssp245	2042	304.53696	271.07782	1704.8369022610027
DPR	mpi-esm1-2-hr	ssp245	2043	308.9665	273.24298	819.9875710532069
DPR	mpi-esm1-2-hr	ssp245	2044	306.86142	273.05164	1203.6953215432732
DPR	mpi-esm1-2-hr	ssp245	2045	304.10965	272.17157	1993.2262554997146
DPR	mpi-esm1-2-hr	ssp245	2046	304.21094	274.9392	1665.115291904619
DPR	mpi-esm1-2-hr	ssp245	2047	305.101	272.78775	1743.1377055355779
DPR	mpi-esm1-2-hr	ssp245	2048	305.74713	274.57098	2406.509409751678
DPR	mpi-esm1-2-hr	ssp245	2049	307.04327	271.75638	1111.1089903861248
DPR	mpi-esm1-2-hr	ssp245	2050	308.76266	274.50433	792.8525970317298
DPR	mpi-esm1-2-hr	ssp245	2051	305.5038	273.0661	2151.764979539394
DPR	mpi-esm1-2-hr	ssp245	2052	305.88965	274.10706	1834.8282836260607
DPR	mpi-esm1-2-hr	ssp245	2053	306.339	274.45367	2473.2880862778356
DPR	mpi-esm1-2-hr	ssp245	2054	307.10852	272.81558	1458.3170092708065
DPR	mpi-esm1-2-hr	ssp245	2055	303.82968	274.30862	997.9936950955987
DPR	mpi-esm1-2-hr	ssp245	2056	306.99188	275.04126	851.1845460175925
DPR	mpi-esm1-2-hr	ssp245	2057	305.46484	273.25226	1104.3918371200534
DPR	mpi-esm1-2-hr	ssp245	2058	306.62924	273.33563	1813.9409808441515
DPR	mpi-esm1-2-hr	ssp245	2059	304.80334	276.50076	1265.5596173834056
DPR	mpi-esm1-2-hr	ssp245	2060	305.90985	271.87253	1778.7174975557289
DPR	mpi-esm1-2-hr	ssp245	2061	306.30038	270.11304	1793.6416982207134
DPR	mpi-esm1-2-hr	ssp245	2062	305.79	271.8049	1389.9779721221287
DPR	mpi-esm1-2-hr	ssp245	2063	303.6063	270.44992	2101.927155163078
DPR	mpi-esm1-2-hr	ssp245	2064	305.24475	271.922	1292.3195494338675
DPR	mpi-esm1-2-hr	ssp245	2065	306.8205	275.19147	1468.9227732829568
DPR	mpi-esm1-2-hr	ssp245	2066	307.31653	274.35968	1911.5075734443653
DPR	mpi-esm1-2-hr	ssp245	2067	307.8542	275.48398	1643.6814977321505
DPR	mpi-esm1-2-hr	ssp245	2068	306.1291	275.39798	974.5338762179005
DPR	mpi-esm1-2-hr	ssp245	2069	307.89984	271.22092	1637.4858975992236
DPR	mpi-esm1-2-hr	ssp245	2070	305.51285	275.56277	1636.8751312605905
DPR	mpi-esm1-2-hr	ssp370	2041	308.77545	273.58237	1517.9347069467967
DPR	mpi-esm1-2-hr	ssp370	2042	305.13965	272.8846	1551.321755535831
DPR	mpi-esm1-2-hr	ssp370	2043	305.71268	270.36435	1707.4283230583383
DPR	mpi-esm1-2-hr	ssp370	2044	307.73654	272.64243	1416.8105810880513
DPR	mpi-esm1-2-hr	ssp370	2045	305.5969	273.66232	2348.572714347374
DPR	mpi-esm1-2-hr	ssp370	2046	306.1603	273.9865	1784.6837048534726
DPR	mpi-esm1-2-hr	ssp370	2047	304.125	272.2199	1541.501500073341
DPR	mpi-esm1-2-hr	ssp370	2048	305.3056	272.78198	1121.5135384699902
DPR	mpi-esm1-2-hr	ssp370	2049	307.1269	272.4579	1117.650058306729
DPR	mpi-esm1-2-hr	ssp370	2050	305.34338	275.30106	1371.667821519046
DPR	mpi-esm1-2-hr	ssp370	2051	308.02194	275.03406	1503.1694530974637
DPR	mpi-esm1-2-hr	ssp370	2052	305.47507	273.25766	1966.617910587171
DPR	mpi-esm1-2-hr	ssp370	2053	308.5557	274.90677	2166.13681053274
DPR	mpi-esm1-2-hr	ssp370	2054	307.4317	274.45358	1780.2422197535348
DPR	mpi-esm1-2-hr	ssp370	2055	303.10184	270.16232	2137.5486323260116
DPR	mpi-esm1-2-hr	ssp370	2056	305.6668	274.00385	1253.2906271517124
DPR	mpi-esm1-2-hr	ssp370	2057	305.09384	273.80765	2265.067251725073
DPR	mpi-esm1-2-hr	ssp370	2058	304.82162	273.99316	1995.5405552551188
DPR	mpi-esm1-2-hr	ssp370	2059	304.2494	275.4146	1773.6359389498223
DPR	mpi-esm1-2-hr	ssp370	2060	307.61542	274.8575	1294.3251900840396
DPR	mpi-esm1-2-hr	ssp370	2061	306.35196	274.1179	1299.2633145767877
DPR	mpi-esm1-2-hr	ssp370	2062	306.9834	274.61423	1716.1395546630688
DPR	mpi-esm1-2-hr	ssp370	2063	304.64432	275.34705	1394.6122223060074
DPR	mpi-esm1-2-hr	ssp370	2064	306.92352	273.86655	1739.4589410395802
DPR	mpi-esm1-2-hr	ssp370	2065	306.0548	274.8079	867.5428460614057
DPR	mpi-esm1-2-hr	ssp370	2066	305.57974	274.16382	1783.3764664828561
DPR	mpi-esm1-2-hr	ssp370	2067	306.90094	275.76743	1699.22031462185
DPR	mpi-esm1-2-hr	ssp370	2068	306.36105	274.38596	2061.5322148427085
DPR	mpi-esm1-2-hr	ssp370	2069	305.79465	273.38507	1619.4862960371936
DPR	mpi-esm1-2-hr	ssp370	2070	306.02924	274.58344	1717.0215105637797
DPR	mri-esm2-0	ssp245	2041	305.3444	270.97324	2260.533694666743
DPR	mri-esm2-0	ssp245	2042	307.94882	272.04715	2074.1092236712343
DPR	mri-esm2-0	ssp245	2043	306.38635	274.71616	1626.880282025302
DPR	mri-esm2-0	ssp245	2044	305.80435	276.90335	996.0971948399515
DPR	mri-esm2-0	ssp245	2045	305.57605	274.9139	2674.0640563890042
DPR	mri-esm2-0	ssp245	2046	307.50858	274.92062	2351.577685726749
DPR	mri-esm2-0	ssp245	2047	304.15372	271.74457	1943.672798766035
DPR	mri-esm2-0	ssp245	2048	307.98044	271.17615	1411.5619567455424
DPR	mri-esm2-0	ssp245	2049	305.8122	276.22324	1433.2249634899097
DPR	mri-esm2-0	ssp245	2050	305.00977	273.9861	1775.162927876197
DPR	mri-esm2-0	ssp245	2051	304.33734	273.07596	1818.5681373055363
DPR	mri-esm2-0	ssp245	2052	306.26584	274.27203	1203.986358270049
DPR	mri-esm2-0	ssp245	2053	305.27866	274.34634	1821.340632671456
DPR	mri-esm2-0	ssp245	2054	305.77625	274.65753	2120.6710294936483
DPR	mri-esm2-0	ssp245	2055	306.93488	274.80344	926.3271091156473
DPR	mri-esm2-0	ssp245	2056	304.6467	275.34442	1319.3946867249817
DPR	mri-esm2-0	ssp245	2057	306.43558	273.43848	2370.136168599096
DPR	mri-esm2-0	ssp245	2058	307.69308	274.49643	1820.603258628349
DPR	mri-esm2-0	ssp245	2059	305.75897	274.08392	1630.4492809809633
DPR	mri-esm2-0	ssp245	2060	307.85037	274.1827	359.1931570786983
DPR	mri-esm2-0	ssp245	2061	308.61472	274.4401	1701.6210410452754
DPR	mri-esm2-0	ssp245	2062	306.0502	275.26288	1871.0498669184303
DPR	mri-esm2-0	ssp245	2063	306.5103	272.50793	1423.1503777205833
DPR	mri-esm2-0	ssp245	2064	306.59125	274.3728	2690.1588301435786
DPR	mri-esm2-0	ssp245	2065	307.05344	273.93628	1673.9894953672706
DPR	mri-esm2-0	ssp245	2066	307.00677	275.33664	1970.7193694309651
DPR	mri-esm2-0	ssp245	2067	306.78497	272.55606	1386.807443120029
DPR	mri-esm2-0	ssp245	2068	307.7071	275.0453	1605.7068897876693
DPR	mri-esm2-0	ssp245	2069	306.77423	274.9644	1181.8613587165548
DPR	mri-esm2-0	ssp245	2070	306.9174	275.0419	2738.4589193388665
DPR	mri-esm2-0	ssp370	2041	306.3772	272.23697	1247.053894138644
DPR	mri-esm2-0	ssp370	2042	307.81625	273.23697	1247.6601458794344
DPR	mri-esm2-0	ssp370	2043	305.61078	274.87408	1359.2675317078551
DPR	mri-esm2-0	ssp370	2044	305.64	274.60568	1416.133914602656
DPR	mri-esm2-0	ssp370	2045	307.34332	274.1963	994.5465332712047
DPR	mri-esm2-0	ssp370	2046	305.21405	273.60733	2404.133801534746
DPR	mri-esm2-0	ssp370	2047	308.87784	274.6563	2465.8844952572854
DPR	mri-esm2-0	ssp370	2048	306.43707	272.68588	1200.3550563007384
DPR	mri-esm2-0	ssp370	2049	309.82605	273.71674	2157.4838591390007
DPR	mri-esm2-0	ssp370	2050	304.60056	274.1491	2388.6842417762778
DPR	mri-esm2-0	ssp370	2051	308.3856	274.77164	2709.91919298535
DPR	mri-esm2-0	ssp370	2052	305.6566	274.20004	1774.260165629641
DPR	mri-esm2-0	ssp370	2053	307.49832	276.03113	1348.414741549617
DPR	mri-esm2-0	ssp370	2054	304.95035	274.0635	1833.4034513448946
DPR	mri-esm2-0	ssp370	2055	305.65457	270.845	1879.886720515744
DPR	mri-esm2-0	ssp370	2056	306.75168	274.88193	1564.4167757243356
DPR	mri-esm2-0	ssp370	2057	306.93015	275.88202	1695.4285377636247
DPR	mri-esm2-0	ssp370	2058	309.99786	274.80426	1698.7756582471707
DPR	mri-esm2-0	ssp370	2059	306.44495	273.44354	1400.9450308279938
DPR	mri-esm2-0	ssp370	2060	303.53735	273.14246	1142.4990057013745
DPR	mri-esm2-0	ssp370	2061	307.41266	274.00867	2040.8091011282263
DPR	mri-esm2-0	ssp370	2062	305.57996	272.77805	1665.9672134555635
DPR	mri-esm2-0	ssp370	2063	308.0107	274.59146	746.5909061953425
DPR	mri-esm2-0	ssp370	2064	307.83078	274.5009	1742.4323935294328
DPR	mri-esm2-0	ssp370	2065	306.0916	275.89908	1333.6149095208125
DPR	mri-esm2-0	ssp370	2066	306.40674	274.534	1489.4409235333878
DPR	mri-esm2-0	ssp370	2067	309.15723	273.8303	1690.9851953386867
DPR	mri-esm2-0	ssp370	2068	307.01755000000003	273.45587	1408.518389216604
DPR	mri-esm2-0	ssp370	2069	307.62415	273.83734	1310.3000902337658
DPR	mri-esm2-0	ssp370	2070	306.41956	273.21323	2289.4590714945807
FR	access-cm2	ssp245	2041	305.64877	268.8063	1242.610933771346
FR	access-cm2	ssp245	2042	305.7755	264.28546	951.5901764854789
FR	access-cm2	ssp245	2043	307.15878	268.71213	1654.8830551095152
FR	access-cm2	ssp245	2044	305.46793	269.80527	952.9166255495434
FR	access-cm2	ssp245	2045	305.6879	269.86063	1401.6424590255915
FR	access-cm2	ssp245	2046	304.9134	267.78125	1449.116863310313
FR	access-cm2	ssp245	2047	307.9446	269.71857	1385.874364891746
FR	access-cm2	ssp245	2048	306.04367	269.51923	991.2914240034297
FR	access-cm2	ssp245	2049	308.6599	264.83926	875.6347272894088
FR	access-cm2	ssp245	2050	306.06464	266.04498	1346.6311953495874
FR	access-cm2	ssp245	2051	306.16034	269.77274	883.1490241427673
FR	access-cm2	ssp245	2052	308.75388	268.47543	1766.3438315503051
FR	access-cm2	ssp245	2053	307.33075	269.13464	899.3924838490784
FR	access-cm2	ssp245	2054	309.2463	270.21893	562.3080346151148
FR	access-cm2	ssp245	2055	307.06573	269.58072	1037.7676977164742
FR	access-cm2	ssp245	2056	307.93353	269.2352	1689.4404805730815
FR	access-cm2	ssp245	2057	308.06744	267.517	1734.0178888407245
FR	access-cm2	ssp245	2058	308.16617	269.74335	2337.4935265222484
FR	access-cm2	ssp245	2059	310.22446	269.74326	1993.8221138901442
FR	access-cm2	ssp245	2060	307.41214	269.4866	1057.8440773766165
FR	access-cm2	ssp245	2061	308.52853	268.4876	1140.7306814566255
FR	access-cm2	ssp245	2062	305.42007	266.79654	1340.8614029176265
FR	access-cm2	ssp245	2063	306.42316	269.85574	1428.4754589876638
FR	access-cm2	ssp245	2064	307.88574	269.8483	1384.094271040488
FR	access-cm2	ssp245	2065	307.6823	269.00888	1393.4120784513486
FR	access-cm2	ssp245	2066	308.0038	268.81085	853.5646551987156
FR	access-cm2	ssp245	2067	308.0367	266.54712	780.4482826497406
FR	access-cm2	ssp245	2068	306.94342	267.9581	1172.326010232772
FR	access-cm2	ssp245	2069	307.03796	269.1507	1755.3922833466804
FR	access-cm2	ssp245	2070	305.67355	269.70905	1480.1939440425226
FR	access-cm2	ssp370	2041	305.53506	268.08072	798.7107414286477
FR	access-cm2	ssp370	2042	305.9926	269.25455	1213.4877578849978
FR	access-cm2	ssp370	2043	305.84503	269.2315	885.8149084975378
FR	access-cm2	ssp370	2044	307.07794	267.82855	1564.6513641346214
FR	access-cm2	ssp370	2045	306.256	269.18677	1107.043362921103
FR	access-cm2	ssp370	2046	306.253	269.2104	1544.9669865192493
FR	access-cm2	ssp370	2047	306.83975	264.25934	919.8150870040733
FR	access-cm2	ssp370	2048	305.14194	266.87305	996.9645808450878
FR	access-cm2	ssp370	2049	306.58307	270.1216	1668.4577218489499
FR	access-cm2	ssp370	2050	308.33334	264.67496	1225.8407961577127
FR	access-cm2	ssp370	2051	305.64972	267.05728	1154.3246720451596
FR	access-cm2	ssp370	2052	305.40338	270.6638	2023.9303335092409
FR	access-cm2	ssp370	2053	307.9273	267.52914	1045.1421987265348
FR	access-cm2	ssp370	2054	305.8349	268.42154	775.7607030915096
FR	access-cm2	ssp370	2055	306.95847	268.22937	840.2264487318371
FR	access-cm2	ssp370	2056	305.9564	267.97595	655.7922407635488
FR	access-cm2	ssp370	2057	306.09198	268.26443	1170.09574547408
FR	access-cm2	ssp370	2058	308.34845	268.76947	1359.7358075261347
FR	access-cm2	ssp370	2059	306.82727	268.8341	999.0904293022879
FR	access-cm2	ssp370	2060	306.68323	270.86703	1166.4322679978773
FR	access-cm2	ssp370	2061	306.41483	269.99695	1529.4828350655218
FR	access-cm2	ssp370	2062	307.03708	271.003	1944.8556348681118
FR	access-cm2	ssp370	2063	304.23816	268.0716	1152.2387210279649
FR	access-cm2	ssp370	2064	305.44446	269.5013	2458.639013150172
FR	access-cm2	ssp370	2065	310.14624	269.48575	1627.8206918388419
FR	access-cm2	ssp370	2066	307.87448	268.29462	1188.9065548544613
FR	access-cm2	ssp370	2067	308.38693	267.72418	832.7382741845197
FR	access-cm2	ssp370	2068	306.03973	271.39975	1656.1898411717232
FR	access-cm2	ssp370	2069	307.3715	268.31577	2874.932180810667
FR	access-cm2	ssp370	2070	308.87906	270.5206	1128.4712869848154
FR	cnrm-esm2-1	ssp245	2041	306.48526	266.97513	1572.7864336687796
FR	cnrm-esm2-1	ssp245	2042	306.50998	267.69626	1512.4335046391816
FR	cnrm-esm2-1	ssp245	2043	304.44836	267.9177	1447.7353306836276
FR	cnrm-esm2-1	ssp245	2044	305.6286	268.16653	1002.4844598927043
FR	cnrm-esm2-1	ssp245	2045	305.57907	268.19925	1536.1989020369817
FR	cnrm-esm2-1	ssp245	2046	306.2072	269.26514	1133.925500290909
FR	cnrm-esm2-1	ssp245	2047	306.89072	267.91284	1961.2368720815882
FR	cnrm-esm2-1	ssp245	2048	305.79288	266.72433	782.4147645151243
FR	cnrm-esm2-1	ssp245	2049	304.45377	269.27618	1299.195782002025
FR	cnrm-esm2-1	ssp245	2050	306.60352	268.58243	988.3443958824365
FR	cnrm-esm2-1	ssp245	2051	306.69623	269.5692	1057.577060116436
FR	cnrm-esm2-1	ssp245	2052	305.6332	267.5627	1664.9475737940406
FR	cnrm-esm2-1	ssp245	2053	305.18854	266.73895	1007.0453436579555
FR	cnrm-esm2-1	ssp245	2054	306.2012	266.15146	2046.2178893386613
FR	cnrm-esm2-1	ssp245	2055	308.64072	269.20978	1719.0294583327786
FR	cnrm-esm2-1	ssp245	2056	306.85712	268.37338	1138.1798472488158
FR	cnrm-esm2-1	ssp245	2057	305.098	267.5571	565.6016394495964
FR	cnrm-esm2-1	ssp245	2058	303.827	268.12546	1496.644986374263
FR	cnrm-esm2-1	ssp245	2059	306.045	271.07907	1842.3137115546324
FR	cnrm-esm2-1	ssp245	2060	307.50284	267.0899	1871.8400175624554
FR	cnrm-esm2-1	ssp245	2061	306.43704	269.35046	1859.2769581591579
FR	cnrm-esm2-1	ssp245	2062	305.77792	266.40738	946.5983313275284
FR	cnrm-esm2-1	ssp245	2063	306.66034	268.1786	1487.9671698028444
FR	cnrm-esm2-1	ssp245	2064	306.0959	267.06412	1558.7175349239064
FR	cnrm-esm2-1	ssp245	2065	305.97842	267.39462	696.3066500786226
FR	cnrm-esm2-1	ssp245	2066	306.11777	271.23666	1727.9374768025857
FR	cnrm-esm2-1	ssp245	2067	306.97202	268.25128	1065.0644038338012
FR	cnrm-esm2-1	ssp245	2068	306.2443	267.53873	1384.9448966444227
FR	cnrm-esm2-1	ssp245	2069	305.59018	269.1686	982.1499251061803
FR	cnrm-esm2-1	ssp245	2070	307.0024	269.83664	1216.307150234914
FR	cnrm-esm2-1	ssp370	2041	306.47864	267.85443	745.6509289273527
FR	cnrm-esm2-1	ssp370	2042	303.22488	267.37085	891.7716478463262
FR	cnrm-esm2-1	ssp370	2043	304.99002	266.94	1284.4844798440936
FR	cnrm-esm2-1	ssp370	2044	305.83658	269.06992	1037.6877226517486
FR	cnrm-esm2-1	ssp370	2045	306.83853	265.44318	1810.4573495685759
FR	cnrm-esm2-1	ssp370	2046	303.33548	268.6261	1199.0568463399497
FR	cnrm-esm2-1	ssp370	2047	304.18472	264.07712	1024.8281203675758
FR	cnrm-esm2-1	ssp370	2048	303.44995	268.35904	1924.8933638445674
FR	cnrm-esm2-1	ssp370	2049	305.55444	269.65686	1425.4163663601078
FR	cnrm-esm2-1	ssp370	2050	304.07138	268.8626	1733.6859871632764
FR	cnrm-esm2-1	ssp370	2051	305.83292	268.5588	1617.3013457329566
FR	cnrm-esm2-1	ssp370	2052	304.8889	268.17313	1152.3052314296256
FR	cnrm-esm2-1	ssp370	2053	306.11725	270.45782	1668.6011674347767
FR	cnrm-esm2-1	ssp370	2054	305.21893	269.28284	1303.6260781060184
FR	cnrm-esm2-1	ssp370	2055	307.76602	267.58575	1639.9496393277796
FR	cnrm-esm2-1	ssp370	2056	306.82913	269.90585	1167.7111982716733
FR	cnrm-esm2-1	ssp370	2057	306.18106	265.65463	1239.2294097924605
FR	cnrm-esm2-1	ssp370	2058	306.71182	269.92664	763.7965184636191
FR	cnrm-esm2-1	ssp370	2059	305.40173	268.06192	944.6511915419067
FR	cnrm-esm2-1	ssp370	2060	305.93997	268.70398	1418.747694179167
FR	cnrm-esm2-1	ssp370	2061	307.00717	268.57913	1032.7472196891754
FR	cnrm-esm2-1	ssp370	2062	307.28165	269.35184	1106.4962744770776
FR	cnrm-esm2-1	ssp370	2063	306.42307	268.31818	1341.75607091745
FR	cnrm-esm2-1	ssp370	2064	306.9362	267.95276	1510.6727545964336
FR	cnrm-esm2-1	ssp370	2065	306.27917	269.8272	451.9139835698297
FR	cnrm-esm2-1	ssp370	2066	307.52435	267.9344	1375.9288179455066
FR	cnrm-esm2-1	ssp370	2067	307.70703	270.9275	1189.5200894214072
FR	cnrm-esm2-1	ssp370	2068	307.73724	268.6611	1581.8999287322802
FR	cnrm-esm2-1	ssp370	2069	306.1139	271.28464	2551.0020660934615
FR	cnrm-esm2-1	ssp370	2070	306.9688	269.62076	550.2999779535457
FR	ec-earth3-veg	ssp245	2041	305.44333	264.5505	911.0245747491624
FR	ec-earth3-veg	ssp245	2042	305.69226	269.9829	1539.2860382795238
FR	ec-earth3-veg	ssp245	2043	304.42944	269.71774	1483.4774079266333
FR	ec-earth3-veg	ssp245	2044	304.60626	266.96255	1251.6959767788487
FR	ec-earth3-veg	ssp245	2045	305.30438	268.1054	1205.5549413431163
FR	ec-earth3-veg	ssp245	2046	305.6777	267.96594	1264.9118662636865
FR	ec-earth3-veg	ssp245	2047	305.4075	268.94803	841.4585739606849
FR	ec-earth3-veg	ssp245	2048	306.4169	268.709	1573.4534592694527
FR	ec-earth3-veg	ssp245	2049	304.80136	268.6432	1176.0006542899423
FR	ec-earth3-veg	ssp245	2050	307.2165	267.34506	1394.7244427748817
FR	ec-earth3-veg	ssp245	2051	304.84152	268.4025	1598.8600560114485
FR	ec-earth3-veg	ssp245	2052	305.49722	270.40793	1241.1717102862883
FR	ec-earth3-veg	ssp245	2053	304.52527	271.28775	1177.4163932539298
FR	ec-earth3-veg	ssp245	2054	306.24905	267.71234	707.2822283080313
FR	ec-earth3-veg	ssp245	2055	304.383	267.9884	715.0410289177671
FR	ec-earth3-veg	ssp245	2056	305.07324	270.19553	1732.6512204715668
FR	ec-earth3-veg	ssp245	2057	304.68298	268.03406	1272.4864670075335
FR	ec-earth3-veg	ssp245	2058	305.1913	268.36984	1399.6613506867573
FR	ec-earth3-veg	ssp245	2059	305.8944	269.2515	989.5950523204926
FR	ec-earth3-veg	ssp245	2060	307.73746	269.30795	1028.3928597578747
FR	ec-earth3-veg	ssp245	2061	307.00323	265.00302	1445.9278910304106
FR	ec-earth3-veg	ssp245	2062	305.04333	268.6104	727.9627954820171
FR	ec-earth3-veg	ssp245	2063	304.40543	270.00888	1060.3684784145794
FR	ec-earth3-veg	ssp245	2064	307.42142	269.61618	1914.1411012038172
FR	ec-earth3-veg	ssp245	2065	306.82867	268.75766	823.9912454620935
FR	ec-earth3-veg	ssp245	2066	307.4803	269.7769	2298.6116825166273
FR	ec-earth3-veg	ssp245	2067	305.07526	270.15366	2006.2413912265981
FR	ec-earth3-veg	ssp245	2068	304.3094	269.43314	1319.4184096588044
FR	ec-earth3-veg	ssp245	2069	306.87552	270.67038	815.1804890250594
FR	ec-earth3-veg	ssp245	2070	306.0131	269.25137	1474.9685939401152
FR	ec-earth3-veg	ssp370	2041	305.60315	264.0115	1202.6721633388495
FR	ec-earth3-veg	ssp370	2042	307.00565	261.9231	1261.1570587846986
FR	ec-earth3-veg	ssp370	2043	304.64648	269.9515	2534.552558671523
FR	ec-earth3-veg	ssp370	2044	306.12936	268.76324	2018.5660263988718
FR	ec-earth3-veg	ssp370	2045	305.91672	264.9909	743.6898295403807
FR	ec-earth3-veg	ssp370	2046	305.41772	265.04434	1380.2290121326175
FR	ec-earth3-veg	ssp370	2047	303.76013	261.56378	1175.713467970475
FR	ec-earth3-veg	ssp370	2048	304.97687	270.81717	1433.0756224924467
FR	ec-earth3-veg	ssp370	2049	304.89264	265.5546	1200.390045809004
FR	ec-earth3-veg	ssp370	2050	306.23065	268.3465	1305.3271163021943
FR	ec-earth3-veg	ssp370	2051	304.6337	265.31955	644.6759416430723
FR	ec-earth3-veg	ssp370	2052	304.06464	270.89832	1757.033924292739
FR	ec-earth3-veg	ssp370	2053	306.4244	269.97626	1630.149176996199
FR	ec-earth3-veg	ssp370	2054	305.6276	270.11752	1518.6003283364455
FR	ec-earth3-veg	ssp370	2055	305.90833	269.33136	1756.842950172705
FR	ec-earth3-veg	ssp370	2056	302.8478	266.1414	1434.621959784957
FR	ec-earth3-veg	ssp370	2057	307.94244	266.41635	618.1907457212219
FR	ec-earth3-veg	ssp370	2058	305.1429	266.9746	1642.6423638593044
FR	ec-earth3-veg	ssp370	2059	306.19125	264.25748	1589.0225644223235
FR	ec-earth3-veg	ssp370	2060	306.0695	270.40015	2255.4308613762214
FR	ec-earth3-veg	ssp370	2061	306.11777	271.42978	1520.6563501443807
FR	ec-earth3-veg	ssp370	2062	306.8171	269.23267	1010.9915931243111
FR	ec-earth3-veg	ssp370	2063	304.19626	268.55228	1211.6548265330234
FR	ec-earth3-veg	ssp370	2064	304.24832	271.7835	1278.1251189065829
FR	ec-earth3-veg	ssp370	2065	307.91187	268.5355	1201.2482466757963
FR	ec-earth3-veg	ssp370	2066	305.39627	270.45624	2046.0599384502866
FR	ec-earth3-veg	ssp370	2067	305.0446	271.3127	1515.522146166744
FR	ec-earth3-veg	ssp370	2068	307.1908	270.28412	1580.9191030056777
FR	ec-earth3-veg	ssp370	2069	307.41833	270.0611	1241.8572609865473
FR	ec-earth3-veg	ssp370	2070	309.6268	269.33893	824.6656854520552
FR	miroc6	ssp245	2041	304.7881	265.4798	1288.5961588471712
FR	miroc6	ssp245	2042	304.1314	270.01736	1613.1982417311183
FR	miroc6	ssp245	2043	303.62527	266.8379	1412.7200675429763
FR	miroc6	ssp245	2044	304.5889	268.79767	2113.6561513412535
FR	miroc6	ssp245	2045	306.68402	267.55093	643.7325508450158
FR	miroc6	ssp245	2046	306.26324	266.78278	1148.5717115225034
FR	miroc6	ssp245	2047	303.91232	268.58124	1063.9163460160185
FR	miroc6	ssp245	2048	304.56946	268.08783	1896.990500322091
FR	miroc6	ssp245	2049	304.07578	265.81448	958.9624017302409
FR	miroc6	ssp245	2050	304.58655	266.72156	852.0865275291527
FR	miroc6	ssp245	2051	304.58795	267.44022	702.992966218153
FR	miroc6	ssp245	2052	304.8293	268.19232	1970.9770588902352
FR	miroc6	ssp245	2053	305.21875	269.325	1334.022124798469
FR	miroc6	ssp245	2054	304.81372	268.90506	1104.167585168025
FR	miroc6	ssp245	2055	305.29822	268.825	1846.9545449246245
FR	miroc6	ssp245	2056	304.3905	267.1654	1313.3592050406003
FR	miroc6	ssp245	2057	305.74	267.6239	1545.5811171966789
FR	miroc6	ssp245	2058	305.39447	266.42517	1739.498694520431
FR	miroc6	ssp245	2059	304.65726	267.4494	1484.3335869998232
FR	miroc6	ssp245	2060	302.84854	269.78528	2719.383429834793
FR	miroc6	ssp245	2061	305.06845	266.01828	436.6770017892122
FR	miroc6	ssp245	2062	306.68378	267.3525	837.2349113691446
FR	miroc6	ssp245	2063	306.88022	264.25302	730.9615657723043
FR	miroc6	ssp245	2064	306.5456	269.21426	1061.059252271653
FR	miroc6	ssp245	2065	305.66824	268.2125	1271.888050041155
FR	miroc6	ssp245	2066	303.36893	267.38977	1461.2779947928866
FR	miroc6	ssp245	2067	306.13104	266.86234	598.782762279734
FR	miroc6	ssp245	2068	306.46817	266.91946	810.452239739243
FR	miroc6	ssp245	2069	307.76437	268.0732	1199.9164836946852
FR	miroc6	ssp245	2070	306.1937	267.67154	819.2546842619777
FR	miroc6	ssp370	2041	308.69214	267.33026	557.1297557093203
FR	miroc6	ssp370	2042	304.8403	267.0063	1184.4114317558626
FR	miroc6	ssp370	2043	306.20728	265.8677	671.0629750406872
FR	miroc6	ssp370	2044	308.94165	260.99237	671.3711096613912
FR	miroc6	ssp370	2045	305.29327	269.09015	1824.723522062401
FR	miroc6	ssp370	2046	304.3885	268.78268	1155.8442720619232
FR	miroc6	ssp370	2047	305.5805	267.95526	890.548446751163
FR	miroc6	ssp370	2048	304.616	269.2719	796.0659622214681
FR	miroc6	ssp370	2049	304.72833	269.73105	979.153141798432
FR	miroc6	ssp370	2050	305.15683	267.70456	1541.1936988296916
FR	miroc6	ssp370	2051	304.7985	268.01642	1767.0097895781341
FR	miroc6	ssp370	2052	304.03458	269.30698	1819.3712213309168
FR	miroc6	ssp370	2053	305.90747	268.73645	1025.7142610644223
FR	miroc6	ssp370	2054	307.00644	269.3632	1386.1651076003404
FR	miroc6	ssp370	2055	305.5132	268.6617	2194.1458249784564
FR	miroc6	ssp370	2056	304.98148	268.80725	1651.611203121121
FR	miroc6	ssp370	2057	306.1705	267.3761	1277.5171773740574
FR	miroc6	ssp370	2058	307.35727	267.43665	870.8159096014931
FR	miroc6	ssp370	2059	307.31573	263.7411	719.5709561929107
FR	miroc6	ssp370	2060	306.49622	269.08978	620.7660693354974
FR	miroc6	ssp370	2061	305.65326	270.02	1225.2182085066781
FR	miroc6	ssp370	2062	306.92575	268.59164	865.5701401614273
FR	miroc6	ssp370	2063	305.05222	266.04626	1513.372955890307
FR	miroc6	ssp370	2064	306.23267	265.64148	1537.5739322975255
FR	miroc6	ssp370	2065	306.34442	267.06027	1295.945082152282
FR	miroc6	ssp370	2066	306.9379	267.24457	1091.7363128566562
FR	miroc6	ssp370	2067	307.37076	267.6961	1027.7608016039962
FR	miroc6	ssp370	2068	305.41443	266.33685	1177.7266785793406
FR	miroc6	ssp370	2069	305.28952	270.25888	869.0955305239186
FR	miroc6	ssp370	2070	305.90402	270.09525	924.669114500283
FR	mpi-esm1-2-hr	ssp245	2041	303.15128	267.5027	1364.7881722775828
FR	mpi-esm1-2-hr	ssp245	2042	303.8034	263.2343	1279.4376493489615
FR	mpi-esm1-2-hr	ssp245	2043	307.91046	266.96878	565.0013220962138
FR	mpi-esm1-2-hr	ssp245	2044	305.7422	267.03546	875.6441484438255
FR	mpi-esm1-2-hr	ssp245	2045	303.55084	267.39142	1465.525808463247
FR	mpi-esm1-2-hr	ssp245	2046	303.07224	267.9934	1213.031638995723
FR	mpi-esm1-2-hr	ssp245	2047	304.63538	266.56314	1016.3753762841225
FR	mpi-esm1-2-hr	ssp245	2048	305.05798	269.2619	1840.210602048313
FR	mpi-esm1-2-hr	ssp245	2049	305.95087	264.33395	763.9520153665217
FR	mpi-esm1-2-hr	ssp245	2050	307.8602	268.0695	559.0513037634082
FR	mpi-esm1-2-hr	ssp245	2051	305.4304	266.6357	1378.1655973289123
FR	mpi-esm1-2-hr	ssp245	2052	305.4462	267.83636	1331.856697937424
FR	mpi-esm1-2-hr	ssp245	2053	305.5007	269.1658	1788.2168463809376
FR	mpi-esm1-2-hr	ssp245	2054	306.36676	266.8219	1085.8179311268009
FR	mpi-esm1-2-hr	ssp245	2055	302.8276	268.30374	765.4725730419159
FR	mpi-esm1-2-hr	ssp245	2056	305.8448	267.65125	636.6997107979842
FR	mpi-esm1-2-hr	ssp245	2057	304.4181	267.32025	978.6590851843272
FR	mpi-esm1-2-hr	ssp245	2058	305.6397	267.09836	1372.923737182279
FR	mpi-esm1-2-hr	ssp245	2059	304.304	269.94342	928.2672719098628
FR	mpi-esm1-2-hr	ssp245	2060	305.08148	265.82593	1269.6682557987308
FR	mpi-esm1-2-hr	ssp245	2061	305.60535	263.42264	1146.1007199715382
FR	mpi-esm1-2-hr	ssp245	2062	305.2463	263.97226	973.422804242
FR	mpi-esm1-2-hr	ssp245	2063	302.43198	263.69205	1759.3674675095515
FR	mpi-esm1-2-hr	ssp245	2064	304.22098	265.22058	941.1818335996915
FR	mpi-esm1-2-hr	ssp245	2065	305.63254	268.9053	1349.3969915841963
FR	mpi-esm1-2-hr	ssp245	2066	306.65247	268.66333	1487.9144513513706
FR	mpi-esm1-2-hr	ssp245	2067	307.3637	270.68008	1196.569412638186
FR	mpi-esm1-2-hr	ssp245	2068	305.04755	269.87415	809.2423749854629
FR	mpi-esm1-2-hr	ssp245	2069	306.76465	264.8727	1102.6040978729661
FR	mpi-esm1-2-hr	ssp245	2070	304.65314	269.62405	1201.4113929821006
FR	mpi-esm1-2-hr	ssp370	2041	307.4628	267.46823	1109.8944175697332
FR	mpi-esm1-2-hr	ssp370	2042	304.47458	267.65427	1137.1899164572824
FR	mpi-esm1-2-hr	ssp370	2043	304.8197	263.59195	1355.1437158137267
FR	mpi-esm1-2-hr	ssp370	2044	306.5965	267.08835	964.1207361593843
FR	mpi-esm1-2-hr	ssp370	2045	304.65286	267.81662	1633.9234398677559
FR	mpi-esm1-2-hr	ssp370	2046	305.4747	267.64563	1280.278039313259
FR	mpi-esm1-2-hr	ssp370	2047	303.5571	267.79828	1079.9336439929584
FR	mpi-esm1-2-hr	ssp370	2048	304.39764	264.22443	797.0942424988607
FR	mpi-esm1-2-hr	ssp370	2049	305.75552	264.84567	736.1459668725729
FR	mpi-esm1-2-hr	ssp370	2050	304.40073	268.86542	1179.5068365521588
FR	mpi-esm1-2-hr	ssp370	2051	307.20792	268.39548	1036.680544575178
FR	mpi-esm1-2-hr	ssp370	2052	304.69174	267.7994	1524.171727406756
FR	mpi-esm1-2-hr	ssp370	2053	307.6629	269.04855	1737.4034571926459
FR	mpi-esm1-2-hr	ssp370	2054	306.87527	268.65298	1349.4016264099628
FR	mpi-esm1-2-hr	ssp370	2055	302.56992	264.45425	1486.608276035246
FR	mpi-esm1-2-hr	ssp370	2056	304.43335	268.43738	871.4686956780469
FR	mpi-esm1-2-hr	ssp370	2057	303.82867	267.98813	1797.3734698723522
FR	mpi-esm1-2-hr	ssp370	2058	303.98212	268.98032	1540.3864271007158
FR	mpi-esm1-2-hr	ssp370	2059	303.3912	269.80426	1350.4522921051532
FR	mpi-esm1-2-hr	ssp370	2060	307.12747	269.7582	913.5566368990069
FR	mpi-esm1-2-hr	ssp370	2061	305.60626	266.7898	1249.8359957942412
FR	mpi-esm1-2-hr	ssp370	2062	306.4132	269.18524	1258.7849153322104
FR	mpi-esm1-2-hr	ssp370	2063	303.7977	269.68024	1084.8578792530968
FR	mpi-esm1-2-hr	ssp370	2064	306.49136	267.54126	1161.7775372229453
FR	mpi-esm1-2-hr	ssp370	2065	304.86856	268.63736	759.3121099518391
FR	mpi-esm1-2-hr	ssp370	2066	304.70856	267.52966	1197.1655679051305
FR	mpi-esm1-2-hr	ssp370	2067	306.65775	270.06375	1303.470599767729
FR	mpi-esm1-2-hr	ssp370	2068	305.7393	270.64398	1548.0647770774904
FR	mpi-esm1-2-hr	ssp370	2069	305.22018	267.0745	993.90624524092
FR	mpi-esm1-2-hr	ssp370	2070	305.60785	268.37662	1240.3796501399408
FR	mri-esm2-0	ssp245	2041	304.74536	262.51517	1755.0910526769712
FR	mri-esm2-0	ssp245	2042	307.0688	263.99014	1477.1927181165652
FR	mri-esm2-0	ssp245	2043	305.76224	267.7062	1126.4396650018166
FR	mri-esm2-0	ssp245	2044	305.40912	269.17148	523.2914422173053
FR	mri-esm2-0	ssp245	2045	304.8808	269.57806	2163.6836246587027
FR	mri-esm2-0	ssp245	2046	306.65692	268.39304	1792.8433546330293
FR	mri-esm2-0	ssp245	2047	303.32883	265.564	1109.5839700545175
FR	mri-esm2-0	ssp245	2048	306.41507	265.25214	1018.7393055762891
FR	mri-esm2-0	ssp245	2049	304.76788	268.7151	1150.146857625794
FR	mri-esm2-0	ssp245	2050	304.08972	267.8498	1368.437276780577
FR	mri-esm2-0	ssp245	2051	303.86102	266.05667	1261.84243542953
FR	mri-esm2-0	ssp245	2052	305.4589	267.20132	768.2636605168227
FR	mri-esm2-0	ssp245	2053	304.36	268.8347	1405.1079257478473
FR	mri-esm2-0	ssp245	2054	304.957	268.14874	1440.4877137450826
FR	mri-esm2-0	ssp245	2055	306.10333	267.81503	606.4462840673514
FR	mri-esm2-0	ssp245	2056	303.64655	269.78033	890.1466340292245
FR	mri-esm2-0	ssp245	2057	305.54733	267.0727	1515.980907162857
FR	mri-esm2-0	ssp245	2058	306.86395	269.72546	1432.9073767934312
FR	mri-esm2-0	ssp245	2059	305.33853	268.31503	1106.4105668978102
FR	mri-esm2-0	ssp245	2060	305.7721	266.8022	291.0352933919057
FR	mri-esm2-0	ssp245	2061	306.44876	267.25238	1228.8367248256632
FR	mri-esm2-0	ssp245	2062	305.24182	269.74088	1331.0931434388895
FR	mri-esm2-0	ssp245	2063	305.7995	266.36896	1289.458415284733
FR	mri-esm2-0	ssp245	2064	305.47644	268.31802	2137.912364071223
FR	mri-esm2-0	ssp245	2065	306.09927	266.61578	1023.0358492350102
FR	mri-esm2-0	ssp245	2066	306.038	268.6839	1093.028616718948
FR	mri-esm2-0	ssp245	2067	306.0597	266.13397	871.6033652148251
FR	mri-esm2-0	ssp245	2068	307.06665	269.35852	1298.160822316992
FR	mri-esm2-0	ssp245	2069	306.23926	268.45337	844.2308211699026
FR	mri-esm2-0	ssp245	2070	306.29562	268.7791	2170.4597546718724
FR	mri-esm2-0	ssp370	2041	305.47128	267.06296	724.4229710893705
FR	mri-esm2-0	ssp370	2042	306.55603	267.52487	817.736371155479
FR	mri-esm2-0	ssp370	2043	306.00388	268.92178	934.4305544625765
FR	mri-esm2-0	ssp370	2044	304.62173	268.03983	1086.2922596745038
FR	mri-esm2-0	ssp370	2045	306.7943	266.38394	738.90279881889
FR	mri-esm2-0	ssp370	2046	304.9566	268.8497	1814.552640169833
FR	mri-esm2-0	ssp370	2047	308.1623	267.7746	1740.5812305165232
FR	mri-esm2-0	ssp370	2048	305.47397	267.15524	756.6343213431537
FR	mri-esm2-0	ssp370	2049	308.74033	267.25543	1441.8187693459365
FR	mri-esm2-0	ssp370	2050	304.23038	268.4341	1698.468488082286
FR	mri-esm2-0	ssp370	2051	307.6575	268.77536	1988.5656359139655
FR	mri-esm2-0	ssp370	2052	305.68433	267.54694	1207.5327563797618
FR	mri-esm2-0	ssp370	2053	306.2132	270.06287	1217.1394527103907
FR	mri-esm2-0	ssp370	2054	304.21527	268.9056	1381.6554650547778
FR	mri-esm2-0	ssp370	2055	304.88315	265.04364	1318.7799168750496
FR	mri-esm2-0	ssp370	2056	305.8893	270.18906	1043.5037764313035
FR	mri-esm2-0	ssp370	2057	306.2447	269.45187	1232.5735713529689
FR	mri-esm2-0	ssp370	2058	309.19757	268.10904	1193.1226599030038
FR	mri-esm2-0	ssp370	2059	305.72272	267.16992	1085.9566939528906
FR	mri-esm2-0	ssp370	2060	302.49435	267.22995	848.2851556967944
FR	mri-esm2-0	ssp370	2061	307.1991	267.49557	1584.6019504969768
FR	mri-esm2-0	ssp370	2062	305.3105	267.4543	1227.742199040924
FR	mri-esm2-0	ssp370	2063	307.4533	267.44107	424.4793398771435
FR	mri-esm2-0	ssp370	2064	307.36316	269.52094	1254.7938181785696
FR	mri-esm2-0	ssp370	2065	305.5049	268.8898	1038.2385673932731
FR	mri-esm2-0	ssp370	2066	304.98172	268.98630000000003	1294.3752670965946
FR	mri-esm2-0	ssp370	2067	308.8456	267.3953	1194.9473337968677
FR	mri-esm2-0	ssp370	2068	306.09634	267.48087	1110.0701658055098
FR	mri-esm2-0	ssp370	2069	306.7808	266.49167	913.0823269748282
FR	mri-esm2-0	ssp370	2070	305.7473	269.5703	1539.5527537911612
IH	access-cm2	ssp245	2041	309.84232	276.3646	1364.1294596716689
IH	access-cm2	ssp245	2042	309.61542	273.07715	1188.138616830102
IH	access-cm2	ssp245	2043	311.3625	277.19998	1958.6271415929991
IH	access-cm2	ssp245	2044	309.97125	277.6886	902.2670910693467
IH	access-cm2	ssp245	2045	309.7277	276.60437	1436.8673534597967
IH	access-cm2	ssp245	2046	308.85645	275.97516	1516.2023431883229
IH	access-cm2	ssp245	2047	312.12442	277.93845	1255.4428943199716
IH	access-cm2	ssp245	2048	310.4968	277.4046	1105.9687924571151
IH	access-cm2	ssp245	2049	312.60574	273.4841	733.2647903356701
IH	access-cm2	ssp245	2050	309.63193	273.024	1545.6020671873734
IH	access-cm2	ssp245	2051	310.487	277.69308	805.1295865850989
IH	access-cm2	ssp245	2052	312.70587	276.28333	1142.4150686943904
IH	access-cm2	ssp245	2053	311.38275	276.2647	1121.4961033780128
IH	access-cm2	ssp245	2054	313.35342	278.7054	597.8485845552987
IH	access-cm2	ssp245	2055	310.8647	276.74902	1195.3846044838174
IH	access-cm2	ssp245	2056	312.40195	275.99957	1727.0443866960645
IH	access-cm2	ssp245	2057	312.08725	275.38925	1243.157189106561
IH	access-cm2	ssp245	2058	311.53854	276.8834	2029.4245918979718
IH	access-cm2	ssp245	2059	314.55948	276.87787	2221.415534662042
IH	access-cm2	ssp245	2060	311.24823	277.02228	950.0158050271755
IH	access-cm2	ssp245	2061	312.519	277.34277	1046.3252678979188
IH	access-cm2	ssp245	2062	308.8	274.86316	1501.2216211762068
IH	access-cm2	ssp245	2063	310.48172	277.9927	1221.6292311670259
IH	access-cm2	ssp245	2064	312.29526	277.44925	1211.4613114390272
IH	access-cm2	ssp245	2065	311.36252	276.1808	1686.280287872063
IH	access-cm2	ssp245	2066	311.69247	277.21988	774.4916987721808
IH	access-cm2	ssp245	2067	312.05945	274.99545	723.2021844145493
IH	access-cm2	ssp245	2068	310.848	275.21063	1126.8864646553993
IH	access-cm2	ssp245	2069	310.89337	276.90613	1856.0763380722308
IH	access-cm2	ssp245	2070	309.36328	277.41623	1404.5759537257068
IH	access-cm2	ssp370	2041	309.92358	276.08994	894.8683218564588
IH	access-cm2	ssp370	2042	310.16028	276.26422	1282.2063246101347
IH	access-cm2	ssp370	2043	309.9422	276.72565	901.9411354092874
IH	access-cm2	ssp370	2044	311.0126	276.53555	1500.1010390929664
IH	access-cm2	ssp370	2045	310.01645	276.83182	1109.6038235351275
IH	access-cm2	ssp370	2046	310.0352	276.8432	1690.9520740387281
IH	access-cm2	ssp370	2047	311.04984	272.2582	1131.110488559345
IH	access-cm2	ssp370	2048	309.4023	274.99722	1002.7610176708367
IH	access-cm2	ssp370	2049	310.5192	277.41577	1365.5576440330728
IH	access-cm2	ssp370	2050	312.45392	272.42517	1319.3085985025177
IH	access-cm2	ssp370	2051	309.8099	274.65	1239.4564013695278
IH	access-cm2	ssp370	2052	309.3761	277.7746	2077.6986856944577
IH	access-cm2	ssp370	2053	311.90244	275.5388	1108.727799821645
IH	access-cm2	ssp370	2054	309.73892	276.8119	688.5005151852965
IH	access-cm2	ssp370	2055	311.1887	275.807	673.9194744033739
IH	access-cm2	ssp370	2056	310.00284	276.62167	651.4645425137132
IH	access-cm2	ssp370	2057	310.471	275.99	1108.4231465065347
IH	access-cm2	ssp370	2058	312.65073	276.15137	1328.3306244760456
IH	access-cm2	ssp370	2059	310.60342	277.0118	909.8839169600978
IH	access-cm2	ssp370	2060	310.26346	277.40613	1089.9553099879813
IH	access-cm2	ssp370	2061	310.346	277.72565	1449.5566919445778
IH	access-cm2	ssp370	2062	310.6766	278.38562	1524.9312400075482
IH	access-cm2	ssp370	2063	308.23135	276.24603	1201.2850298196902
IH	access-cm2	ssp370	2064	309.09125	276.5368	2394.2359869600955
IH	access-cm2	ssp370	2065	314.45786	276.53345	1518.737745709921
IH	access-cm2	ssp370	2066	312.05716	276.42056	1291.6463510133246
IH	access-cm2	ssp370	2067	312.3713	275.52075	908.0046372720728
IH	access-cm2	ssp370	2068	309.9759	279.1214	1749.8575308476427
IH	access-cm2	ssp370	2069	311.3449	276.42215	2443.537511659029
IH	access-cm2	ssp370	2070	312.6945	278.1956	1142.679905664402
IH	cnrm-esm2-1	ssp245	2041	310.4968	274.88895	1613.3453516755044
IH	cnrm-esm2-1	ssp245	2042	310.36597	276.28287	1585.1326661766045
IH	cnrm-esm2-1	ssp245	2043	308.60886	276.7078	1175.2971857786017
IH	cnrm-esm2-1	ssp245	2044	309.93796	275.85782	901.887907953618
IH	cnrm-esm2-1	ssp245	2045	308.707	275.464	1611.8824638775434
IH	cnrm-esm2-1	ssp245	2046	310.43637	276.56335	901.688773697197
IH	cnrm-esm2-1	ssp245	2047	310.36606	275.19452	1670.3505060402476
IH	cnrm-esm2-1	ssp245	2048	309.7914	276.14227	808.0673983320594
IH	cnrm-esm2-1	ssp245	2049	308.0947	277.35336	1407.4879519874032
IH	cnrm-esm2-1	ssp245	2050	310.47195	276.6135	1106.8417659960257
IH	cnrm-esm2-1	ssp245	2051	310.2841	276.95795	1184.7057548991834
IH	cnrm-esm2-1	ssp245	2052	309.08453	275.84213	1787.7724746241724
IH	cnrm-esm2-1	ssp245	2053	308.4277	275.19226	996.9938253052462
IH	cnrm-esm2-1	ssp245	2054	309.83102	273.67007	1826.1584803636247
IH	cnrm-esm2-1	ssp245	2055	312.16168	276.3382	1829.2286858427906
IH	cnrm-esm2-1	ssp245	2056	310.21722	275.29916	1092.0541676692542
IH	cnrm-esm2-1	ssp245	2057	309.04016	274.68546	673.2532734051347
IH	cnrm-esm2-1	ssp245	2058	307.25577	275.85876	1508.0154751623347
IH	cnrm-esm2-1	ssp245	2059	309.3183	278.15036	2198.06166094491
IH	cnrm-esm2-1	ssp245	2060	310.3615	275.1706	1935.3829770348752
IH	cnrm-esm2-1	ssp245	2061	310.15158	277.3904	1508.8360198773205
IH	cnrm-esm2-1	ssp245	2062	309.34662	273.929	1186.9263985950752
IH	cnrm-esm2-1	ssp245	2063	310.7153	277.18796	1192.5017469562472
IH	cnrm-esm2-1	ssp245	2064	310.16998	274.74243	1486.2904835957765
IH	cnrm-esm2-1	ssp245	2065	309.3544	275.31747	753.6831378936768
IH	cnrm-esm2-1	ssp245	2066	309.87186	278.40228	1538.8076084665681
IH	cnrm-esm2-1	ssp245	2067	310.14355	275.6802	1458.0396712291817
IH	cnrm-esm2-1	ssp245	2068	310.46323	276.1429	1438.886196864745
IH	cnrm-esm2-1	ssp245	2069	309.36478	276.73322	732.840197270707
IH	cnrm-esm2-1	ssp245	2070	310.94397	277.68863	1041.6137251071632
IH	cnrm-esm2-1	ssp370	2041	310.68784	275.99023	1096.4774193009075
IH	cnrm-esm2-1	ssp370	2042	307.18808	275.02777	1100.4189561470412
IH	cnrm-esm2-1	ssp370	2043	308.37515	275.0132	1414.7007253020752
IH	cnrm-esm2-1	ssp370	2044	309.81784	276.3737	1158.3594611263657
IH	cnrm-esm2-1	ssp370	2045	310.22653	273.70084	1743.0919867067041
IH	cnrm-esm2-1	ssp370	2046	307.52817	277.31467	936.9888248853385
IH	cnrm-esm2-1	ssp370	2047	308.8248	273.49033	945.8774534985291
IH	cnrm-esm2-1	ssp370	2048	307.13757	275.4424	1647.4407269269923
IH	cnrm-esm2-1	ssp370	2049	309.51532	278.37115	1256.0989466670192
IH	cnrm-esm2-1	ssp370	2050	308.21313	276.40262	1657.144430140017
IH	cnrm-esm2-1	ssp370	2051	309.6687	276.9008	1686.7017325566087
IH	cnrm-esm2-1	ssp370	2052	308.74704	275.65335	1247.2519593487943
IH	cnrm-esm2-1	ssp370	2053	310.14243	277.66437	1600.0140778021582
IH	cnrm-esm2-1	ssp370	2054	308.5706	277.58005000000003	1352.621194417568
IH	cnrm-esm2-1	ssp370	2055	311.25452	275.13828	1403.1018163659462
IH	cnrm-esm2-1	ssp370	2056	310.7071	276.64886	1296.7071268474258
IH	cnrm-esm2-1	ssp370	2057	309.7697	273.81842	1533.4141253493492
IH	cnrm-esm2-1	ssp370	2058	310.91608	276.95694	792.1619575470686
IH	cnrm-esm2-1	ssp370	2059	309.1436	276.14407	1104.085766451311
IH	cnrm-esm2-1	ssp370	2060	309.71234	276.14294	1704.0710948640244
IH	cnrm-esm2-1	ssp370	2061	311.03204	276.03915	1087.0269245817108
IH	cnrm-esm2-1	ssp370	2062	310.72382	277.48312	1291.8203439213928
IH	cnrm-esm2-1	ssp370	2063	310.0552	276.73727	1388.9068687800052
IH	cnrm-esm2-1	ssp370	2064	310.8882	275.03098	1541.6501475206676
IH	cnrm-esm2-1	ssp370	2065	310.011	278.251	576.2939204578288
IH	cnrm-esm2-1	ssp370	2066	310.96307	275.16284	1571.260112989658
IH	cnrm-esm2-1	ssp370	2067	310.9888	278.6198	1265.7589071895732
IH	cnrm-esm2-1	ssp370	2068	310.50354	276.48813	1559.972156211708
IH	cnrm-esm2-1	ssp370	2069	310.03702	278.80563	2062.7649266738154
IH	cnrm-esm2-1	ssp370	2070	310.5257	277.87012	555.907592503354
IH	ec-earth3-veg	ssp245	2041	309.75705	273.5081	926.6165642067609
IH	ec-earth3-veg	ssp245	2042	309.9607	277.57297	1712.931347172657
IH	ec-earth3-veg	ssp245	2043	308.06586	277.14252	1869.8693751822775
IH	ec-earth3-veg	ssp245	2044	308.8843	275.128	1418.9521141815462
IH	ec-earth3-veg	ssp245	2045	309.05838	276.27094	1144.5698746363405
IH	ec-earth3-veg	ssp245	2046	309.492	276.1785	1158.2923469133457
IH	ec-earth3-veg	ssp245	2047	309.60208	277.59778	903.0568465819506
IH	ec-earth3-veg	ssp245	2048	311.18478	277.13632	1489.4920164326013
IH	ec-earth3-veg	ssp245	2049	308.90726	276.5834	1241.9261532369874
IH	ec-earth3-veg	ssp245	2050	310.959	275.70135	1463.281758944479
IH	ec-earth3-veg	ssp245	2051	308.69614	277.6513	1608.448548852134
IH	ec-earth3-veg	ssp245	2052	309.50217	278.01965	1414.291473143363
IH	ec-earth3-veg	ssp245	2053	308.13702	279.3789	1298.46076914109
IH	ec-earth3-veg	ssp245	2054	310.27203	275.1974	709.74732900502
IH	ec-earth3-veg	ssp245	2055	308.63666	276.27194	685.0478002452292
IH	ec-earth3-veg	ssp245	2056	308.9387	278.02225	1579.2505651479355
IH	ec-earth3-veg	ssp245	2057	308.79572	275.60886	1241.5366924018217
IH	ec-earth3-veg	ssp245	2058	308.55408	278.13104	1321.628487363317
IH	ec-earth3-veg	ssp245	2059	310.14523	278.24097	994.1257182508696
IH	ec-earth3-veg	ssp245	2060	312.0129	277.06265	980.38416038032085
IH	ec-earth3-veg	ssp245	2061	311.06934	273.20453	1286.36364040426
IH	ec-earth3-veg	ssp245	2062	308.96295	275.9435	795.258044404909
IH	ec-earth3-veg	ssp245	2063	308.47473	277.79623	1174.15077748008
IH	ec-earth3-veg	ssp245	2064	311.34247	276.05386	1798.845417669489
IH	ec-earth3-veg	ssp245	2065	311.1102	275.93466	990.3592706657826
IH	ec-earth3-veg	ssp245	2066	311.10956	277.6415	2261.6749106905954
IH	ec-earth3-veg	ssp245	2067	308.88287	276.8924	1976.4141314662252
IH	ec-earth3-veg	ssp245	2068	308.06573	276.8018	1440.519454702699
IH	ec-earth3-veg	ssp245	2069	310.74905	278.2594	949.9955417697442
IH	ec-earth3-veg	ssp245	2070	310.1289	276.2877	1658.139655832171
IH	ec-earth3-veg	ssp370	2041	309.76492	272.68835	966.8956934474409
IH	ec-earth3-veg	ssp370	2042	311.3112	269.80786	1548.0635384155535
IH	ec-earth3-veg	ssp370	2043	308.7736	278.11588	2373.9519093185127
IH	ec-earth3-veg	ssp370	2044	310.19037	276.384	1886.8425511987507
IH	ec-earth3-veg	ssp370	2045	309.97025	272.9971	775.5577943757089
IH	ec-earth3-veg	ssp370	2046	309.44702	273.75192	1085.7440241146605
IH	ec-earth3-veg	ssp370	2047	307.41806	271.67612	1184.6226852619855
IH	ec-earth3-veg	ssp370	2048	308.2076	278.62326	1430.6745173118297
IH	ec-earth3-veg	ssp370	2049	308.6707	274.59616	1207.5480679166315
IH	ec-earth3-veg	ssp370	2050	309.89362	275.44992	1506.887395237533
IH	ec-earth3-veg	ssp370	2051	308.93808	274.23965	575.9214890829753
IH	ec-earth3-veg	ssp370	2052	307.6867	277.74957	1939.7641422925049
IH	ec-earth3-veg	ssp370	2053	310.69238	276.88446	1704.7922191209896
IH	ec-earth3-veg	ssp370	2054	310.09772	275.79425	1037.5040939077455
IH	ec-earth3-veg	ssp370	2055	309.53665	276.7156	1874.7717437334059
IH	ec-earth3-veg	ssp370	2056	306.8008	274.95465	1191.152431955547
IH	ec-earth3-veg	ssp370	2057	311.67703	274.33203	787.6317335525514
IH	ec-earth3-veg	ssp370	2058	309.17575	274.45782	1483.357309974925
IH	ec-earth3-veg	ssp370	2059	309.8436	272.75516	1794.9370913905877
IH	ec-earth3-veg	ssp370	2060	310.397	277.69766	1777.0171845971972
IH	ec-earth3-veg	ssp370	2061	309.927	278.77243	1519.9996234208334
IH	ec-earth3-veg	ssp370	2062	311.2289	277.15375	978.8754149805497
IH	ec-earth3-veg	ssp370	2063	308.39407	276.5558	1452.3925056215212
IH	ec-earth3-veg	ssp370	2064	308.45663	279.01767	1298.5528244404102
IH	ec-earth3-veg	ssp370	2065	311.69955	276.7312	1288.5524430311957
IH	ec-earth3-veg	ssp370	2066	309.2814	278.89114	1784.5857972045892
IH	ec-earth3-veg	ssp370	2067	308.6015	278.71198	1629.7806133064655
IH	ec-earth3-veg	ssp370	2068	310.90494	277.65295	1466.1426875274356
IH	ec-earth3-veg	ssp370	2069	311.23508	276.97064	1209.2223874409272
IH	ec-earth3-veg	ssp370	2070	313.23694	277.1198	778.0685499077663
IH	miroc6	ssp245	2041	309.3668	274.1568	1088.6471619712966
IH	miroc6	ssp245	2042	307.7829	277.93314	1808.568006567592
IH	miroc6	ssp245	2043	307.92383	276.25372	1335.0084342542614
IH	miroc6	ssp245	2044	308.91684	276.54544	1670.6434152088848
IH	miroc6	ssp245	2045	311.05142	275.48776	587.0345488074236
IH	miroc6	ssp245	2046	311.23773	274.87296	1018.1229779496659
IH	miroc6	ssp245	2047	307.55893	277.2017	1002.4721525609401
IH	miroc6	ssp245	2048	308.63718	276.25452	1743.7232575641065
IH	miroc6	ssp245	2049	307.37308	274.21527	1231.8996300338501
IH	miroc6	ssp245	2050	309.64285	274.68063	923.6673974431745
IH	miroc6	ssp245	2051	309.2594	275.9842	558.96349651739
IH	miroc6	ssp245	2052	308.3577	276.3334	1668.5795059776462
IH	miroc6	ssp245	2053	309.14883	277.2916	1140.2311217039558
IH	miroc6	ssp245	2054	308.7393	275.7696	1027.1030728239336
IH	miroc6	ssp245	2055	309.543	277.63025	1603.8083082530432
IH	miroc6	ssp245	2056	308.3817	275.1753	1251.508396543787
IH	miroc6	ssp245	2057	310.08533	275.25577	1324.0054672001622
IH	miroc6	ssp245	2058	309.03607	274.88177	1572.5812410644521
IH	miroc6	ssp245	2059	308.5426	275.9118	1363.6897501651756
IH	miroc6	ssp245	2060	306.83206	277.2799	2633.50700482255
IH	miroc6	ssp245	2061	309.22064	275.12048	503.69293940020725
IH	miroc6	ssp245	2062	311.33203	274.48395	898.1783282942853
IH	miroc6	ssp245	2063	311.7932	272.25766	915.3938882052676
IH	miroc6	ssp245	2064	311.43756	276.94724	1020.9223116456837
IH	miroc6	ssp245	2065	310.0805	276.63812	1119.580667931584
IH	miroc6	ssp245	2066	307.21045	277.00793	1601.8593648913825
IH	miroc6	ssp245	2067	311.32687	275.2187	627.0022093027364
IH	miroc6	ssp245	2068	311.39447	275.5895	924.0842603438068
IH	miroc6	ssp245	2069	312.86655	275.4299	1224.5674249715876
IH	miroc6	ssp245	2070	311.59796	276.5872	723.1212437152863
IH	miroc6	ssp370	2041	313.6396	274.65945	725.6090360577218
IH	miroc6	ssp370	2042	309.3917	276.08978	1077.4884399957748
IH	miroc6	ssp370	2043	311.01907	275.99423	684.6745607501259
IH	miroc6	ssp370	2044	313.46884	270.8006	807.7360849070781
IH	miroc6	ssp370	2045	309.55362	277.54285	1467.609286832156
IH	miroc6	ssp370	2046	308.14053	277.2111	1249.389006290568
IH	miroc6	ssp370	2047	309.31964	275.80634	977.8264566790076
IH	miroc6	ssp370	2048	308.7727	276.94107	1004.4046122813462
IH	miroc6	ssp370	2049	309.00864	277.84894	1120.1054538599988
IH	miroc6	ssp370	2050	309.1447	276.2453	1167.846730188459
IH	miroc6	ssp370	2051	308.73242	275.5168	1786.9909802334942
IH	miroc6	ssp370	2052	307.67294	277.661	1820.0071519240344
IH	miroc6	ssp370	2053	309.76282	277.0143	1345.7740458484957
IH	miroc6	ssp370	2054	311.39343	277.2552	1280.492935882637
IH	miroc6	ssp370	2055	309.40344	276.76242	1874.7178162447562
IH	miroc6	ssp370	2056	308.92905	277.61707	1600.8578521431893
IH	miroc6	ssp370	2057	309.7805	276.40512	1281.9389326788646
IH	miroc6	ssp370	2058	312.11154	275.86597	750.3121213638061
IH	miroc6	ssp370	2059	312.22845	273.66132	1040.9697032533586
IH	miroc6	ssp370	2060	310.40784	276.1373	856.415813003679
IH	miroc6	ssp370	2061	309.3089	277.6361	1313.297231867886
IH	miroc6	ssp370	2062	311.81134	277.2174	671.4256292529171
IH	miroc6	ssp370	2063	309.20758	274.0622	1576.244296878555
IH	miroc6	ssp370	2064	310.19373	275.57907	1543.1567512918023
IH	miroc6	ssp370	2065	309.4583	274.9981	1234.277219418423
IH	miroc6	ssp370	2066	312.2636	275.7305	892.2260174585972
IH	miroc6	ssp370	2067	312.70682	275.81357	858.1643995363265
IH	miroc6	ssp370	2068	309.85797	274.22128	1096.9091246137389
IH	miroc6	ssp370	2069	309.465	278.2711	923.1072118564043
IH	miroc6	ssp370	2070	310.0666	277.951	922.8151615709008
IH	mpi-esm1-2-hr	ssp245	2041	306.23752	275.11526	1585.1533400360297
IH	mpi-esm1-2-hr	ssp245	2042	307.62344	272.7227	1223.6072896455812
IH	mpi-esm1-2-hr	ssp245	2043	312.25742	274.6431	555.4227266460657
IH	mpi-esm1-2-hr	ssp245	2044	310.0295	274.6657	992.7375319122802
IH	mpi-esm1-2-hr	ssp245	2045	307.3164	274.66873	1517.5390077754546
IH	mpi-esm1-2-hr	ssp245	2046	307.1287	276.4386	1204.4547942055688
IH	mpi-esm1-2-hr	ssp245	2047	307.8523	274.61972	1341.108696511928
IH	mpi-esm1-2-hr	ssp245	2048	308.6963	276.79214	1787.1932872105046
IH	mpi-esm1-2-hr	ssp245	2049	310.15775	272.87582	910.5851383879653
IH	mpi-esm1-2-hr	ssp245	2050	311.96246	276.09677	618.787020194577
IH	mpi-esm1-2-hr	ssp245	2051	308.3783	274.566	1475.1730291871352
IH	mpi-esm1-2-hr	ssp245	2052	308.89343	275.97006	1311.8485941434828
IH	mpi-esm1-2-hr	ssp245	2053	309.40573	276.29605	1980.9014152327904
IH	mpi-esm1-2-hr	ssp245	2054	310.06635	274.401	1092.453306459345
IH	mpi-esm1-2-hr	ssp245	2055	306.78403	276.26648	700.1704246038571
IH	mpi-esm1-2-hr	ssp245	2056	310.35037	276.80362	562.7180118346587
IH	mpi-esm1-2-hr	ssp245	2057	308.53775	274.98547	764.48409834411
IH	mpi-esm1-2-hr	ssp245	2058	309.59314	275.0813	1349.6814717538382
IH	mpi-esm1-2-hr	ssp245	2059	307.81613	278.18066	867.0268388930708
IH	mpi-esm1-2-hr	ssp245	2060	308.9131	273.83694	1345.5927416681775
IH	mpi-esm1-2-hr	ssp245	2061	309.29382	272.06897	1362.9051298484846
IH	mpi-esm1-2-hr	ssp245	2062	308.89124	273.43982	1016.4813311886974
IH	mpi-esm1-2-hr	ssp245	2063	306.5972	272.2853	1593.8276698797881
IH	mpi-esm1-2-hr	ssp245	2064	308.40237	273.35736000000003	972.8890209822554
IH	mpi-esm1-2-hr	ssp245	2065	309.8444	277.19037	1109.8989084362781
IH	mpi-esm1-2-hr	ssp245	2066	310.15814	276.10965	1444.8020984418504
IH	mpi-esm1-2-hr	ssp245	2067	310.69998	277.79965	1159.4174841418862
IH	mpi-esm1-2-hr	ssp245	2068	309.24774	277.4878	661.5491651929888
IH	mpi-esm1-2-hr	ssp245	2069	311.20255	272.92224	1205.6417908519122
IH	mpi-esm1-2-hr	ssp245	2070	308.44412	277.50775	1231.0531792463462
IH	mpi-esm1-2-hr	ssp370	2041	312.04535	275.56018	1181.079816981194
IH	mpi-esm1-2-hr	ssp370	2042	308.2051	275.14667	1133.1185822127636
IH	mpi-esm1-2-hr	ssp370	2043	308.74118	272.22455	1256.2358142924293
IH	mpi-esm1-2-hr	ssp370	2044	310.7978	274.63974	950.8123096777126
IH	mpi-esm1-2-hr	ssp370	2045	308.63754	275.8671	1673.4944835305146
IH	mpi-esm1-2-hr	ssp370	2046	309.02243	276.1852	1380.8900599105966
IH	mpi-esm1-2-hr	ssp370	2047	306.93442	274.78088	1156.5499963005777
IH	mpi-esm1-2-hr	ssp370	2048	308.32416	273.9579	836.7424621945199
IH	mpi-esm1-2-hr	ssp370	2049	310.23035	273.93015	813.2977474015121
IH	mpi-esm1-2-hr	ssp370	2050	308.27448	276.9719	1011.8246352765549
IH	mpi-esm1-2-hr	ssp370	2051	310.8725	277.03394	1144.4621438160252
IH	mpi-esm1-2-hr	ssp370	2052	308.34317	274.85812	1512.7952888491511
IH	mpi-esm1-2-hr	ssp370	2053	311.72156	276.871	1633.429578761552
IH	mpi-esm1-2-hr	ssp370	2054	310.5186	276.412	1331.818235060185
IH	mpi-esm1-2-hr	ssp370	2055	306.2186	272.5516	1487.998136272623
IH	mpi-esm1-2-hr	ssp370	2056	308.62988	275.75488	933.139499556271
IH	mpi-esm1-2-hr	ssp370	2057	307.91833	275.8298	1662.485957113655
IH	mpi-esm1-2-hr	ssp370	2058	307.64633	276.27463	1412.4663932248695
IH	mpi-esm1-2-hr	ssp370	2059	307.15002	277.40433	1370.317258033886
IH	mpi-esm1-2-hr	ssp370	2060	310.6931	277.01178	1044.7330253838961
IH	mpi-esm1-2-hr	ssp370	2061	309.5064	275.33942	976.3569995644214
IH	mpi-esm1-2-hr	ssp370	2062	309.87994	276.45877	1241.7463568563066
IH	mpi-esm1-2-hr	ssp370	2063	307.60178	277.53915	1138.226857938554
IH	mpi-esm1-2-hr	ssp370	2064	309.99	275.51672	1308.8968106545458
IH	mpi-esm1-2-hr	ssp370	2065	309.12488	276.80176	640.4602361755678
IH	mpi-esm1-2-hr	ssp370	2066	308.57068	275.64978	1327.381225582207
IH	mpi-esm1-2-hr	ssp370	2067	309.95065	278.00232	1361.9949522893705
IH	mpi-esm1-2-hr	ssp370	2068	309.08908	276.99384	1556.505400221778
IH	mpi-esm1-2-hr	ssp370	2069	308.62042	274.98697	1131.5431929426147
IH	mpi-esm1-2-hr	ssp370	2070	308.8848	276.40118	1256.223932630363
IH	mri-esm2-0	ssp245	2041	308.46317	272.3956	1746.4403065619676
IH	mri-esm2-0	ssp245	2042	310.90295	273.46033	1566.0971506498706
IH	mri-esm2-0	ssp245	2043	309.4993	276.19672	1241.4584096040853
IH	mri-esm2-0	ssp245	2044	308.78104	278.233	727.0693039085018
IH	mri-esm2-0	ssp245	2045	308.52692	277.0201	1988.571644186547
IH	mri-esm2-0	ssp245	2046	310.66583	276.54385	1744.8334804793953
IH	mri-esm2-0	ssp245	2047	307.0849	274.0317	1370.3861079295034
IH	mri-esm2-0	ssp245	2048	310.9864	273.05243	1011.1098131630381
IH	mri-esm2-0	ssp245	2049	308.8651	277.63815	996.5827482752292
IH	mri-esm2-0	ssp245	2050	308.04623	275.98563	1326.8061972688495
IH	mri-esm2-0	ssp245	2051	307.11935	274.64642	1321.678104484438
IH	mri-esm2-0	ssp245	2052	309.42444	275.21262	840.8820589073002
IH	mri-esm2-0	ssp245	2053	308.4153	276.26785	1321.819058444771
IH	mri-esm2-0	ssp245	2054	308.82916	275.99374	1518.8510687788753
IH	mri-esm2-0	ssp245	2055	310.1447	276.3499	702.2080047055765
IH	mri-esm2-0	ssp245	2056	307.5791	277.28372	1069.33399066327
IH	mri-esm2-0	ssp245	2057	309.23257	275.15396	1871.421909006289
IH	mri-esm2-0	ssp245	2058	310.49454	276.66428	1330.9261402522172
IH	mri-esm2-0	ssp245	2059	308.89493	276.45386	1220.3722037491011
IH	mri-esm2-0	ssp245	2060	310.9786	274.93448	273.34839051472954
IH	mri-esm2-0	ssp245	2061	311.26743	275.87357	1282.8606384456828
IH	mri-esm2-0	ssp245	2062	309.13245	276.7499	1446.0214478429043
IH	mri-esm2-0	ssp245	2063	309.44415	274.84427	1154.6156343072507
IH	mri-esm2-0	ssp245	2064	309.39703	276.13208	2100.8064375287663
IH	mri-esm2-0	ssp245	2065	310.08862	274.97467	1212.3711284715419
IH	mri-esm2-0	ssp245	2066	310.1062	276.78342	1431.6763750276973
IH	mri-esm2-0	ssp245	2067	309.84314	273.85614	1087.1637372008795
IH	mri-esm2-0	ssp245	2068	310.73648	277.20108	1067.9179276339673
IH	mri-esm2-0	ssp245	2069	309.85556	277.12698	889.0213593440374
IH	mri-esm2-0	ssp245	2070	310.02817	276.7183	2118.460249202273
IH	mri-esm2-0	ssp370	2041	309.43634	274.66537	1031.8270677700511
IH	mri-esm2-0	ssp370	2042	311.16104	275.44553	963.093157997355
IH	mri-esm2-0	ssp370	2043	308.83932	277.1875	1039.571743877598
IH	mri-esm2-0	ssp370	2044	308.79984	276.22272	1081.703490810467
IH	mri-esm2-0	ssp370	2045	310.47598	275.38876	802.9779296717606
IH	mri-esm2-0	ssp370	2046	308.03833	276.00995	1758.9977589435534
IH	mri-esm2-0	ssp370	2047	312.21515	275.93286	2004.9835827201086
IH	mri-esm2-0	ssp370	2048	309.5382	274.44403	906.311050162185
IH	mri-esm2-0	ssp370	2049	312.95804	275.59573	1678.8062798673811
IH	mri-esm2-0	ssp370	2050	307.41776	275.80383	1826.9220648798916
IH	mri-esm2-0	ssp370	2051	311.62186	276.31732	2023.3169789207363
IH	mri-esm2-0	ssp370	2052	308.24304	275.4299	1488.3430926594608
IH	mri-esm2-0	ssp370	2053	310.5184	277.47174	1019.5699479634442
IH	mri-esm2-0	ssp370	2054	307.8265	276.0732	1445.9279117756316
IH	mri-esm2-0	ssp370	2055	308.56464	272.4484	1380.4489195346425
IH	mri-esm2-0	ssp370	2056	309.81262	277.00604	1198.6977690655958
IH	mri-esm2-0	ssp370	2057	309.95676	277.52386	1310.347828734658
IH	mri-esm2-0	ssp370	2058	312.97592	276.57724	1266.433266870424
IH	mri-esm2-0	ssp370	2059	309.55106	274.62976	1045.308855688188
IH	mri-esm2-0	ssp370	2060	306.34787	275.25702	871.5011031541508
IH	mri-esm2-0	ssp370	2061	310.24887	275.06937	1636.9097518734395
IH	mri-esm2-0	ssp370	2062	308.48483	274.37424	1216.7040375410245
IH	mri-esm2-0	ssp370	2063	311.1237	275.6012	573.3141051605344
IH	mri-esm2-0	ssp370	2064	310.97845	276.6205	1321.731032431088
IH	mri-esm2-0	ssp370	2065	309.1183	277.45764	1098.1865417445078
IH	mri-esm2-0	ssp370	2066	309.58243	275.7983	1147.1824355888898
IH	mri-esm2-0	ssp370	2067	312.30917	275.97678	1284.4628680496944
IH	mri-esm2-0	ssp370	2068	310.06842	275.82294	1074.1196366026986
IH	mri-esm2-0	ssp370	2069	310.69794	275.1336	859.5142652280543
IH	mri-esm2-0	ssp370	2070	309.3691	275.28348	1875.943894637705
LV1	access-cm2	ssp245	2041	295.66968	265.30396	2242.621049797078
LV1	access-cm2	ssp245	2042	295.21762	259.86627	1833.2577649619834
LV1	access-cm2	ssp245	2043	294.8205	265.4233	3001.1254512704018
LV1	access-cm2	ssp245	2044	296.41608	265.18918	1739.2082314006645
LV1	access-cm2	ssp245	2045	296.00327	264.96204	2632.7592902350307
LV1	access-cm2	ssp245	2046	294.48492	263.309	2314.963344996725
LV1	access-cm2	ssp245	2047	297.57877	265.671	2365.982878161557
LV1	access-cm2	ssp245	2048	294.6913	266.75165	1874.6002464976664
LV1	access-cm2	ssp245	2049	296.98355	262.0061	1640.25961331789
LV1	access-cm2	ssp245	2050	294.9758	260.10284	2431.9110359530305
LV1	access-cm2	ssp245	2051	295.40884	266.2372	1801.76135437794
LV1	access-cm2	ssp245	2052	296.99228	264.97388	2525.2980363321903
LV1	access-cm2	ssp245	2053	295.63535	263.23145	1707.9680285648926
LV1	access-cm2	ssp245	2054	297.3912	267.01984	1494.620666862446
LV1	access-cm2	ssp245	2055	295.05267	264.74237	1793.936080967225
LV1	access-cm2	ssp245	2056	296.9321	263.89716	2956.7818132345255
LV1	access-cm2	ssp245	2057	296.2919	264.47134	2211.0559386200916
LV1	access-cm2	ssp245	2058	297.45767	265.3627	3558.9457351946676
LV1	access-cm2	ssp245	2059	298.45807	263.70905	3574.87979996942
LV1	access-cm2	ssp245	2060	295.69565	264.661	1644.359006913102
LV1	access-cm2	ssp245	2061	297.12338	265.37772	2107.6713882386566
LV1	access-cm2	ssp245	2062	293.9341	263.48734	2428.2558747915946
LV1	access-cm2	ssp245	2063	296.09296	266.44504	2200.099561182975
LV1	access-cm2	ssp245	2064	295.99478	265.43335	2302.4433351659663
LV1	access-cm2	ssp245	2065	296.69934	264.34735	2711.348778591424
LV1	access-cm2	ssp245	2066	296.37393	266.05533	1814.1745693980913
LV1	access-cm2	ssp245	2067	296.2887	264.13715	1676.8965081777196
LV1	access-cm2	ssp245	2068	296.16223	262.85574	1790.5475884442858
LV1	access-cm2	ssp245	2069	296.80362	265.35767	2883.9991679414497
LV1	access-cm2	ssp245	2070	294.8827	265.57797	2898.7470184452077
LV1	access-cm2	ssp370	2041	295.96997	263.17303	1516.2142136133884
LV1	access-cm2	ssp370	2042	295.063	263.91287	1896.7874863184588
LV1	access-cm2	ssp370	2043	296.21454	264.90775	1512.6396711682687
LV1	access-cm2	ssp370	2044	296.0717	264.46838	2714.172936603365
LV1	access-cm2	ssp370	2045	295.60605	264.87494	1970.5656669102182
LV1	access-cm2	ssp370	2046	295.22366	265.38364	2637.7828447613397
LV1	access-cm2	ssp370	2047	295.12897	259.54086	1843.7771975062296
LV1	access-cm2	ssp370	2048	294.51773	262.63388	1928.0764600436064
LV1	access-cm2	ssp370	2049	295.3824	265.5234	2806.572030577751
LV1	access-cm2	ssp370	2050	296.3749	261.1115	1953.7434720201177
LV1	access-cm2	ssp370	2051	295.10938	262.66565	2182.750219653776
LV1	access-cm2	ssp370	2052	294.7018	266.5351	3391.8745660164222
LV1	access-cm2	ssp370	2053	297.24213	263.14966	2077.813221886691
LV1	access-cm2	ssp370	2054	295.37207	265.71948	1469.573712721436
LV1	access-cm2	ssp370	2055	295.43918	264.31427	1512.0471837959178
LV1	access-cm2	ssp370	2056	295.8234	264.74948	1228.1241315649645
LV1	access-cm2	ssp370	2057	293.84473	263.62415	2136.5835491101166
LV1	access-cm2	ssp370	2058	296.60687	265.2368	2447.186076315083
LV1	access-cm2	ssp370	2059	295.01462	264.04486000000003	1889.9797003715992
LV1	access-cm2	ssp370	2060	296.0817	266.69077	2082.1359466295307
LV1	access-cm2	ssp370	2061	296.22635	264.8655	2581.7708711139385
LV1	access-cm2	ssp370	2062	296.8354	265.94327	3270.19241577612
LV1	access-cm2	ssp370	2063	292.5146	263.63718	2038.3444497536043
LV1	access-cm2	ssp370	2064	294.4248	265.1261	3989.8182987933083
LV1	access-cm2	ssp370	2065	298.33777	264.48428	3002.1876789629036
LV1	access-cm2	ssp370	2066	296.39255000000003	264.1216	2406.0309045016347
LV1	access-cm2	ssp370	2067	296.60837	263.95303	1716.7054214514608
LV1	access-cm2	ssp370	2068	295.56705	267.05182	2600.8703249505943
LV1	access-cm2	ssp370	2069	296.57834	263.55783	4092.233939096269
LV1	access-cm2	ssp370	2070	298.21884	266.64188	1785.966353234796
LV1	cnrm-esm2-1	ssp245	2041	296.4009	263.1196	2595.208617893478
LV1	cnrm-esm2-1	ssp245	2042	294.66348	263.49228	2745.1917446683506
LV1	cnrm-esm2-1	ssp245	2043	293.2597	264.37662	2461.168447416226
LV1	cnrm-esm2-1	ssp245	2044	295.23724	264.08975	1875.2895127516047
LV1	cnrm-esm2-1	ssp245	2045	294.88248	262.74127	2477.7489888946784
LV1	cnrm-esm2-1	ssp245	2046	295.62482	263.97244	1564.5389571553023
LV1	cnrm-esm2-1	ssp245	2047	294.40805	263.34613	3265.16992847898
LV1	cnrm-esm2-1	ssp245	2048	294.1466	264.0425	1530.1599989644951
LV1	cnrm-esm2-1	ssp245	2049	294.32373	265.59473	2499.3984722764812
LV1	cnrm-esm2-1	ssp245	2050	295.8858	264.8806	1719.1083347657277
LV1	cnrm-esm2-1	ssp245	2051	295.8987	264.66345	2157.53560743755
LV1	cnrm-esm2-1	ssp245	2052	295.29608	261.65143	2840.525379404373
LV1	cnrm-esm2-1	ssp245	2053	294.67325	262.8517	1738.6276905192012
LV1	cnrm-esm2-1	ssp245	2054	294.32162	262.10263	3315.3134976512747
LV1	cnrm-esm2-1	ssp245	2055	296.39484	263.86972	3252.7957480865944
LV1	cnrm-esm2-1	ssp245	2056	295.9763	262.85477	1903.6124926758487
LV1	cnrm-esm2-1	ssp245	2057	294.51938	262.4959	1132.6302419649437
LV1	cnrm-esm2-1	ssp245	2058	293.17346	263.84964	2465.418734913642
LV1	cnrm-esm2-1	ssp245	2059	295.87863	265.40466	3187.551737786195
LV1	cnrm-esm2-1	ssp245	2060	296.91006	261.62292	2922.3741521592556
LV1	cnrm-esm2-1	ssp245	2061	294.90488	265.7321	2633.5690235718403
LV1	cnrm-esm2-1	ssp245	2062	293.3487	260.81326	1735.9870477812049
LV1	cnrm-esm2-1	ssp245	2063	294.90268	264.96857	2113.823737436842
LV1	cnrm-esm2-1	ssp245	2064	294.19366	261.7263	2677.756648510677
LV1	cnrm-esm2-1	ssp245	2065	293.70392	263.60022	1386.4579264016152
LV1	cnrm-esm2-1	ssp245	2066	295.10056	265.8034	3031.619904655937
LV1	cnrm-esm2-1	ssp245	2067	295.1682	263.76184	1972.3959816153529
LV1	cnrm-esm2-1	ssp245	2068	295.23962	263.80002	1956.0931594110543
LV1	cnrm-esm2-1	ssp245	2069	295.0802	265.10526	1893.9854890631732
LV1	cnrm-esm2-1	ssp245	2070	295.28134	266.84555	2203.9248894899274
LV1	cnrm-esm2-1	ssp370	2041	294.86362	264.6038	1558.8463887688117
LV1	cnrm-esm2-1	ssp370	2042	293.43658	263.4902	1888.0967388801987
LV1	cnrm-esm2-1	ssp370	2043	295.06213	262.9438	2710.598879784775
LV1	cnrm-esm2-1	ssp370	2044	294.30435	264.6774	2100.1939619891054
LV1	cnrm-esm2-1	ssp370	2045	296.05508	260.00256	2934.504521638129
LV1	cnrm-esm2-1	ssp370	2046	288.44046	265.87772	1986.2918621627564
LV1	cnrm-esm2-1	ssp370	2047	295.10855	261.76755000000003	1623.6844061873699
LV1	cnrm-esm2-1	ssp370	2048	292.6395	263.44397	3211.663655633961
LV1	cnrm-esm2-1	ssp370	2049	293.0511	265.41003	2240.882762102362
LV1	cnrm-esm2-1	ssp370	2050	292.33127	265.06543	2980.764688644518
LV1	cnrm-esm2-1	ssp370	2051	295.3092	264.4316	2665.280885738238
LV1	cnrm-esm2-1	ssp370	2052	294.01117	262.79636	1963.1014188983936
LV1	cnrm-esm2-1	ssp370	2053	295.02133	265.1596	2663.222833257123
LV1	cnrm-esm2-1	ssp370	2054	294.39877	265.20255	2379.087151028171
LV1	cnrm-esm2-1	ssp370	2055	296.03748	263.59613	2356.4274610834946
LV1	cnrm-esm2-1	ssp370	2056	295.7337	264.48837	2230.32099518453
LV1	cnrm-esm2-1	ssp370	2057	293.77844	260.75613	2405.082624591842
LV1	cnrm-esm2-1	ssp370	2058	297.3408	264.49316	1583.287295163586
LV1	cnrm-esm2-1	ssp370	2059	295.3451	264.19427	1700.8818676695107
LV1	cnrm-esm2-1	ssp370	2060	293.58755	263.42642	2251.4496933202436
LV1	cnrm-esm2-1	ssp370	2061	296.15295	264.188	2157.141659507709
LV1	cnrm-esm2-1	ssp370	2062	295.17288	266.09106	1802.2071843500876
LV1	cnrm-esm2-1	ssp370	2063	294.3469	266.1708	2395.726019237139
LV1	cnrm-esm2-1	ssp370	2064	294.32346	263.71823	2519.2563439718847
LV1	cnrm-esm2-1	ssp370	2065	294.76678	265.79575	1039.1538611613184
LV1	cnrm-esm2-1	ssp370	2066	293.57434	262.85858	2224.0864892955483
LV1	cnrm-esm2-1	ssp370	2067	296.59595	266.96796	2301.1944113065842
LV1	cnrm-esm2-1	ssp370	2068	297.15118	262.81662	3057.402666262319
LV1	cnrm-esm2-1	ssp370	2069	296.5988	266.46695	3974.20794730996
LV1	cnrm-esm2-1	ssp370	2070	296.3682	266.0374	1068.7360990850457
LV1	ec-earth3-veg	ssp245	2041	295.27344	262.1233	1744.7280198452002
LV1	ec-earth3-veg	ssp245	2042	295.89276	265.32404	2706.248561083262
LV1	ec-earth3-veg	ssp245	2043	294.60522	264.79	2433.9304000313123
LV1	ec-earth3-veg	ssp245	2044	292.61737	262.01428	2450.6491371429656
LV1	ec-earth3-veg	ssp245	2045	294.18472	264.87344	2215.2680662459925
LV1	ec-earth3-veg	ssp245	2046	294.83728	264.11945	2330.028680199711
LV1	ec-earth3-veg	ssp245	2047	293.78683	266.32608	1463.0625732242809
LV1	ec-earth3-veg	ssp245	2048	295.70764	263.2489	2752.7960448525164
LV1	ec-earth3-veg	ssp245	2049	294.1146	264.64432	2416.836999391633
LV1	ec-earth3-veg	ssp245	2050	294.91287	262.6952	2668.5398507863188
LV1	ec-earth3-veg	ssp245	2051	294.20255	265.9693	2389.019088959264
LV1	ec-earth3-veg	ssp245	2052	294.63745	265.4319	2011.5720877074432
LV1	ec-earth3-veg	ssp245	2053	293.94684	267.0519	2298.2498807832444
LV1	ec-earth3-veg	ssp245	2054	295.8631	263.09225	1451.7030404414616
LV1	ec-earth3-veg	ssp245	2055	292.66492	265.56747	1771.808607783148
LV1	ec-earth3-veg	ssp245	2056	293.76654	266.67786	2773.437712714007
LV1	ec-earth3-veg	ssp245	2057	293.8173	263.4906	1959.460286842605
LV1	ec-earth3-veg	ssp245	2058	294.4321	265.95624	2034.7077815327389
LV1	ec-earth3-veg	ssp245	2059	296.42932	265.77542	2320.887061860388
LV1	ec-earth3-veg	ssp245	2060	295.38757	265.70483	2127.2925045922893
LV1	ec-earth3-veg	ssp245	2061	296.3345	260.1689	2640.8953492529386
LV1	ec-earth3-veg	ssp245	2062	295.18893	263.40756	1425.1067497534395
LV1	ec-earth3-veg	ssp245	2063	293.86072	266.6748	1875.0044847198121
LV1	ec-earth3-veg	ssp245	2064	295.59647	264.18207	2924.9120731022526
LV1	ec-earth3-veg	ssp245	2065	296.39523	263.7054	1488.9260305557227
LV1	ec-earth3-veg	ssp245	2066	297.01056	265.01193	3082.7829091809135
LV1	ec-earth3-veg	ssp245	2067	294.34454	264.93427	3041.103817708712
LV1	ec-earth3-veg	ssp245	2068	294.1816	264.46487	2179.2124372499047
LV1	ec-earth3-veg	ssp245	2069	296.36185	265.82318	1833.8281780946638
LV1	ec-earth3-veg	ssp245	2070	295.6172	265.19266	2540.1444072543686
LV1	ec-earth3-veg	ssp370	2041	293.2925	258.56824	2176.1995775042715
LV1	ec-earth3-veg	ssp370	2042	294.71765	258.34692	2177.8406172713935
LV1	ec-earth3-veg	ssp370	2043	292.45987	265.26865	4011.0291787655074
LV1	ec-earth3-veg	ssp370	2044	296.1022	264.89545	3511.369218584081
LV1	ec-earth3-veg	ssp370	2045	293.81235	260.09717	1551.876569213297
LV1	ec-earth3-veg	ssp370	2046	293.2236	260.7305	1997.3701018374004
LV1	ec-earth3-veg	ssp370	2047	293.38977	258.19394	2094.9549363925717
LV1	ec-earth3-veg	ssp370	2048	294.28723	267.5304	2578.1346129252956
LV1	ec-earth3-veg	ssp370	2049	294.5231	260.5826	2208.47634274974
LV1	ec-earth3-veg	ssp370	2050	295.4134	263.71115	2409.8875752067624
LV1	ec-earth3-veg	ssp370	2051	292.90585	262.49515	1492.797587835181
LV1	ec-earth3-veg	ssp370	2052	293.875	265.24893	3001.8990059033326
LV1	ec-earth3-veg	ssp370	2053	294.47595	264.20547	2618.787500448485
LV1	ec-earth3-veg	ssp370	2054	294.5511	264.59558	2278.7066403776216
LV1	ec-earth3-veg	ssp370	2055	295.52103	263.77408	3345.5323465167694
LV1	ec-earth3-veg	ssp370	2056	293.12143	263.19305	2451.4141727238443
LV1	ec-earth3-veg	ssp370	2057	297.3575	262.60153	1286.3883640980666
LV1	ec-earth3-veg	ssp370	2058	294.23718	262.4302	2812.122707068843
LV1	ec-earth3-veg	ssp370	2059	295.78674	261.74677	2692.4790754448363
LV1	ec-earth3-veg	ssp370	2060	296.06696	265.5591	3000.4775519482296
LV1	ec-earth3-veg	ssp370	2061	295.74338	266.64786	2678.8450813327754
LV1	ec-earth3-veg	ssp370	2062	295.59872	265.56735	1928.0983379110307
LV1	ec-earth3-veg	ssp370	2063	293.17554	263.55176	2164.47639171379
LV1	ec-earth3-veg	ssp370	2064	294.3641	267.6213	2355.27063978952
LV1	ec-earth3-veg	ssp370	2065	296.44003	264.66156	2195.815562247269
LV1	ec-earth3-veg	ssp370	2066	295.39175	267.1078	3036.446874425704
LV1	ec-earth3-veg	ssp370	2067	294.17392	266.63617	2572.112819150716
LV1	ec-earth3-veg	ssp370	2068	296.76227	265.88568	2621.615386940506
LV1	ec-earth3-veg	ssp370	2069	296.03778	264.95255	2256.438403908379
LV1	ec-earth3-veg	ssp370	2070	299.248	265.05014	1925.1120032742313
LV1	miroc6	ssp245	2041	294.5061	260.91183	2315.1597669347348
LV1	miroc6	ssp245	2042	293.50107	266.22052	2835.4291286318958
LV1	miroc6	ssp245	2043	294.53174	263.83145	2607.2862621629292
LV1	miroc6	ssp245	2044	294.5065	263.78586	2633.7646615727554
LV1	miroc6	ssp245	2045	294.09067	264.51144	1156.1599728302024
LV1	miroc6	ssp245	2046	295.68762	263.84296	2037.7017579506455
LV1	miroc6	ssp245	2047	292.1459	264.64328	1685.4320834855976
LV1	miroc6	ssp245	2048	293.53394	264.58246	2970.7396101016775
LV1	miroc6	ssp245	2049	293.22006	261.08948	1864.2359743359825
LV1	miroc6	ssp245	2050	294.45624	263.33664	1529.604080133091
LV1	miroc6	ssp245	2051	292.68942	264.93594	1553.5129086579827
LV1	miroc6	ssp245	2052	292.62543	263.59116	2993.028062582005
LV1	miroc6	ssp245	2053	294.38028	265.51273	2226.60916533783
LV1	miroc6	ssp245	2054	294.31378	263.5592	1960.5695458128794
LV1	miroc6	ssp245	2055	294.07733	266.80145	2904.517680290129
LV1	miroc6	ssp245	2056	293.1807	262.58966	2215.3952205553333
LV1	miroc6	ssp245	2057	293.7436	263.7598	2386.1311859450443
LV1	miroc6	ssp245	2058	294.00967	262.1917	2639.773829313305
LV1	miroc6	ssp245	2059	294.1954	263.52805	2670.6865249201073
LV1	miroc6	ssp245	2060	292.17908	265.51117	3950.8253964827636
LV1	miroc6	ssp245	2061	293.57428	263.2658	1116.3274364982271
LV1	miroc6	ssp245	2062	295.61316	262.29645	1516.884034336481
LV1	miroc6	ssp245	2063	296.21164	260.25592	1617.7514658774967
LV1	miroc6	ssp245	2064	295.64792	265.19858	1927.781044319231
LV1	miroc6	ssp245	2065	293.49442	266.2463	2261.8692291899943
LV1	miroc6	ssp245	2066	293.2922	265.02542	2634.8330556414544
LV1	miroc6	ssp245	2067	295.29343	262.67603	1536.8709135800357
LV1	miroc6	ssp245	2068	294.234	263.91714	1502.3154997732436
LV1	miroc6	ssp245	2069	294.6334	263.73746	2149.1563806077042
LV1	miroc6	ssp245	2070	295.08835	264.35605	1251.2125030508769
LV1	miroc6	ssp370	2041	295.53937	262.76157	967.681396601256
LV1	miroc6	ssp370	2042	293.98413	264.0328	1973.4661822265084
LV1	miroc6	ssp370	2043	294.83716	262.9089	1397.899009863605
LV1	miroc6	ssp370	2044	297.13675	257.8672	1461.886929580941
LV1	miroc6	ssp370	2045	293.26346	266.2481	3220.2969968318566
LV1	miroc6	ssp370	2046	292.68686	265.24933	2162.2922434005486
LV1	miroc6	ssp370	2047	293.70203	264.54297	1742.5665188580433
LV1	miroc6	ssp370	2048	293.31223	266.3232	1775.5349479615534
LV1	miroc6	ssp370	2049	292.3879	265.88647	1839.7066091070537
LV1	miroc6	ssp370	2050	294.02625	264.28625	2617.4727457109407
LV1	miroc6	ssp370	2051	292.91815	264.2395	2869.2966106754357
LV1	miroc6	ssp370	2052	294.28702	265.7128	3386.9350319495015
LV1	miroc6	ssp370	2053	295.49698	265.71576	1965.3663665055751
LV1	miroc6	ssp370	2054	294.6821	264.9302	2322.7778155356123
LV1	miroc6	ssp370	2055	293.93143	264.41766	3152.098349947424
LV1	miroc6	ssp370	2056	294.21725	265.89886	2820.421381504184
LV1	miroc6	ssp370	2057	294.44467	264.26913	2021.220111404499
LV1	miroc6	ssp370	2058	295.0901	263.57587	1903.8850388489248
LV1	miroc6	ssp370	2059	294.70132	261.7541	1623.88856168836
LV1	miroc6	ssp370	2060	295.67053	264.96375	1316.9093574047963
LV1	miroc6	ssp370	2061	294.88385	265.47678	2192.537949612537
LV1	miroc6	ssp370	2062	296.6073	265.59293	1538.1115346797333
LV1	miroc6	ssp370	2063	294.11533	262.8366	2601.2206788639987
LV1	miroc6	ssp370	2064	294.57278	263.04837	2440.6805051584765
LV1	miroc6	ssp370	2065	295.2381	263.12006	1948.894878197431
LV1	miroc6	ssp370	2066	295.91565	264.26505	2046.0354320703968
LV1	miroc6	ssp370	2067	297.7101	263.52158	1847.2612160257477
LV1	miroc6	ssp370	2068	294.3862	260.9392	2215.1710540986946
LV1	miroc6	ssp370	2069	294.07925	268.03098	1825.0289764254744
LV1	miroc6	ssp370	2070	295.31305	266.6003	1564.019016176452
LV1	mpi-esm1-2-hr	ssp245	2041	293.1732	261.02216	2624.2031422792334
LV1	mpi-esm1-2-hr	ssp245	2042	293.3435	259.28516	2264.119742531315
LV1	mpi-esm1-2-hr	ssp245	2043	295.78983	262.77487	1368.0004617810043
LV1	mpi-esm1-2-hr	ssp245	2044	295.7709	262.3255	1981.228977075048
LV1	mpi-esm1-2-hr	ssp245	2045	291.85522	261.3414	2794.978718133571
LV1	mpi-esm1-2-hr	ssp245	2046	291.60703	263.43793	2510.2294708485215
LV1	mpi-esm1-2-hr	ssp245	2047	294.4219	262.6051	2090.745451580663
LV1	mpi-esm1-2-hr	ssp245	2048	293.29697	264.89642	2770.3919895691156
LV1	mpi-esm1-2-hr	ssp245	2049	294.94037	260.785	1503.9684517308856
LV1	mpi-esm1-2-hr	ssp245	2050	295.60767	264.82336	1214.4761675968607
LV1	mpi-esm1-2-hr	ssp245	2051	295.10806	261.4752	2709.561746567451
LV1	mpi-esm1-2-hr	ssp245	2052	293.40805	264.24173	2171.80700018064
LV1	mpi-esm1-2-hr	ssp245	2053	294.84222	264.81708	3005.6154817341985
LV1	mpi-esm1-2-hr	ssp245	2054	295.87085	262.92044	2286.9816853897305
LV1	mpi-esm1-2-hr	ssp245	2055	292.55783	263.0643	1237.8598392940453
LV1	mpi-esm1-2-hr	ssp245	2056	294.0067	265.08456	1338.236397353463
LV1	mpi-esm1-2-hr	ssp245	2057	294.01447	262.66852	1523.4165206551552
LV1	mpi-esm1-2-hr	ssp245	2058	293.43726	263.3114	2474.339335039195
LV1	mpi-esm1-2-hr	ssp245	2059	293.6396	266.10052	2025.2892573829427
LV1	mpi-esm1-2-hr	ssp245	2060	294.1484	261.41986000000003	2102.408012479941
LV1	mpi-esm1-2-hr	ssp245	2061	293.10016	259.1327	2043.2535773142768
LV1	mpi-esm1-2-hr	ssp245	2062	294.71982	259.99478	1952.9031272394932
LV1	mpi-esm1-2-hr	ssp245	2063	291.12488	260.80356	2898.092074552468
LV1	mpi-esm1-2-hr	ssp245	2064	292.99496	261.65384	1868.201531935465
LV1	mpi-esm1-2-hr	ssp245	2065	293.3624	265.0885	2059.9605212453353
LV1	mpi-esm1-2-hr	ssp245	2066	295.38956	264.7865	3071.8387722037487
LV1	mpi-esm1-2-hr	ssp245	2067	296.5973	265.2276	2351.3645620084803
LV1	mpi-esm1-2-hr	ssp245	2068	294.5591	264.7744	1449.58776324054
LV1	mpi-esm1-2-hr	ssp245	2069	294.44992	260.6768	1824.7217888943164
LV1	mpi-esm1-2-hr	ssp245	2070	293.56366	264.10208	2124.72717985509
LV1	mpi-esm1-2-hr	ssp370	2041	296.03952	262.8628	1791.7717035859296
LV1	mpi-esm1-2-hr	ssp370	2042	293.73828	262.7371	2388.603027735299
LV1	mpi-esm1-2-hr	ssp370	2043	294.60406	259.86176	2384.9816209170517
LV1	mpi-esm1-2-hr	ssp370	2044	296.32794	262.3541	2005.1640886813132
LV1	mpi-esm1-2-hr	ssp370	2045	294.2474	263.51654	2842.039086681298
LV1	mpi-esm1-2-hr	ssp370	2046	293.95782	263.72354	2522.3820650483754
LV1	mpi-esm1-2-hr	ssp370	2047	293.09317	262.3438	1887.5625740736423
LV1	mpi-esm1-2-hr	ssp370	2048	293.91312	262.2663	1701.7383016179722
LV1	mpi-esm1-2-hr	ssp370	2049	295.20807	261.52072	1641.3732756161694
LV1	mpi-esm1-2-hr	ssp370	2050	293.85217	265.37177	2121.7081658541924
LV1	mpi-esm1-2-hr	ssp370	2051	296.72662	265.65662	2126.276427763478
LV1	mpi-esm1-2-hr	ssp370	2052	293.836	263.1307	2580.4462738742045
LV1	mpi-esm1-2-hr	ssp370	2053	296.1488	265.69302	2655.2243005251066
LV1	mpi-esm1-2-hr	ssp370	2054	294.70648	263.9031	2274.9406491871264
LV1	mpi-esm1-2-hr	ssp370	2055	291.78998	259.0272	2964.8619577026366
LV1	mpi-esm1-2-hr	ssp370	2056	292.28775	264.16534	1749.1570043842805
LV1	mpi-esm1-2-hr	ssp370	2057	294.3425	263.12042	2991.4326930418024
LV1	mpi-esm1-2-hr	ssp370	2058	293.53586	263.55716	2788.646369660217
LV1	mpi-esm1-2-hr	ssp370	2059	293.90912	265.50876	2557.090953178647
LV1	mpi-esm1-2-hr	ssp370	2060	296.3053	265.6285	1632.1030306862224
LV1	mpi-esm1-2-hr	ssp370	2061	294.73785	263.79034	1746.0337875061277
LV1	mpi-esm1-2-hr	ssp370	2062	295.94135	264.63712	2088.1412346424936
LV1	mpi-esm1-2-hr	ssp370	2063	293.62482	265.29083	1926.2957086320798
LV1	mpi-esm1-2-hr	ssp370	2064	295.3061	263.2587	2332.6428243889795
LV1	mpi-esm1-2-hr	ssp370	2065	293.94208	263.9182	1567.1290010679145
LV1	mpi-esm1-2-hr	ssp370	2066	292.92072	264.02924	2221.932433953007
LV1	mpi-esm1-2-hr	ssp370	2067	296.06995	266.04257	2082.9371373401286
LV1	mpi-esm1-2-hr	ssp370	2068	295.46295	264.96805	2719.0401074476017
LV1	mpi-esm1-2-hr	ssp370	2069	295.06622	263.16547	1898.718740616419
LV1	mpi-esm1-2-hr	ssp370	2070	295.48843	264.38293	2275.1259535783656
LV1	mri-esm2-0	ssp245	2041	293.11118	259.88724	3113.4304342441155
LV1	mri-esm2-0	ssp245	2042	295.11954	260.38898	2778.22075332215
LV1	mri-esm2-0	ssp245	2043	295.04776	264.2192	2084.8625399171965
LV1	mri-esm2-0	ssp245	2044	295.365	266.75485	1122.6090069045072
LV1	mri-esm2-0	ssp245	2045	293.3092	265.4401	3367.1423153020155
LV1	mri-esm2-0	ssp245	2046	294.55505	264.9831	2751.7942683886918
LV1	mri-esm2-0	ssp245	2047	292.35464	260.27115	1831.878806155813
LV1	mri-esm2-0	ssp245	2048	295.61142	260.53766	1780.5660386569693
LV1	mri-esm2-0	ssp245	2049	294.38348	266.2655	2129.668061574873
LV1	mri-esm2-0	ssp245	2050	293.98178	263.57547	2890.3253003954533
LV1	mri-esm2-0	ssp245	2051	293.09592	262.38754	2328.0473001300807
LV1	mri-esm2-0	ssp245	2052	295.002	263.65564	1481.1935953795714
LV1	mri-esm2-0	ssp245	2053	293.58002	264.488	2813.7109266622515
LV1	mri-esm2-0	ssp245	2054	294.80457	263.12665	2578.227750118784
LV1	mri-esm2-0	ssp245	2055	294.93542	264.53424	1132.4120230972458
LV1	mri-esm2-0	ssp245	2056	293.66516	265.58255	1709.6760716289064
LV1	mri-esm2-0	ssp245	2057	295.096	262.2392	2809.208460152113
LV1	mri-esm2-0	ssp245	2058	296.94122	264.1914	2699.2209827760007
LV1	mri-esm2-0	ssp245	2059	294.89566	263.78934	1972.8481200174292
LV1	mri-esm2-0	ssp245	2060	294.36667	264.1011	720.4102923162282
LV1	mri-esm2-0	ssp245	2061	296.25534	263.58893	2296.4551749173215
LV1	mri-esm2-0	ssp245	2062	294.2607	265.62195	2621.539658121732
LV1	mri-esm2-0	ssp245	2063	294.36563	262.01678	2432.7631316380257
LV1	mri-esm2-0	ssp245	2064	295.2712	264.44052	3329.0451006497683
LV1	mri-esm2-0	ssp245	2065	295.62955	264.39432	1865.4606873169478
LV1	mri-esm2-0	ssp245	2066	294.61325	265.1737	2167.475496599156
LV1	mri-esm2-0	ssp245	2067	295.88727	262.73465	2048.3634212286743
LV1	mri-esm2-0	ssp245	2068	295.54745	265.52106	1917.284915875618
LV1	mri-esm2-0	ssp245	2069	294.3153	265.11462	1762.214059894889
LV1	mri-esm2-0	ssp245	2070	295.3591	265.56888	3372.4625772563018
LV1	mri-esm2-0	ssp370	2041	293.63205	261.95724	1570.4237365163624
LV1	mri-esm2-0	ssp370	2042	296.4225	262.33307	1897.009745787324
LV1	mri-esm2-0	ssp370	2043	295.64203	264.63025	1902.0213145718483
LV1	mri-esm2-0	ssp370	2044	293.35995	264.142	1755.2632409874673
LV1	mri-esm2-0	ssp370	2045	294.52396	263.92615	1628.685162356096
LV1	mri-esm2-0	ssp370	2046	294.386	262.95676	2919.7467913850364
LV1	mri-esm2-0	ssp370	2047	297.43158	264.12958	2928.5106583032275
LV1	mri-esm2-0	ssp370	2048	293.55582	261.71863	1807.6914698816468
LV1	mri-esm2-0	ssp370	2049	297.6819	261.5329	2537.6821695535523
LV1	mri-esm2-0	ssp370	2050	293.91232	264.56714	2954.275929182737
LV1	mri-esm2-0	ssp370	2051	296.92975	264.9172	3297.581577824815
LV1	mri-esm2-0	ssp370	2052	295.08804	264.08478	2244.4790078093647
LV1	mri-esm2-0	ssp370	2053	296.444	267.05188	2096.6955814975818
LV1	mri-esm2-0	ssp370	2054	292.56903	264.35605	2612.1093884110105
LV1	mri-esm2-0	ssp370	2055	294.3796	260.94525	2511.7216282523677
LV1	mri-esm2-0	ssp370	2056	293.66318	265.09024	1826.3478864915285
LV1	mri-esm2-0	ssp370	2057	295.39294	266.9255	2506.9774991366385
LV1	mri-esm2-0	ssp370	2058	297.38943	264.18866	2085.883736491084
LV1	mri-esm2-0	ssp370	2059	295.06894	263.3605	1976.38032431712
LV1	mri-esm2-0	ssp370	2060	291.03687	263.49725	1884.6276907017236
LV1	mri-esm2-0	ssp370	2061	295.58438	263.61978	2617.6508629868795
LV1	mri-esm2-0	ssp370	2062	293.47943	262.1354	2583.037415239928
LV1	mri-esm2-0	ssp370	2063	297.642	264.66635	1068.5606554266828
LV1	mri-esm2-0	ssp370	2064	294.99573	264.5495	1967.073279269935
LV1	mri-esm2-0	ssp370	2065	293.55008	265.12018	2023.823998030255
LV1	mri-esm2-0	ssp370	2066	294.3848	264.87003	2362.525448715266
LV1	mri-esm2-0	ssp370	2067	297.60904	264.25613	2375.0491939804606
LV1	mri-esm2-0	ssp370	2068	293.4876	264.00168	2222.8593252366095
LV1	mri-esm2-0	ssp370	2069	295.069	263.5864	1692.703887924953
LV1	mri-esm2-0	ssp370	2070	294.8881	263.18503	2632.8741621225367
LV3	access-cm2	ssp245	2041	295.66968	265.30396	2242.621049797078
LV3	access-cm2	ssp245	2042	295.21762	259.86627	1833.2577649619834
LV3	access-cm2	ssp245	2043	294.8205	265.4233	3001.1254512704018
LV3	access-cm2	ssp245	2044	296.41608	265.18918	1739.2082314006645
LV3	access-cm2	ssp245	2045	296.00327	264.96204	2632.7592902350307
LV3	access-cm2	ssp245	2046	294.48492	263.309	2314.963344996725
LV3	access-cm2	ssp245	2047	297.57877	265.671	2365.982878161557
LV3	access-cm2	ssp245	2048	294.6913	266.75165	1874.6002464976664
LV3	access-cm2	ssp245	2049	296.98355	262.0061	1640.25961331789
LV3	access-cm2	ssp245	2050	294.9758	260.10284	2431.9110359530305
LV3	access-cm2	ssp245	2051	295.40884	266.2372	1801.76135437794
LV3	access-cm2	ssp245	2052	296.99228	264.97388	2525.2980363321903
LV3	access-cm2	ssp245	2053	295.63535	263.23145	1707.9680285648926
LV3	access-cm2	ssp245	2054	297.3912	267.01984	1494.620666862446
LV3	access-cm2	ssp245	2055	295.05267	264.74237	1793.936080967225
LV3	access-cm2	ssp245	2056	296.9321	263.89716	2956.7818132345255
LV3	access-cm2	ssp245	2057	296.2919	264.47134	2211.0559386200916
LV3	access-cm2	ssp245	2058	297.45767	265.3627	3558.9457351946676
LV3	access-cm2	ssp245	2059	298.45807	263.70905	3574.87979996942
LV3	access-cm2	ssp245	2060	295.69565	264.661	1644.359006913102
LV3	access-cm2	ssp245	2061	297.12338	265.37772	2107.6713882386566
LV3	access-cm2	ssp245	2062	293.9341	263.48734	2428.2558747915946
LV3	access-cm2	ssp245	2063	296.09296	266.44504	2200.099561182975
LV3	access-cm2	ssp245	2064	295.99478	265.43335	2302.4433351659663
LV3	access-cm2	ssp245	2065	296.69934	264.34735	2711.348778591424
LV3	access-cm2	ssp245	2066	296.37393	266.05533	1814.1745693980913
LV3	access-cm2	ssp245	2067	296.2887	264.13715	1676.8965081777196
LV3	access-cm2	ssp245	2068	296.16223	262.85574	1790.5475884442858
LV3	access-cm2	ssp245	2069	296.80362	265.35767	2883.9991679414497
LV3	access-cm2	ssp245	2070	294.8827	265.57797	2898.7470184452077
LV3	access-cm2	ssp370	2041	295.96997	263.17303	1516.2142136133884
LV3	access-cm2	ssp370	2042	295.063	263.91287	1896.7874863184588
LV3	access-cm2	ssp370	2043	296.21454	264.90775	1512.6396711682687
LV3	access-cm2	ssp370	2044	296.0717	264.46838	2714.172936603365
LV3	access-cm2	ssp370	2045	295.60605	264.87494	1970.5656669102182
LV3	access-cm2	ssp370	2046	295.22366	265.38364	2637.7828447613397
LV3	access-cm2	ssp370	2047	295.12897	259.54086	1843.7771975062296
LV3	access-cm2	ssp370	2048	294.51773	262.63388	1928.0764600436064
LV3	access-cm2	ssp370	2049	295.3824	265.5234	2806.572030577751
LV3	access-cm2	ssp370	2050	296.3749	261.1115	1953.7434720201177
LV3	access-cm2	ssp370	2051	295.10938	262.66565	2182.750219653776
LV3	access-cm2	ssp370	2052	294.7018	266.5351	3391.8745660164222
LV3	access-cm2	ssp370	2053	297.24213	263.14966	2077.813221886691
LV3	access-cm2	ssp370	2054	295.37207	265.71948	1469.573712721436
LV3	access-cm2	ssp370	2055	295.43918	264.31427	1512.0471837959178
LV3	access-cm2	ssp370	2056	295.8234	264.74948	1228.1241315649645
LV3	access-cm2	ssp370	2057	293.84473	263.62415	2136.5835491101166
LV3	access-cm2	ssp370	2058	296.60687	265.2368	2447.186076315083
LV3	access-cm2	ssp370	2059	295.01462	264.04486000000003	1889.9797003715992
LV3	access-cm2	ssp370	2060	296.0817	266.69077	2082.1359466295307
LV3	access-cm2	ssp370	2061	296.22635	264.8655	2581.7708711139385
LV3	access-cm2	ssp370	2062	296.8354	265.94327	3270.19241577612
LV3	access-cm2	ssp370	2063	292.5146	263.63718	2038.3444497536043
LV3	access-cm2	ssp370	2064	294.4248	265.1261	3989.8182987933083
LV3	access-cm2	ssp370	2065	298.33777	264.48428	3002.1876789629036
LV3	access-cm2	ssp370	2066	296.39255000000003	264.1216	2406.0309045016347
LV3	access-cm2	ssp370	2067	296.60837	263.95303	1716.7054214514608
LV3	access-cm2	ssp370	2068	295.56705	267.05182	2600.8703249505943
LV3	access-cm2	ssp370	2069	296.57834	263.55783	4092.233939096269
LV3	access-cm2	ssp370	2070	298.21884	266.64188	1785.966353234796
LV3	cnrm-esm2-1	ssp245	2041	296.4009	263.1196	2595.208617893478
LV3	cnrm-esm2-1	ssp245	2042	294.66348	263.49228	2745.1917446683506
LV3	cnrm-esm2-1	ssp245	2043	293.2597	264.37662	2461.168447416226
LV3	cnrm-esm2-1	ssp245	2044	295.23724	264.08975	1875.2895127516047
LV3	cnrm-esm2-1	ssp245	2045	294.88248	262.74127	2477.7489888946784
LV3	cnrm-esm2-1	ssp245	2046	295.62482	263.97244	1564.5389571553023
LV3	cnrm-esm2-1	ssp245	2047	294.40805	263.34613	3265.16992847898
LV3	cnrm-esm2-1	ssp245	2048	294.1466	264.0425	1530.1599989644951
LV3	cnrm-esm2-1	ssp245	2049	294.32373	265.59473	2499.3984722764812
LV3	cnrm-esm2-1	ssp245	2050	295.8858	264.8806	1719.1083347657277
LV3	cnrm-esm2-1	ssp245	2051	295.8987	264.66345	2157.53560743755
LV3	cnrm-esm2-1	ssp245	2052	295.29608	261.65143	2840.525379404373
LV3	cnrm-esm2-1	ssp245	2053	294.67325	262.8517	1738.6276905192012
LV3	cnrm-esm2-1	ssp245	2054	294.32162	262.10263	3315.3134976512747
LV3	cnrm-esm2-1	ssp245	2055	296.39484	263.86972	3252.7957480865944
LV3	cnrm-esm2-1	ssp245	2056	295.9763	262.85477	1903.6124926758487
LV3	cnrm-esm2-1	ssp245	2057	294.51938	262.4959	1132.6302419649437
LV3	cnrm-esm2-1	ssp245	2058	293.17346	263.84964	2465.418734913642
LV3	cnrm-esm2-1	ssp245	2059	295.87863	265.40466	3187.551737786195
LV3	cnrm-esm2-1	ssp245	2060	296.91006	261.62292	2922.3741521592556
LV3	cnrm-esm2-1	ssp245	2061	294.90488	265.7321	2633.5690235718403
LV3	cnrm-esm2-1	ssp245	2062	293.3487	260.81326	1735.9870477812049
LV3	cnrm-esm2-1	ssp245	2063	294.90268	264.96857	2113.823737436842
LV3	cnrm-esm2-1	ssp245	2064	294.19366	261.7263	2677.756648510677
LV3	cnrm-esm2-1	ssp245	2065	293.70392	263.60022	1386.4579264016152
LV3	cnrm-esm2-1	ssp245	2066	295.10056	265.8034	3031.619904655937
LV3	cnrm-esm2-1	ssp245	2067	295.1682	263.76184	1972.3959816153529
LV3	cnrm-esm2-1	ssp245	2068	295.23962	263.80002	1956.0931594110543
LV3	cnrm-esm2-1	ssp245	2069	295.0802	265.10526	1893.9854890631732
LV3	cnrm-esm2-1	ssp245	2070	295.28134	266.84555	2203.9248894899274
LV3	cnrm-esm2-1	ssp370	2041	294.86362	264.6038	1558.8463887688117
LV3	cnrm-esm2-1	ssp370	2042	293.43658	263.4902	1888.0967388801987
LV3	cnrm-esm2-1	ssp370	2043	295.06213	262.9438	2710.598879784775
LV3	cnrm-esm2-1	ssp370	2044	294.30435	264.6774	2100.1939619891054
LV3	cnrm-esm2-1	ssp370	2045	296.05508	260.00256	2934.504521638129
LV3	cnrm-esm2-1	ssp370	2046	288.44046	265.87772	1986.2918621627564
LV3	cnrm-esm2-1	ssp370	2047	295.10855	261.76755000000003	1623.6844061873699
LV3	cnrm-esm2-1	ssp370	2048	292.6395	263.44397	3211.663655633961
LV3	cnrm-esm2-1	ssp370	2049	293.0511	265.41003	2240.882762102362
LV3	cnrm-esm2-1	ssp370	2050	292.33127	265.06543	2980.764688644518
LV3	cnrm-esm2-1	ssp370	2051	295.3092	264.4316	2665.280885738238
LV3	cnrm-esm2-1	ssp370	2052	294.01117	262.79636	1963.1014188983936
LV3	cnrm-esm2-1	ssp370	2053	295.02133	265.1596	2663.222833257123
LV3	cnrm-esm2-1	ssp370	2054	294.39877	265.20255	2379.087151028171
LV3	cnrm-esm2-1	ssp370	2055	296.03748	263.59613	2356.4274610834946
LV3	cnrm-esm2-1	ssp370	2056	295.7337	264.48837	2230.32099518453
LV3	cnrm-esm2-1	ssp370	2057	293.77844	260.75613	2405.082624591842
LV3	cnrm-esm2-1	ssp370	2058	297.3408	264.49316	1583.287295163586
LV3	cnrm-esm2-1	ssp370	2059	295.3451	264.19427	1700.8818676695107
LV3	cnrm-esm2-1	ssp370	2060	293.58755	263.42642	2251.4496933202436
LV3	cnrm-esm2-1	ssp370	2061	296.15295	264.188	2157.141659507709
LV3	cnrm-esm2-1	ssp370	2062	295.17288	266.09106	1802.2071843500876
LV3	cnrm-esm2-1	ssp370	2063	294.3469	266.1708	2395.726019237139
LV3	cnrm-esm2-1	ssp370	2064	294.32346	263.71823	2519.2563439718847
LV3	cnrm-esm2-1	ssp370	2065	294.76678	265.79575	1039.1538611613184
LV3	cnrm-esm2-1	ssp370	2066	293.57434	262.85858	2224.0864892955483
LV3	cnrm-esm2-1	ssp370	2067	296.59595	266.96796	2301.1944113065842
LV3	cnrm-esm2-1	ssp370	2068	297.15118	262.81662	3057.402666262319
LV3	cnrm-esm2-1	ssp370	2069	296.5988	266.46695	3974.20794730996
LV3	cnrm-esm2-1	ssp370	2070	296.3682	266.0374	1068.7360990850457
LV3	ec-earth3-veg	ssp245	2041	295.27344	262.1233	1744.7280198452002
LV3	ec-earth3-veg	ssp245	2042	295.89276	265.32404	2706.248561083262
LV3	ec-earth3-veg	ssp245	2043	294.60522	264.79	2433.9304000313123
LV3	ec-earth3-veg	ssp245	2044	292.61737	262.01428	2450.6491371429656
LV3	ec-earth3-veg	ssp245	2045	294.18472	264.87344	2215.2680662459925
LV3	ec-earth3-veg	ssp245	2046	294.83728	264.11945	2330.028680199711
LV3	ec-earth3-veg	ssp245	2047	293.78683	266.32608	1463.0625732242809
LV3	ec-earth3-veg	ssp245	2048	295.70764	263.2489	2752.7960448525164
LV3	ec-earth3-veg	ssp245	2049	294.1146	264.64432	2416.836999391633
LV3	ec-earth3-veg	ssp245	2050	294.91287	262.6952	2668.5398507863188
LV3	ec-earth3-veg	ssp245	2051	294.20255	265.9693	2389.019088959264
LV3	ec-earth3-veg	ssp245	2052	294.63745	265.4319	2011.5720877074432
LV3	ec-earth3-veg	ssp245	2053	293.94684	267.0519	2298.2498807832444
LV3	ec-earth3-veg	ssp245	2054	295.8631	263.09225	1451.7030404414616
LV3	ec-earth3-veg	ssp245	2055	292.66492	265.56747	1771.808607783148
LV3	ec-earth3-veg	ssp245	2056	293.76654	266.67786	2773.437712714007
LV3	ec-earth3-veg	ssp245	2057	293.8173	263.4906	1959.460286842605
LV3	ec-earth3-veg	ssp245	2058	294.4321	265.95624	2034.7077815327389
LV3	ec-earth3-veg	ssp245	2059	296.42932	265.77542	2320.887061860388
LV3	ec-earth3-veg	ssp245	2060	295.38757	265.70483	2127.2925045922893
LV3	ec-earth3-veg	ssp245	2061	296.3345	260.1689	2640.8953492529386
LV3	ec-earth3-veg	ssp245	2062	295.18893	263.40756	1425.1067497534395
LV3	ec-earth3-veg	ssp245	2063	293.86072	266.6748	1875.0044847198121
LV3	ec-earth3-veg	ssp245	2064	295.59647	264.18207	2924.9120731022526
LV3	ec-earth3-veg	ssp245	2065	296.39523	263.7054	1488.9260305557227
LV3	ec-earth3-veg	ssp245	2066	297.01056	265.01193	3082.7829091809135
LV3	ec-earth3-veg	ssp245	2067	294.34454	264.93427	3041.103817708712
LV3	ec-earth3-veg	ssp245	2068	294.1816	264.46487	2179.2124372499047
LV3	ec-earth3-veg	ssp245	2069	296.36185	265.82318	1833.8281780946638
LV3	ec-earth3-veg	ssp245	2070	295.6172	265.19266	2540.1444072543686
LV3	ec-earth3-veg	ssp370	2041	293.2925	258.56824	2176.1995775042715
LV3	ec-earth3-veg	ssp370	2042	294.71765	258.34692	2177.8406172713935
LV3	ec-earth3-veg	ssp370	2043	292.45987	265.26865	4011.0291787655074
LV3	ec-earth3-veg	ssp370	2044	296.1022	264.89545	3511.369218584081
LV3	ec-earth3-veg	ssp370	2045	293.81235	260.09717	1551.876569213297
LV3	ec-earth3-veg	ssp370	2046	293.2236	260.7305	1997.3701018374004
LV3	ec-earth3-veg	ssp370	2047	293.38977	258.19394	2094.9549363925717
LV3	ec-earth3-veg	ssp370	2048	294.28723	267.5304	2578.1346129252956
LV3	ec-earth3-veg	ssp370	2049	294.5231	260.5826	2208.47634274974
LV3	ec-earth3-veg	ssp370	2050	295.4134	263.71115	2409.8875752067624
LV3	ec-earth3-veg	ssp370	2051	292.90585	262.49515	1492.797587835181
LV3	ec-earth3-veg	ssp370	2052	293.875	265.24893	3001.8990059033326
LV3	ec-earth3-veg	ssp370	2053	294.47595	264.20547	2618.787500448485
LV3	ec-earth3-veg	ssp370	2054	294.5511	264.59558	2278.7066403776216
LV3	ec-earth3-veg	ssp370	2055	295.52103	263.77408	3345.5323465167694
LV3	ec-earth3-veg	ssp370	2056	293.12143	263.19305	2451.4141727238443
LV3	ec-earth3-veg	ssp370	2057	297.3575	262.60153	1286.3883640980666
LV3	ec-earth3-veg	ssp370	2058	294.23718	262.4302	2812.122707068843
LV3	ec-earth3-veg	ssp370	2059	295.78674	261.74677	2692.4790754448363
LV3	ec-earth3-veg	ssp370	2060	296.06696	265.5591	3000.4775519482296
LV3	ec-earth3-veg	ssp370	2061	295.74338	266.64786	2678.8450813327754
LV3	ec-earth3-veg	ssp370	2062	295.59872	265.56735	1928.0983379110307
LV3	ec-earth3-veg	ssp370	2063	293.17554	263.55176	2164.47639171379
LV3	ec-earth3-veg	ssp370	2064	294.3641	267.6213	2355.27063978952
LV3	ec-earth3-veg	ssp370	2065	296.44003	264.66156	2195.815562247269
LV3	ec-earth3-veg	ssp370	2066	295.39175	267.1078	3036.446874425704
LV3	ec-earth3-veg	ssp370	2067	294.17392	266.63617	2572.112819150716
LV3	ec-earth3-veg	ssp370	2068	296.76227	265.88568	2621.615386940506
LV3	ec-earth3-veg	ssp370	2069	296.03778	264.95255	2256.438403908379
LV3	ec-earth3-veg	ssp370	2070	299.248	265.05014	1925.1120032742313
LV3	miroc6	ssp245	2041	294.5061	260.91183	2315.1597669347348
LV3	miroc6	ssp245	2042	293.50107	266.22052	2835.4291286318958
LV3	miroc6	ssp245	2043	294.53174	263.83145	2607.2862621629292
LV3	miroc6	ssp245	2044	294.5065	263.78586	2633.7646615727554
LV3	miroc6	ssp245	2045	294.09067	264.51144	1156.1599728302024
LV3	miroc6	ssp245	2046	295.68762	263.84296	2037.7017579506455
LV3	miroc6	ssp245	2047	292.1459	264.64328	1685.4320834855976
LV3	miroc6	ssp245	2048	293.53394	264.58246	2970.7396101016775
LV3	miroc6	ssp245	2049	293.22006	261.08948	1864.2359743359825
LV3	miroc6	ssp245	2050	294.45624	263.33664	1529.604080133091
LV3	miroc6	ssp245	2051	292.68942	264.93594	1553.5129086579827
LV3	miroc6	ssp245	2052	292.62543	263.59116	2993.028062582005
LV3	miroc6	ssp245	2053	294.38028	265.51273	2226.60916533783
LV3	miroc6	ssp245	2054	294.31378	263.5592	1960.5695458128794
LV3	miroc6	ssp245	2055	294.07733	266.80145	2904.517680290129
LV3	miroc6	ssp245	2056	293.1807	262.58966	2215.3952205553333
LV3	miroc6	ssp245	2057	293.7436	263.7598	2386.1311859450443
LV3	miroc6	ssp245	2058	294.00967	262.1917	2639.773829313305
LV3	miroc6	ssp245	2059	294.1954	263.52805	2670.6865249201073
LV3	miroc6	ssp245	2060	292.17908	265.51117	3950.8253964827636
LV3	miroc6	ssp245	2061	293.57428	263.2658	1116.3274364982271
LV3	miroc6	ssp245	2062	295.61316	262.29645	1516.884034336481
LV3	miroc6	ssp245	2063	296.21164	260.25592	1617.7514658774967
LV3	miroc6	ssp245	2064	295.64792	265.19858	1927.781044319231
LV3	miroc6	ssp245	2065	293.49442	266.2463	2261.8692291899943
LV3	miroc6	ssp245	2066	293.2922	265.02542	2634.8330556414544
LV3	miroc6	ssp245	2067	295.29343	262.67603	1536.8709135800357
LV3	miroc6	ssp245	2068	294.234	263.91714	1502.3154997732436
LV3	miroc6	ssp245	2069	294.6334	263.73746	2149.1563806077042
LV3	miroc6	ssp245	2070	295.08835	264.35605	1251.2125030508769
LV3	miroc6	ssp370	2041	295.53937	262.76157	967.681396601256
LV3	miroc6	ssp370	2042	293.98413	264.0328	1973.4661822265084
LV3	miroc6	ssp370	2043	294.83716	262.9089	1397.899009863605
LV3	miroc6	ssp370	2044	297.13675	257.8672	1461.886929580941
LV3	miroc6	ssp370	2045	293.26346	266.2481	3220.2969968318566
LV3	miroc6	ssp370	2046	292.68686	265.24933	2162.2922434005486
LV3	miroc6	ssp370	2047	293.70203	264.54297	1742.5665188580433
LV3	miroc6	ssp370	2048	293.31223	266.3232	1775.5349479615534
LV3	miroc6	ssp370	2049	292.3879	265.88647	1839.7066091070537
LV3	miroc6	ssp370	2050	294.02625	264.28625	2617.4727457109407
LV3	miroc6	ssp370	2051	292.91815	264.2395	2869.2966106754357
LV3	miroc6	ssp370	2052	294.28702	265.7128	3386.9350319495015
LV3	miroc6	ssp370	2053	295.49698	265.71576	1965.3663665055751
LV3	miroc6	ssp370	2054	294.6821	264.9302	2322.7778155356123
LV3	miroc6	ssp370	2055	293.93143	264.41766	3152.098349947424
LV3	miroc6	ssp370	2056	294.21725	265.89886	2820.421381504184
LV3	miroc6	ssp370	2057	294.44467	264.26913	2021.220111404499
LV3	miroc6	ssp370	2058	295.0901	263.57587	1903.8850388489248
LV3	miroc6	ssp370	2059	294.70132	261.7541	1623.88856168836
LV3	miroc6	ssp370	2060	295.67053	264.96375	1316.9093574047963
LV3	miroc6	ssp370	2061	294.88385	265.47678	2192.537949612537
LV3	miroc6	ssp370	2062	296.6073	265.59293	1538.1115346797333
LV3	miroc6	ssp370	2063	294.11533	262.8366	2601.2206788639987
LV3	miroc6	ssp370	2064	294.57278	263.04837	2440.6805051584765
LV3	miroc6	ssp370	2065	295.2381	263.12006	1948.894878197431
LV3	miroc6	ssp370	2066	295.91565	264.26505	2046.0354320703968
LV3	miroc6	ssp370	2067	297.7101	263.52158	1847.2612160257477
LV3	miroc6	ssp370	2068	294.3862	260.9392	2215.1710540986946
LV3	miroc6	ssp370	2069	294.07925	268.03098	1825.0289764254744
LV3	miroc6	ssp370	2070	295.31305	266.6003	1564.019016176452
LV3	mpi-esm1-2-hr	ssp245	2041	293.1732	261.02216	2624.2031422792334
LV3	mpi-esm1-2-hr	ssp245	2042	293.3435	259.28516	2264.119742531315
LV3	mpi-esm1-2-hr	ssp245	2043	295.78983	262.77487	1368.0004617810043
LV3	mpi-esm1-2-hr	ssp245	2044	295.7709	262.3255	1981.228977075048
LV3	mpi-esm1-2-hr	ssp245	2045	291.85522	261.3414	2794.978718133571
LV3	mpi-esm1-2-hr	ssp245	2046	291.60703	263.43793	2510.2294708485215
LV3	mpi-esm1-2-hr	ssp245	2047	294.4219	262.6051	2090.745451580663
LV3	mpi-esm1-2-hr	ssp245	2048	293.29697	264.89642	2770.3919895691156
LV3	mpi-esm1-2-hr	ssp245	2049	294.94037	260.785	1503.9684517308856
LV3	mpi-esm1-2-hr	ssp245	2050	295.60767	264.82336	1214.4761675968607
LV3	mpi-esm1-2-hr	ssp245	2051	295.10806	261.4752	2709.561746567451
LV3	mpi-esm1-2-hr	ssp245	2052	293.40805	264.24173	2171.80700018064
LV3	mpi-esm1-2-hr	ssp245	2053	294.84222	264.81708	3005.6154817341985
LV3	mpi-esm1-2-hr	ssp245	2054	295.87085	262.92044	2286.9816853897305
LV3	mpi-esm1-2-hr	ssp245	2055	292.55783	263.0643	1237.8598392940453
LV3	mpi-esm1-2-hr	ssp245	2056	294.0067	265.08456	1338.236397353463
LV3	mpi-esm1-2-hr	ssp245	2057	294.01447	262.66852	1523.4165206551552
LV3	mpi-esm1-2-hr	ssp245	2058	293.43726	263.3114	2474.339335039195
LV3	mpi-esm1-2-hr	ssp245	2059	293.6396	266.10052	2025.2892573829427
LV3	mpi-esm1-2-hr	ssp245	2060	294.1484	261.41986000000003	2102.408012479941
LV3	mpi-esm1-2-hr	ssp245	2061	293.10016	259.1327	2043.2535773142768
LV3	mpi-esm1-2-hr	ssp245	2062	294.71982	259.99478	1952.9031272394932
LV3	mpi-esm1-2-hr	ssp245	2063	291.12488	260.80356	2898.092074552468
LV3	mpi-esm1-2-hr	ssp245	2064	292.99496	261.65384	1868.201531935465
LV3	mpi-esm1-2-hr	ssp245	2065	293.3624	265.0885	2059.9605212453353
LV3	mpi-esm1-2-hr	ssp245	2066	295.38956	264.7865	3071.8387722037487
LV3	mpi-esm1-2-hr	ssp245	2067	296.5973	265.2276	2351.3645620084803
LV3	mpi-esm1-2-hr	ssp245	2068	294.5591	264.7744	1449.58776324054
LV3	mpi-esm1-2-hr	ssp245	2069	294.44992	260.6768	1824.7217888943164
LV3	mpi-esm1-2-hr	ssp245	2070	293.56366	264.10208	2124.72717985509
LV3	mpi-esm1-2-hr	ssp370	2041	296.03952	262.8628	1791.7717035859296
LV3	mpi-esm1-2-hr	ssp370	2042	293.73828	262.7371	2388.603027735299
LV3	mpi-esm1-2-hr	ssp370	2043	294.60406	259.86176	2384.9816209170517
LV3	mpi-esm1-2-hr	ssp370	2044	296.32794	262.3541	2005.1640886813132
LV3	mpi-esm1-2-hr	ssp370	2045	294.2474	263.51654	2842.039086681298
LV3	mpi-esm1-2-hr	ssp370	2046	293.95782	263.72354	2522.3820650483754
LV3	mpi-esm1-2-hr	ssp370	2047	293.09317	262.3438	1887.5625740736423
LV3	mpi-esm1-2-hr	ssp370	2048	293.91312	262.2663	1701.7383016179722
LV3	mpi-esm1-2-hr	ssp370	2049	295.20807	261.52072	1641.3732756161694
LV3	mpi-esm1-2-hr	ssp370	2050	293.85217	265.37177	2121.7081658541924
LV3	mpi-esm1-2-hr	ssp370	2051	296.72662	265.65662	2126.276427763478
LV3	mpi-esm1-2-hr	ssp370	2052	293.836	263.1307	2580.4462738742045
LV3	mpi-esm1-2-hr	ssp370	2053	296.1488	265.69302	2655.2243005251066
LV3	mpi-esm1-2-hr	ssp370	2054	294.70648	263.9031	2274.9406491871264
LV3	mpi-esm1-2-hr	ssp370	2055	291.78998	259.0272	2964.8619577026366
LV3	mpi-esm1-2-hr	ssp370	2056	292.28775	264.16534	1749.1570043842805
LV3	mpi-esm1-2-hr	ssp370	2057	294.3425	263.12042	2991.4326930418024
LV3	mpi-esm1-2-hr	ssp370	2058	293.53586	263.55716	2788.646369660217
LV3	mpi-esm1-2-hr	ssp370	2059	293.90912	265.50876	2557.090953178647
LV3	mpi-esm1-2-hr	ssp370	2060	296.3053	265.6285	1632.1030306862224
LV3	mpi-esm1-2-hr	ssp370	2061	294.73785	263.79034	1746.0337875061277
LV3	mpi-esm1-2-hr	ssp370	2062	295.94135	264.63712	2088.1412346424936
LV3	mpi-esm1-2-hr	ssp370	2063	293.62482	265.29083	1926.2957086320798
LV3	mpi-esm1-2-hr	ssp370	2064	295.3061	263.2587	2332.6428243889795
LV3	mpi-esm1-2-hr	ssp370	2065	293.94208	263.9182	1567.1290010679145
LV3	mpi-esm1-2-hr	ssp370	2066	292.92072	264.02924	2221.932433953007
LV3	mpi-esm1-2-hr	ssp370	2067	296.06995	266.04257	2082.9371373401286
LV3	mpi-esm1-2-hr	ssp370	2068	295.46295	264.96805	2719.0401074476017
LV3	mpi-esm1-2-hr	ssp370	2069	295.06622	263.16547	1898.718740616419
LV3	mpi-esm1-2-hr	ssp370	2070	295.48843	264.38293	2275.1259535783656
LV3	mri-esm2-0	ssp245	2041	293.11118	259.88724	3113.4304342441155
LV3	mri-esm2-0	ssp245	2042	295.11954	260.38898	2778.22075332215
LV3	mri-esm2-0	ssp245	2043	295.04776	264.2192	2084.8625399171965
LV3	mri-esm2-0	ssp245	2044	295.365	266.75485	1122.6090069045072
LV3	mri-esm2-0	ssp245	2045	293.3092	265.4401	3367.1423153020155
LV3	mri-esm2-0	ssp245	2046	294.55505	264.9831	2751.7942683886918
LV3	mri-esm2-0	ssp245	2047	292.35464	260.27115	1831.878806155813
LV3	mri-esm2-0	ssp245	2048	295.61142	260.53766	1780.5660386569693
LV3	mri-esm2-0	ssp245	2049	294.38348	266.2655	2129.668061574873
LV3	mri-esm2-0	ssp245	2050	293.98178	263.57547	2890.3253003954533
LV3	mri-esm2-0	ssp245	2051	293.09592	262.38754	2328.0473001300807
LV3	mri-esm2-0	ssp245	2052	295.002	263.65564	1481.1935953795714
LV3	mri-esm2-0	ssp245	2053	293.58002	264.488	2813.7109266622515
LV3	mri-esm2-0	ssp245	2054	294.80457	263.12665	2578.227750118784
LV3	mri-esm2-0	ssp245	2055	294.93542	264.53424	1132.4120230972458
LV3	mri-esm2-0	ssp245	2056	293.66516	265.58255	1709.6760716289064
LV3	mri-esm2-0	ssp245	2057	295.096	262.2392	2809.208460152113
LV3	mri-esm2-0	ssp245	2058	296.94122	264.1914	2699.2209827760007
LV3	mri-esm2-0	ssp245	2059	294.89566	263.78934	1972.8481200174292
LV3	mri-esm2-0	ssp245	2060	294.36667	264.1011	720.4102923162282
LV3	mri-esm2-0	ssp245	2061	296.25534	263.58893	2296.4551749173215
LV3	mri-esm2-0	ssp245	2062	294.2607	265.62195	2621.539658121732
LV3	mri-esm2-0	ssp245	2063	294.36563	262.01678	2432.7631316380257
LV3	mri-esm2-0	ssp245	2064	295.2712	264.44052	3329.0451006497683
LV3	mri-esm2-0	ssp245	2065	295.62955	264.39432	1865.4606873169478
LV3	mri-esm2-0	ssp245	2066	294.61325	265.1737	2167.475496599156
LV3	mri-esm2-0	ssp245	2067	295.88727	262.73465	2048.3634212286743
LV3	mri-esm2-0	ssp245	2068	295.54745	265.52106	1917.284915875618
LV3	mri-esm2-0	ssp245	2069	294.3153	265.11462	1762.214059894889
LV3	mri-esm2-0	ssp245	2070	295.3591	265.56888	3372.4625772563018
LV3	mri-esm2-0	ssp370	2041	293.63205	261.95724	1570.4237365163624
LV3	mri-esm2-0	ssp370	2042	296.4225	262.33307	1897.009745787324
LV3	mri-esm2-0	ssp370	2043	295.64203	264.63025	1902.0213145718483
LV3	mri-esm2-0	ssp370	2044	293.35995	264.142	1755.2632409874673
LV3	mri-esm2-0	ssp370	2045	294.52396	263.92615	1628.685162356096
LV3	mri-esm2-0	ssp370	2046	294.386	262.95676	2919.7467913850364
LV3	mri-esm2-0	ssp370	2047	297.43158	264.12958	2928.5106583032275
LV3	mri-esm2-0	ssp370	2048	293.55582	261.71863	1807.6914698816468
LV3	mri-esm2-0	ssp370	2049	297.6819	261.5329	2537.6821695535523
LV3	mri-esm2-0	ssp370	2050	293.91232	264.56714	2954.275929182737
LV3	mri-esm2-0	ssp370	2051	296.92975	264.9172	3297.581577824815
LV3	mri-esm2-0	ssp370	2052	295.08804	264.08478	2244.4790078093647
LV3	mri-esm2-0	ssp370	2053	296.444	267.05188	2096.6955814975818
LV3	mri-esm2-0	ssp370	2054	292.56903	264.35605	2612.1093884110105
LV3	mri-esm2-0	ssp370	2055	294.3796	260.94525	2511.7216282523677
LV3	mri-esm2-0	ssp370	2056	293.66318	265.09024	1826.3478864915285
LV3	mri-esm2-0	ssp370	2057	295.39294	266.9255	2506.9774991366385
LV3	mri-esm2-0	ssp370	2058	297.38943	264.18866	2085.883736491084
LV3	mri-esm2-0	ssp370	2059	295.06894	263.3605	1976.38032431712
LV3	mri-esm2-0	ssp370	2060	291.03687	263.49725	1884.6276907017236
LV3	mri-esm2-0	ssp370	2061	295.58438	263.61978	2617.6508629868795
LV3	mri-esm2-0	ssp370	2062	293.47943	262.1354	2583.037415239928
LV3	mri-esm2-0	ssp370	2063	297.642	264.66635	1068.5606554266828
LV3	mri-esm2-0	ssp370	2064	294.99573	264.5495	1967.073279269935
LV3	mri-esm2-0	ssp370	2065	293.55008	265.12018	2023.823998030255
LV3	mri-esm2-0	ssp370	2066	294.3848	264.87003	2362.525448715266
LV3	mri-esm2-0	ssp370	2067	297.60904	264.25613	2375.0491939804606
LV3	mri-esm2-0	ssp370	2068	293.4876	264.00168	2222.8593252366095
LV3	mri-esm2-0	ssp370	2069	295.069	263.5864	1692.703887924953
LV3	mri-esm2-0	ssp370	2070	294.8881	263.18503	2632.8741621225367
LVTR1	access-cm2	ssp245	2041	295.66968	265.30396	2242.621049797078
LVTR1	access-cm2	ssp245	2042	295.21762	259.86627	1833.2577649619834
LVTR1	access-cm2	ssp245	2043	294.8205	265.4233	3001.1254512704018
LVTR1	access-cm2	ssp245	2044	296.41608	265.18918	1739.2082314006645
LVTR1	access-cm2	ssp245	2045	296.00327	264.96204	2632.7592902350307
LVTR1	access-cm2	ssp245	2046	294.48492	263.309	2314.963344996725
LVTR1	access-cm2	ssp245	2047	297.57877	265.671	2365.982878161557
LVTR1	access-cm2	ssp245	2048	294.6913	266.75165	1874.6002464976664
LVTR1	access-cm2	ssp245	2049	296.98355	262.0061	1640.25961331789
LVTR1	access-cm2	ssp245	2050	294.9758	260.10284	2431.9110359530305
LVTR1	access-cm2	ssp245	2051	295.40884	266.2372	1801.76135437794
LVTR1	access-cm2	ssp245	2052	296.99228	264.97388	2525.2980363321903
LVTR1	access-cm2	ssp245	2053	295.63535	263.23145	1707.9680285648926
LVTR1	access-cm2	ssp245	2054	297.3912	267.01984	1494.620666862446
LVTR1	access-cm2	ssp245	2055	295.05267	264.74237	1793.936080967225
LVTR1	access-cm2	ssp245	2056	296.9321	263.89716	2956.7818132345255
LVTR1	access-cm2	ssp245	2057	296.2919	264.47134	2211.0559386200916
LVTR1	access-cm2	ssp245	2058	297.45767	265.3627	3558.9457351946676
LVTR1	access-cm2	ssp245	2059	298.45807	263.70905	3574.87979996942
LVTR1	access-cm2	ssp245	2060	295.69565	264.661	1644.359006913102
LVTR1	access-cm2	ssp245	2061	297.12338	265.37772	2107.6713882386566
LVTR1	access-cm2	ssp245	2062	293.9341	263.48734	2428.2558747915946
LVTR1	access-cm2	ssp245	2063	296.09296	266.44504	2200.099561182975
LVTR1	access-cm2	ssp245	2064	295.99478	265.43335	2302.4433351659663
LVTR1	access-cm2	ssp245	2065	296.69934	264.34735	2711.348778591424
LVTR1	access-cm2	ssp245	2066	296.37393	266.05533	1814.1745693980913
LVTR1	access-cm2	ssp245	2067	296.2887	264.13715	1676.8965081777196
LVTR1	access-cm2	ssp245	2068	296.16223	262.85574	1790.5475884442858
LVTR1	access-cm2	ssp245	2069	296.80362	265.35767	2883.9991679414497
LVTR1	access-cm2	ssp245	2070	294.8827	265.57797	2898.7470184452077
LVTR1	access-cm2	ssp370	2041	295.96997	263.17303	1516.2142136133884
LVTR1	access-cm2	ssp370	2042	295.063	263.91287	1896.7874863184588
LVTR1	access-cm2	ssp370	2043	296.21454	264.90775	1512.6396711682687
LVTR1	access-cm2	ssp370	2044	296.0717	264.46838	2714.172936603365
LVTR1	access-cm2	ssp370	2045	295.60605	264.87494	1970.5656669102182
LVTR1	access-cm2	ssp370	2046	295.22366	265.38364	2637.7828447613397
LVTR1	access-cm2	ssp370	2047	295.12897	259.54086	1843.7771975062296
LVTR1	access-cm2	ssp370	2048	294.51773	262.63388	1928.0764600436064
LVTR1	access-cm2	ssp370	2049	295.3824	265.5234	2806.572030577751
LVTR1	access-cm2	ssp370	2050	296.3749	261.1115	1953.7434720201177
LVTR1	access-cm2	ssp370	2051	295.10938	262.66565	2182.750219653776
LVTR1	access-cm2	ssp370	2052	294.7018	266.5351	3391.8745660164222
LVTR1	access-cm2	ssp370	2053	297.24213	263.14966	2077.813221886691
LVTR1	access-cm2	ssp370	2054	295.37207	265.71948	1469.573712721436
LVTR1	access-cm2	ssp370	2055	295.43918	264.31427	1512.0471837959178
LVTR1	access-cm2	ssp370	2056	295.8234	264.74948	1228.1241315649645
LVTR1	access-cm2	ssp370	2057	293.84473	263.62415	2136.5835491101166
LVTR1	access-cm2	ssp370	2058	296.60687	265.2368	2447.186076315083
LVTR1	access-cm2	ssp370	2059	295.01462	264.04486000000003	1889.9797003715992
LVTR1	access-cm2	ssp370	2060	296.0817	266.69077	2082.1359466295307
LVTR1	access-cm2	ssp370	2061	296.22635	264.8655	2581.7708711139385
LVTR1	access-cm2	ssp370	2062	296.8354	265.94327	3270.19241577612
LVTR1	access-cm2	ssp370	2063	292.5146	263.63718	2038.3444497536043
LVTR1	access-cm2	ssp370	2064	294.4248	265.1261	3989.8182987933083
LVTR1	access-cm2	ssp370	2065	298.33777	264.48428	3002.1876789629036
LVTR1	access-cm2	ssp370	2066	296.39255000000003	264.1216	2406.0309045016347
LVTR1	access-cm2	ssp370	2067	296.60837	263.95303	1716.7054214514608
LVTR1	access-cm2	ssp370	2068	295.56705	267.05182	2600.8703249505943
LVTR1	access-cm2	ssp370	2069	296.57834	263.55783	4092.233939096269
LVTR1	access-cm2	ssp370	2070	298.21884	266.64188	1785.966353234796
LVTR1	cnrm-esm2-1	ssp245	2041	296.4009	263.1196	2595.208617893478
LVTR1	cnrm-esm2-1	ssp245	2042	294.66348	263.49228	2745.1917446683506
LVTR1	cnrm-esm2-1	ssp245	2043	293.2597	264.37662	2461.168447416226
LVTR1	cnrm-esm2-1	ssp245	2044	295.23724	264.08975	1875.2895127516047
LVTR1	cnrm-esm2-1	ssp245	2045	294.88248	262.74127	2477.7489888946784
LVTR1	cnrm-esm2-1	ssp245	2046	295.62482	263.97244	1564.5389571553023
LVTR1	cnrm-esm2-1	ssp245	2047	294.40805	263.34613	3265.16992847898
LVTR1	cnrm-esm2-1	ssp245	2048	294.1466	264.0425	1530.1599989644951
LVTR1	cnrm-esm2-1	ssp245	2049	294.32373	265.59473	2499.3984722764812
LVTR1	cnrm-esm2-1	ssp245	2050	295.8858	264.8806	1719.1083347657277
LVTR1	cnrm-esm2-1	ssp245	2051	295.8987	264.66345	2157.53560743755
LVTR1	cnrm-esm2-1	ssp245	2052	295.29608	261.65143	2840.525379404373
LVTR1	cnrm-esm2-1	ssp245	2053	294.67325	262.8517	1738.6276905192012
LVTR1	cnrm-esm2-1	ssp245	2054	294.32162	262.10263	3315.3134976512747
LVTR1	cnrm-esm2-1	ssp245	2055	296.39484	263.86972	3252.7957480865944
LVTR1	cnrm-esm2-1	ssp245	2056	295.9763	262.85477	1903.6124926758487
LVTR1	cnrm-esm2-1	ssp245	2057	294.51938	262.4959	1132.6302419649437
LVTR1	cnrm-esm2-1	ssp245	2058	293.17346	263.84964	2465.418734913642
LVTR1	cnrm-esm2-1	ssp245	2059	295.87863	265.40466	3187.551737786195
LVTR1	cnrm-esm2-1	ssp245	2060	296.91006	261.62292	2922.3741521592556
LVTR1	cnrm-esm2-1	ssp245	2061	294.90488	265.7321	2633.5690235718403
LVTR1	cnrm-esm2-1	ssp245	2062	293.3487	260.81326	1735.9870477812049
LVTR1	cnrm-esm2-1	ssp245	2063	294.90268	264.96857	2113.823737436842
LVTR1	cnrm-esm2-1	ssp245	2064	294.19366	261.7263	2677.756648510677
LVTR1	cnrm-esm2-1	ssp245	2065	293.70392	263.60022	1386.4579264016152
LVTR1	cnrm-esm2-1	ssp245	2066	295.10056	265.8034	3031.619904655937
LVTR1	cnrm-esm2-1	ssp245	2067	295.1682	263.76184	1972.3959816153529
LVTR1	cnrm-esm2-1	ssp245	2068	295.23962	263.80002	1956.0931594110543
LVTR1	cnrm-esm2-1	ssp245	2069	295.0802	265.10526	1893.9854890631732
LVTR1	cnrm-esm2-1	ssp245	2070	295.28134	266.84555	2203.9248894899274
LVTR1	cnrm-esm2-1	ssp370	2041	294.86362	264.6038	1558.8463887688117
LVTR1	cnrm-esm2-1	ssp370	2042	293.43658	263.4902	1888.0967388801987
LVTR1	cnrm-esm2-1	ssp370	2043	295.06213	262.9438	2710.598879784775
LVTR1	cnrm-esm2-1	ssp370	2044	294.30435	264.6774	2100.1939619891054
LVTR1	cnrm-esm2-1	ssp370	2045	296.05508	260.00256	2934.504521638129
LVTR1	cnrm-esm2-1	ssp370	2046	288.44046	265.87772	1986.2918621627564
LVTR1	cnrm-esm2-1	ssp370	2047	295.10855	261.76755000000003	1623.6844061873699
LVTR1	cnrm-esm2-1	ssp370	2048	292.6395	263.44397	3211.663655633961
LVTR1	cnrm-esm2-1	ssp370	2049	293.0511	265.41003	2240.882762102362
LVTR1	cnrm-esm2-1	ssp370	2050	292.33127	265.06543	2980.764688644518
LVTR1	cnrm-esm2-1	ssp370	2051	295.3092	264.4316	2665.280885738238
LVTR1	cnrm-esm2-1	ssp370	2052	294.01117	262.79636	1963.1014188983936
LVTR1	cnrm-esm2-1	ssp370	2053	295.02133	265.1596	2663.222833257123
LVTR1	cnrm-esm2-1	ssp370	2054	294.39877	265.20255	2379.087151028171
LVTR1	cnrm-esm2-1	ssp370	2055	296.03748	263.59613	2356.4274610834946
LVTR1	cnrm-esm2-1	ssp370	2056	295.7337	264.48837	2230.32099518453
LVTR1	cnrm-esm2-1	ssp370	2057	293.77844	260.75613	2405.082624591842
LVTR1	cnrm-esm2-1	ssp370	2058	297.3408	264.49316	1583.287295163586
LVTR1	cnrm-esm2-1	ssp370	2059	295.3451	264.19427	1700.8818676695107
LVTR1	cnrm-esm2-1	ssp370	2060	293.58755	263.42642	2251.4496933202436
LVTR1	cnrm-esm2-1	ssp370	2061	296.15295	264.188	2157.141659507709
LVTR1	cnrm-esm2-1	ssp370	2062	295.17288	266.09106	1802.2071843500876
LVTR1	cnrm-esm2-1	ssp370	2063	294.3469	266.1708	2395.726019237139
LVTR1	cnrm-esm2-1	ssp370	2064	294.32346	263.71823	2519.2563439718847
LVTR1	cnrm-esm2-1	ssp370	2065	294.76678	265.79575	1039.1538611613184
LVTR1	cnrm-esm2-1	ssp370	2066	293.57434	262.85858	2224.0864892955483
LVTR1	cnrm-esm2-1	ssp370	2067	296.59595	266.96796	2301.1944113065842
LVTR1	cnrm-esm2-1	ssp370	2068	297.15118	262.81662	3057.402666262319
LVTR1	cnrm-esm2-1	ssp370	2069	296.5988	266.46695	3974.20794730996
LVTR1	cnrm-esm2-1	ssp370	2070	296.3682	266.0374	1068.7360990850457
LVTR1	ec-earth3-veg	ssp245	2041	295.27344	262.1233	1744.7280198452002
LVTR1	ec-earth3-veg	ssp245	2042	295.89276	265.32404	2706.248561083262
LVTR1	ec-earth3-veg	ssp245	2043	294.60522	264.79	2433.9304000313123
LVTR1	ec-earth3-veg	ssp245	2044	292.61737	262.01428	2450.6491371429656
LVTR1	ec-earth3-veg	ssp245	2045	294.18472	264.87344	2215.2680662459925
LVTR1	ec-earth3-veg	ssp245	2046	294.83728	264.11945	2330.028680199711
LVTR1	ec-earth3-veg	ssp245	2047	293.78683	266.32608	1463.0625732242809
LVTR1	ec-earth3-veg	ssp245	2048	295.70764	263.2489	2752.7960448525164
LVTR1	ec-earth3-veg	ssp245	2049	294.1146	264.64432	2416.836999391633
LVTR1	ec-earth3-veg	ssp245	2050	294.91287	262.6952	2668.5398507863188
LVTR1	ec-earth3-veg	ssp245	2051	294.20255	265.9693	2389.019088959264
LVTR1	ec-earth3-veg	ssp245	2052	294.63745	265.4319	2011.5720877074432
LVTR1	ec-earth3-veg	ssp245	2053	293.94684	267.0519	2298.2498807832444
LVTR1	ec-earth3-veg	ssp245	2054	295.8631	263.09225	1451.7030404414616
LVTR1	ec-earth3-veg	ssp245	2055	292.66492	265.56747	1771.808607783148
LVTR1	ec-earth3-veg	ssp245	2056	293.76654	266.67786	2773.437712714007
LVTR1	ec-earth3-veg	ssp245	2057	293.8173	263.4906	1959.460286842605
LVTR1	ec-earth3-veg	ssp245	2058	294.4321	265.95624	2034.7077815327389
LVTR1	ec-earth3-veg	ssp245	2059	296.42932	265.77542	2320.887061860388
LVTR1	ec-earth3-veg	ssp245	2060	295.38757	265.70483	2127.2925045922893
LVTR1	ec-earth3-veg	ssp245	2061	296.3345	260.1689	2640.8953492529386
LVTR1	ec-earth3-veg	ssp245	2062	295.18893	263.40756	1425.1067497534395
LVTR1	ec-earth3-veg	ssp245	2063	293.86072	266.6748	1875.0044847198121
LVTR1	ec-earth3-veg	ssp245	2064	295.59647	264.18207	2924.9120731022526
LVTR1	ec-earth3-veg	ssp245	2065	296.39523	263.7054	1488.9260305557227
LVTR1	ec-earth3-veg	ssp245	2066	297.01056	265.01193	3082.7829091809135
LVTR1	ec-earth3-veg	ssp245	2067	294.34454	264.93427	3041.103817708712
LVTR1	ec-earth3-veg	ssp245	2068	294.1816	264.46487	2179.2124372499047
LVTR1	ec-earth3-veg	ssp245	2069	296.36185	265.82318	1833.8281780946638
LVTR1	ec-earth3-veg	ssp245	2070	295.6172	265.19266	2540.1444072543686
LVTR1	ec-earth3-veg	ssp370	2041	293.2925	258.56824	2176.1995775042715
LVTR1	ec-earth3-veg	ssp370	2042	294.71765	258.34692	2177.8406172713935
LVTR1	ec-earth3-veg	ssp370	2043	292.45987	265.26865	4011.0291787655074
LVTR1	ec-earth3-veg	ssp370	2044	296.1022	264.89545	3511.369218584081
LVTR1	ec-earth3-veg	ssp370	2045	293.81235	260.09717	1551.876569213297
LVTR1	ec-earth3-veg	ssp370	2046	293.2236	260.7305	1997.3701018374004
LVTR1	ec-earth3-veg	ssp370	2047	293.38977	258.19394	2094.9549363925717
LVTR1	ec-earth3-veg	ssp370	2048	294.28723	267.5304	2578.1346129252956
LVTR1	ec-earth3-veg	ssp370	2049	294.5231	260.5826	2208.47634274974
LVTR1	ec-earth3-veg	ssp370	2050	295.4134	263.71115	2409.8875752067624
LVTR1	ec-earth3-veg	ssp370	2051	292.90585	262.49515	1492.797587835181
LVTR1	ec-earth3-veg	ssp370	2052	293.875	265.24893	3001.8990059033326
LVTR1	ec-earth3-veg	ssp370	2053	294.47595	264.20547	2618.787500448485
LVTR1	ec-earth3-veg	ssp370	2054	294.5511	264.59558	2278.7066403776216
LVTR1	ec-earth3-veg	ssp370	2055	295.52103	263.77408	3345.5323465167694
LVTR1	ec-earth3-veg	ssp370	2056	293.12143	263.19305	2451.4141727238443
LVTR1	ec-earth3-veg	ssp370	2057	297.3575	262.60153	1286.3883640980666
LVTR1	ec-earth3-veg	ssp370	2058	294.23718	262.4302	2812.122707068843
LVTR1	ec-earth3-veg	ssp370	2059	295.78674	261.74677	2692.4790754448363
LVTR1	ec-earth3-veg	ssp370	2060	296.06696	265.5591	3000.4775519482296
LVTR1	ec-earth3-veg	ssp370	2061	295.74338	266.64786	2678.8450813327754
LVTR1	ec-earth3-veg	ssp370	2062	295.59872	265.56735	1928.0983379110307
LVTR1	ec-earth3-veg	ssp370	2063	293.17554	263.55176	2164.47639171379
LVTR1	ec-earth3-veg	ssp370	2064	294.3641	267.6213	2355.27063978952
LVTR1	ec-earth3-veg	ssp370	2065	296.44003	264.66156	2195.815562247269
LVTR1	ec-earth3-veg	ssp370	2066	295.39175	267.1078	3036.446874425704
LVTR1	ec-earth3-veg	ssp370	2067	294.17392	266.63617	2572.112819150716
LVTR1	ec-earth3-veg	ssp370	2068	296.76227	265.88568	2621.615386940506
LVTR1	ec-earth3-veg	ssp370	2069	296.03778	264.95255	2256.438403908379
LVTR1	ec-earth3-veg	ssp370	2070	299.248	265.05014	1925.1120032742313
LVTR1	miroc6	ssp245	2041	294.5061	260.91183	2315.1597669347348
LVTR1	miroc6	ssp245	2042	293.50107	266.22052	2835.4291286318958
LVTR1	miroc6	ssp245	2043	294.53174	263.83145	2607.2862621629292
LVTR1	miroc6	ssp245	2044	294.5065	263.78586	2633.7646615727554
LVTR1	miroc6	ssp245	2045	294.09067	264.51144	1156.1599728302024
LVTR1	miroc6	ssp245	2046	295.68762	263.84296	2037.7017579506455
LVTR1	miroc6	ssp245	2047	292.1459	264.64328	1685.4320834855976
LVTR1	miroc6	ssp245	2048	293.53394	264.58246	2970.7396101016775
LVTR1	miroc6	ssp245	2049	293.22006	261.08948	1864.2359743359825
LVTR1	miroc6	ssp245	2050	294.45624	263.33664	1529.604080133091
LVTR1	miroc6	ssp245	2051	292.68942	264.93594	1553.5129086579827
LVTR1	miroc6	ssp245	2052	292.62543	263.59116	2993.028062582005
LVTR1	miroc6	ssp245	2053	294.38028	265.51273	2226.60916533783
LVTR1	miroc6	ssp245	2054	294.31378	263.5592	1960.5695458128794
LVTR1	miroc6	ssp245	2055	294.07733	266.80145	2904.517680290129
LVTR1	miroc6	ssp245	2056	293.1807	262.58966	2215.3952205553333
LVTR1	miroc6	ssp245	2057	293.7436	263.7598	2386.1311859450443
LVTR1	miroc6	ssp245	2058	294.00967	262.1917	2639.773829313305
LVTR1	miroc6	ssp245	2059	294.1954	263.52805	2670.6865249201073
LVTR1	miroc6	ssp245	2060	292.17908	265.51117	3950.8253964827636
LVTR1	miroc6	ssp245	2061	293.57428	263.2658	1116.3274364982271
LVTR1	miroc6	ssp245	2062	295.61316	262.29645	1516.884034336481
LVTR1	miroc6	ssp245	2063	296.21164	260.25592	1617.7514658774967
LVTR1	miroc6	ssp245	2064	295.64792	265.19858	1927.781044319231
LVTR1	miroc6	ssp245	2065	293.49442	266.2463	2261.8692291899943
LVTR1	miroc6	ssp245	2066	293.2922	265.02542	2634.8330556414544
LVTR1	miroc6	ssp245	2067	295.29343	262.67603	1536.8709135800357
LVTR1	miroc6	ssp245	2068	294.234	263.91714	1502.3154997732436
LVTR1	miroc6	ssp245	2069	294.6334	263.73746	2149.1563806077042
LVTR1	miroc6	ssp245	2070	295.08835	264.35605	1251.2125030508769
LVTR1	miroc6	ssp370	2041	295.53937	262.76157	967.681396601256
LVTR1	miroc6	ssp370	2042	293.98413	264.0328	1973.4661822265084
LVTR1	miroc6	ssp370	2043	294.83716	262.9089	1397.899009863605
LVTR1	miroc6	ssp370	2044	297.13675	257.8672	1461.886929580941
LVTR1	miroc6	ssp370	2045	293.26346	266.2481	3220.2969968318566
LVTR1	miroc6	ssp370	2046	292.68686	265.24933	2162.2922434005486
LVTR1	miroc6	ssp370	2047	293.70203	264.54297	1742.5665188580433
LVTR1	miroc6	ssp370	2048	293.31223	266.3232	1775.5349479615534
LVTR1	miroc6	ssp370	2049	292.3879	265.88647	1839.7066091070537
LVTR1	miroc6	ssp370	2050	294.02625	264.28625	2617.4727457109407
LVTR1	miroc6	ssp370	2051	292.91815	264.2395	2869.2966106754357
LVTR1	miroc6	ssp370	2052	294.28702	265.7128	3386.9350319495015
LVTR1	miroc6	ssp370	2053	295.49698	265.71576	1965.3663665055751
LVTR1	miroc6	ssp370	2054	294.6821	264.9302	2322.7778155356123
LVTR1	miroc6	ssp370	2055	293.93143	264.41766	3152.098349947424
LVTR1	miroc6	ssp370	2056	294.21725	265.89886	2820.421381504184
LVTR1	miroc6	ssp370	2057	294.44467	264.26913	2021.220111404499
LVTR1	miroc6	ssp370	2058	295.0901	263.57587	1903.8850388489248
LVTR1	miroc6	ssp370	2059	294.70132	261.7541	1623.88856168836
LVTR1	miroc6	ssp370	2060	295.67053	264.96375	1316.9093574047963
LVTR1	miroc6	ssp370	2061	294.88385	265.47678	2192.537949612537
LVTR1	miroc6	ssp370	2062	296.6073	265.59293	1538.1115346797333
LVTR1	miroc6	ssp370	2063	294.11533	262.8366	2601.2206788639987
LVTR1	miroc6	ssp370	2064	294.57278	263.04837	2440.6805051584765
LVTR1	miroc6	ssp370	2065	295.2381	263.12006	1948.894878197431
LVTR1	miroc6	ssp370	2066	295.91565	264.26505	2046.0354320703968
LVTR1	miroc6	ssp370	2067	297.7101	263.52158	1847.2612160257477
LVTR1	miroc6	ssp370	2068	294.3862	260.9392	2215.1710540986946
LVTR1	miroc6	ssp370	2069	294.07925	268.03098	1825.0289764254744
LVTR1	miroc6	ssp370	2070	295.31305	266.6003	1564.019016176452
LVTR1	mpi-esm1-2-hr	ssp245	2041	293.1732	261.02216	2624.2031422792334
LVTR1	mpi-esm1-2-hr	ssp245	2042	293.3435	259.28516	2264.119742531315
LVTR1	mpi-esm1-2-hr	ssp245	2043	295.78983	262.77487	1368.0004617810043
LVTR1	mpi-esm1-2-hr	ssp245	2044	295.7709	262.3255	1981.228977075048
LVTR1	mpi-esm1-2-hr	ssp245	2045	291.85522	261.3414	2794.978718133571
LVTR1	mpi-esm1-2-hr	ssp245	2046	291.60703	263.43793	2510.2294708485215
LVTR1	mpi-esm1-2-hr	ssp245	2047	294.4219	262.6051	2090.745451580663
LVTR1	mpi-esm1-2-hr	ssp245	2048	293.29697	264.89642	2770.3919895691156
LVTR1	mpi-esm1-2-hr	ssp245	2049	294.94037	260.785	1503.9684517308856
LVTR1	mpi-esm1-2-hr	ssp245	2050	295.60767	264.82336	1214.4761675968607
LVTR1	mpi-esm1-2-hr	ssp245	2051	295.10806	261.4752	2709.561746567451
LVTR1	mpi-esm1-2-hr	ssp245	2052	293.40805	264.24173	2171.80700018064
LVTR1	mpi-esm1-2-hr	ssp245	2053	294.84222	264.81708	3005.6154817341985
LVTR1	mpi-esm1-2-hr	ssp245	2054	295.87085	262.92044	2286.9816853897305
LVTR1	mpi-esm1-2-hr	ssp245	2055	292.55783	263.0643	1237.8598392940453
LVTR1	mpi-esm1-2-hr	ssp245	2056	294.0067	265.08456	1338.236397353463
LVTR1	mpi-esm1-2-hr	ssp245	2057	294.01447	262.66852	1523.4165206551552
LVTR1	mpi-esm1-2-hr	ssp245	2058	293.43726	263.3114	2474.339335039195
LVTR1	mpi-esm1-2-hr	ssp245	2059	293.6396	266.10052	2025.2892573829427
LVTR1	mpi-esm1-2-hr	ssp245	2060	294.1484	261.41986000000003	2102.408012479941
LVTR1	mpi-esm1-2-hr	ssp245	2061	293.10016	259.1327	2043.2535773142768
LVTR1	mpi-esm1-2-hr	ssp245	2062	294.71982	259.99478	1952.9031272394932
LVTR1	mpi-esm1-2-hr	ssp245	2063	291.12488	260.80356	2898.092074552468
LVTR1	mpi-esm1-2-hr	ssp245	2064	292.99496	261.65384	1868.201531935465
LVTR1	mpi-esm1-2-hr	ssp245	2065	293.3624	265.0885	2059.9605212453353
LVTR1	mpi-esm1-2-hr	ssp245	2066	295.38956	264.7865	3071.8387722037487
LVTR1	mpi-esm1-2-hr	ssp245	2067	296.5973	265.2276	2351.3645620084803
LVTR1	mpi-esm1-2-hr	ssp245	2068	294.5591	264.7744	1449.58776324054
LVTR1	mpi-esm1-2-hr	ssp245	2069	294.44992	260.6768	1824.7217888943164
LVTR1	mpi-esm1-2-hr	ssp245	2070	293.56366	264.10208	2124.72717985509
LVTR1	mpi-esm1-2-hr	ssp370	2041	296.03952	262.8628	1791.7717035859296
LVTR1	mpi-esm1-2-hr	ssp370	2042	293.73828	262.7371	2388.603027735299
LVTR1	mpi-esm1-2-hr	ssp370	2043	294.60406	259.86176	2384.9816209170517
LVTR1	mpi-esm1-2-hr	ssp370	2044	296.32794	262.3541	2005.1640886813132
LVTR1	mpi-esm1-2-hr	ssp370	2045	294.2474	263.51654	2842.039086681298
LVTR1	mpi-esm1-2-hr	ssp370	2046	293.95782	263.72354	2522.3820650483754
LVTR1	mpi-esm1-2-hr	ssp370	2047	293.09317	262.3438	1887.5625740736423
LVTR1	mpi-esm1-2-hr	ssp370	2048	293.91312	262.2663	1701.7383016179722
LVTR1	mpi-esm1-2-hr	ssp370	2049	295.20807	261.52072	1641.3732756161694
LVTR1	mpi-esm1-2-hr	ssp370	2050	293.85217	265.37177	2121.7081658541924
LVTR1	mpi-esm1-2-hr	ssp370	2051	296.72662	265.65662	2126.276427763478
LVTR1	mpi-esm1-2-hr	ssp370	2052	293.836	263.1307	2580.4462738742045
LVTR1	mpi-esm1-2-hr	ssp370	2053	296.1488	265.69302	2655.2243005251066
LVTR1	mpi-esm1-2-hr	ssp370	2054	294.70648	263.9031	2274.9406491871264
LVTR1	mpi-esm1-2-hr	ssp370	2055	291.78998	259.0272	2964.8619577026366
LVTR1	mpi-esm1-2-hr	ssp370	2056	292.28775	264.16534	1749.1570043842805
LVTR1	mpi-esm1-2-hr	ssp370	2057	294.3425	263.12042	2991.4326930418024
LVTR1	mpi-esm1-2-hr	ssp370	2058	293.53586	263.55716	2788.646369660217
LVTR1	mpi-esm1-2-hr	ssp370	2059	293.90912	265.50876	2557.090953178647
LVTR1	mpi-esm1-2-hr	ssp370	2060	296.3053	265.6285	1632.1030306862224
LVTR1	mpi-esm1-2-hr	ssp370	2061	294.73785	263.79034	1746.0337875061277
LVTR1	mpi-esm1-2-hr	ssp370	2062	295.94135	264.63712	2088.1412346424936
LVTR1	mpi-esm1-2-hr	ssp370	2063	293.62482	265.29083	1926.2957086320798
LVTR1	mpi-esm1-2-hr	ssp370	2064	295.3061	263.2587	2332.6428243889795
LVTR1	mpi-esm1-2-hr	ssp370	2065	293.94208	263.9182	1567.1290010679145
LVTR1	mpi-esm1-2-hr	ssp370	2066	292.92072	264.02924	2221.932433953007
LVTR1	mpi-esm1-2-hr	ssp370	2067	296.06995	266.04257	2082.9371373401286
LVTR1	mpi-esm1-2-hr	ssp370	2068	295.46295	264.96805	2719.0401074476017
LVTR1	mpi-esm1-2-hr	ssp370	2069	295.06622	263.16547	1898.718740616419
LVTR1	mpi-esm1-2-hr	ssp370	2070	295.48843	264.38293	2275.1259535783656
LVTR1	mri-esm2-0	ssp245	2041	293.11118	259.88724	3113.4304342441155
LVTR1	mri-esm2-0	ssp245	2042	295.11954	260.38898	2778.22075332215
LVTR1	mri-esm2-0	ssp245	2043	295.04776	264.2192	2084.8625399171965
LVTR1	mri-esm2-0	ssp245	2044	295.365	266.75485	1122.6090069045072
LVTR1	mri-esm2-0	ssp245	2045	293.3092	265.4401	3367.1423153020155
LVTR1	mri-esm2-0	ssp245	2046	294.55505	264.9831	2751.7942683886918
LVTR1	mri-esm2-0	ssp245	2047	292.35464	260.27115	1831.878806155813
LVTR1	mri-esm2-0	ssp245	2048	295.61142	260.53766	1780.5660386569693
LVTR1	mri-esm2-0	ssp245	2049	294.38348	266.2655	2129.668061574873
LVTR1	mri-esm2-0	ssp245	2050	293.98178	263.57547	2890.3253003954533
LVTR1	mri-esm2-0	ssp245	2051	293.09592	262.38754	2328.0473001300807
LVTR1	mri-esm2-0	ssp245	2052	295.002	263.65564	1481.1935953795714
LVTR1	mri-esm2-0	ssp245	2053	293.58002	264.488	2813.7109266622515
LVTR1	mri-esm2-0	ssp245	2054	294.80457	263.12665	2578.227750118784
LVTR1	mri-esm2-0	ssp245	2055	294.93542	264.53424	1132.4120230972458
LVTR1	mri-esm2-0	ssp245	2056	293.66516	265.58255	1709.6760716289064
LVTR1	mri-esm2-0	ssp245	2057	295.096	262.2392	2809.208460152113
LVTR1	mri-esm2-0	ssp245	2058	296.94122	264.1914	2699.2209827760007
LVTR1	mri-esm2-0	ssp245	2059	294.89566	263.78934	1972.8481200174292
LVTR1	mri-esm2-0	ssp245	2060	294.36667	264.1011	720.4102923162282
LVTR1	mri-esm2-0	ssp245	2061	296.25534	263.58893	2296.4551749173215
LVTR1	mri-esm2-0	ssp245	2062	294.2607	265.62195	2621.539658121732
LVTR1	mri-esm2-0	ssp245	2063	294.36563	262.01678	2432.7631316380257
LVTR1	mri-esm2-0	ssp245	2064	295.2712	264.44052	3329.0451006497683
LVTR1	mri-esm2-0	ssp245	2065	295.62955	264.39432	1865.4606873169478
LVTR1	mri-esm2-0	ssp245	2066	294.61325	265.1737	2167.475496599156
LVTR1	mri-esm2-0	ssp245	2067	295.88727	262.73465	2048.3634212286743
LVTR1	mri-esm2-0	ssp245	2068	295.54745	265.52106	1917.284915875618
LVTR1	mri-esm2-0	ssp245	2069	294.3153	265.11462	1762.214059894889
LVTR1	mri-esm2-0	ssp245	2070	295.3591	265.56888	3372.4625772563018
LVTR1	mri-esm2-0	ssp370	2041	293.63205	261.95724	1570.4237365163624
LVTR1	mri-esm2-0	ssp370	2042	296.4225	262.33307	1897.009745787324
LVTR1	mri-esm2-0	ssp370	2043	295.64203	264.63025	1902.0213145718483
LVTR1	mri-esm2-0	ssp370	2044	293.35995	264.142	1755.2632409874673
LVTR1	mri-esm2-0	ssp370	2045	294.52396	263.92615	1628.685162356096
LVTR1	mri-esm2-0	ssp370	2046	294.386	262.95676	2919.7467913850364
LVTR1	mri-esm2-0	ssp370	2047	297.43158	264.12958	2928.5106583032275
LVTR1	mri-esm2-0	ssp370	2048	293.55582	261.71863	1807.6914698816468
LVTR1	mri-esm2-0	ssp370	2049	297.6819	261.5329	2537.6821695535523
LVTR1	mri-esm2-0	ssp370	2050	293.91232	264.56714	2954.275929182737
LVTR1	mri-esm2-0	ssp370	2051	296.92975	264.9172	3297.581577824815
LVTR1	mri-esm2-0	ssp370	2052	295.08804	264.08478	2244.4790078093647
LVTR1	mri-esm2-0	ssp370	2053	296.444	267.05188	2096.6955814975818
LVTR1	mri-esm2-0	ssp370	2054	292.56903	264.35605	2612.1093884110105
LVTR1	mri-esm2-0	ssp370	2055	294.3796	260.94525	2511.7216282523677
LVTR1	mri-esm2-0	ssp370	2056	293.66318	265.09024	1826.3478864915285
LVTR1	mri-esm2-0	ssp370	2057	295.39294	266.9255	2506.9774991366385
LVTR1	mri-esm2-0	ssp370	2058	297.38943	264.18866	2085.883736491084
LVTR1	mri-esm2-0	ssp370	2059	295.06894	263.3605	1976.38032431712
LVTR1	mri-esm2-0	ssp370	2060	291.03687	263.49725	1884.6276907017236
LVTR1	mri-esm2-0	ssp370	2061	295.58438	263.61978	2617.6508629868795
LVTR1	mri-esm2-0	ssp370	2062	293.47943	262.1354	2583.037415239928
LVTR1	mri-esm2-0	ssp370	2063	297.642	264.66635	1068.5606554266828
LVTR1	mri-esm2-0	ssp370	2064	294.99573	264.5495	1967.073279269935
LVTR1	mri-esm2-0	ssp370	2065	293.55008	265.12018	2023.823998030255
LVTR1	mri-esm2-0	ssp370	2066	294.3848	264.87003	2362.525448715266
LVTR1	mri-esm2-0	ssp370	2067	297.60904	264.25613	2375.0491939804606
LVTR1	mri-esm2-0	ssp370	2068	293.4876	264.00168	2222.8593252366095
LVTR1	mri-esm2-0	ssp370	2069	295.069	263.5864	1692.703887924953
LVTR1	mri-esm2-0	ssp370	2070	294.8881	263.18503	2632.8741621225367
SC	access-cm2	ssp245	2041	309.69205	276.1424	977.5168073829263
SC	access-cm2	ssp245	2042	309.42444	273.33585	845.7387615926564
SC	access-cm2	ssp245	2043	311.39987	276.92685	1396.8124076490978
SC	access-cm2	ssp245	2044	309.73535	277.40668	581.4745691895951
SC	access-cm2	ssp245	2045	309.31625	276.61517	1006.6162137765612
SC	access-cm2	ssp245	2046	308.88483	276.2799	1126.1757689528167
SC	access-cm2	ssp245	2047	311.82425	277.37167	904.5596606098072
SC	access-cm2	ssp245	2048	310.7059	276.54242	728.5248768981546
SC	access-cm2	ssp245	2049	312.80487	273.28186	472.85247067920864
SC	access-cm2	ssp245	2050	309.50043	273.7261	1029.6906530856638
SC	access-cm2	ssp245	2051	310.62082	277.04895	538.8423831900582
SC	access-cm2	ssp245	2052	312.84225	276.08884	921.9865588936955
SC	access-cm2	ssp245	2053	311.35297	276.85132	749.5920900022611
SC	access-cm2	ssp245	2054	313.62292	278.12582	414.3966895644553
SC	access-cm2	ssp245	2055	311.00967	276.5683	806.3101055100453
SC	access-cm2	ssp245	2056	312.18402	275.64548	1274.1658552782355
SC	access-cm2	ssp245	2057	312.32858	275.15445	886.0865260474384
SC	access-cm2	ssp245	2058	311.28833	276.49832	1642.9427532675177
SC	access-cm2	ssp245	2059	314.8914	276.71295	1457.8227178193026
SC	access-cm2	ssp245	2060	311.3494	276.6266	655.8644922450185
SC	access-cm2	ssp245	2061	312.4457	277.13098	810.3369444608688
SC	access-cm2	ssp245	2062	308.33505	274.1819	1107.894453406334
SC	access-cm2	ssp245	2063	310.61642	277.62308	758.228910737671
SC	access-cm2	ssp245	2064	312.1871	277.38892	934.2105808172986
SC	access-cm2	ssp245	2065	311.58304	275.94684	1100.4180229268964
SC	access-cm2	ssp245	2066	311.53262	276.90558	558.4787626750767
SC	access-cm2	ssp245	2067	311.97784	274.76672	512.4151667521801
SC	access-cm2	ssp245	2068	310.12823	275.1767	972.0258488086984
SC	access-cm2	ssp245	2069	310.49612	276.9351	1377.68738251176
SC	access-cm2	ssp245	2070	308.66986000000003	277.3279	968.8346929382533
SC	access-cm2	ssp370	2041	309.886	276.11386	615.3719736845233
SC	access-cm2	ssp370	2042	309.99948	276.21628	971.7193334537841
SC	access-cm2	ssp370	2043	310.21072	276.93793	611.6132048133295
SC	access-cm2	ssp370	2044	311.13614	276.98483	1008.790175523601
SC	access-cm2	ssp370	2045	310.0416	276.65137	873.0662888847263
SC	access-cm2	ssp370	2046	309.73773	276.54666	1339.4457169168088
SC	access-cm2	ssp370	2047	310.97104	272.23557	821.4151159278117
SC	access-cm2	ssp370	2048	309.58542	275.16086	698.8321531272959
SC	access-cm2	ssp370	2049	310.33572	277.00348	954.6680251602083
SC	access-cm2	ssp370	2050	312.83987	272.3339	948.9650291623341
SC	access-cm2	ssp370	2051	309.9213	274.56253	930.7779094437137
SC	access-cm2	ssp370	2052	309.3103	277.45926	1195.1582589943189
SC	access-cm2	ssp370	2053	312.1667	275.49808	863.933800952509
SC	access-cm2	ssp370	2054	309.63293	276.42105	418.25256973661453
SC	access-cm2	ssp370	2055	311.52026	275.8965	499.755023457692
SC	access-cm2	ssp370	2056	309.9758	276.0316	584.2792322830064
SC	access-cm2	ssp370	2057	310.72687	275.89932	805.0395409780322
SC	access-cm2	ssp370	2058	312.75574	276.09778	1106.6280878148875
SC	access-cm2	ssp370	2059	310.51468	276.76797	557.5704172952101
SC	access-cm2	ssp370	2060	310.17303	276.81927	701.2512610643171
SC	access-cm2	ssp370	2061	310.32654	277.48572	1111.3982565700808
SC	access-cm2	ssp370	2062	310.8859	278.3214	1161.1623725853622
SC	access-cm2	ssp370	2063	308.05035	275.87964	843.92372667788
SC	access-cm2	ssp370	2064	309.05005	276.62967	1845.1096158474425
SC	access-cm2	ssp370	2065	314.0665	276.88113	1034.0851235668713
SC	access-cm2	ssp370	2066	312.2039	276.12512	955.0296355504543
SC	access-cm2	ssp370	2067	312.62228	275.4078	682.5086697935992
SC	access-cm2	ssp370	2068	309.5896	278.4911	1101.3987596612378
SC	access-cm2	ssp370	2069	310.93552	276.48923	1786.3452883902626
SC	access-cm2	ssp370	2070	312.5812	277.51678	801.6147804446057
SC	cnrm-esm2-1	ssp245	2041	310.26187	275.24173	1356.8596464581503
SC	cnrm-esm2-1	ssp245	2042	310.24692	275.93204	1182.4496225919506
SC	cnrm-esm2-1	ssp245	2043	308.79895	276.03983	831.8904535844691
SC	cnrm-esm2-1	ssp245	2044	310.0582	275.88828	608.5201953188516
SC	cnrm-esm2-1	ssp245	2045	308.6418	274.93768	1098.5726987477183
SC	cnrm-esm2-1	ssp245	2046	310.89496	276.5786	644.0130861243233
SC	cnrm-esm2-1	ssp245	2047	310.2563	275.02313	1146.2511875360774
SC	cnrm-esm2-1	ssp245	2048	310.0308	276.16104	564.8874208331108
SC	cnrm-esm2-1	ssp245	2049	308.14514	276.86130000000003	973.3336350414885
SC	cnrm-esm2-1	ssp245	2050	310.57956	276.7462	838.5146775806717
SC	cnrm-esm2-1	ssp245	2051	310.38168	277.29745	827.2757066879394
SC	cnrm-esm2-1	ssp245	2052	309.5448	277.00824	1198.7908102339081
SC	cnrm-esm2-1	ssp245	2053	308.8103	274.90594	800.7503991946578
SC	cnrm-esm2-1	ssp245	2054	309.98245	273.58804	1418.2647499255613
SC	cnrm-esm2-1	ssp245	2055	311.93988	276.1236	1381.0064555494591
SC	cnrm-esm2-1	ssp245	2056	310.28787	275.02423	754.2643534659711
SC	cnrm-esm2-1	ssp245	2057	309.28024	275.12335	413.2196625927463
SC	cnrm-esm2-1	ssp245	2058	306.9778	275.77478	1172.150380024662
SC	cnrm-esm2-1	ssp245	2059	309.45926	278.68976	1266.4845718187214
SC	cnrm-esm2-1	ssp245	2060	310.0193	275.29926	1439.5805990905078
SC	cnrm-esm2-1	ssp245	2061	310.19818	277.59537	874.7231990324508
SC	cnrm-esm2-1	ssp245	2062	309.35153	274.03235	889.351485282519
SC	cnrm-esm2-1	ssp245	2063	310.94818	277.0502	937.4548060790137
SC	cnrm-esm2-1	ssp245	2064	310.6288	274.71555	1014.7455722093359
SC	cnrm-esm2-1	ssp245	2065	309.12512	275.23666	528.9295880589634
SC	cnrm-esm2-1	ssp245	2066	309.84955	278.39804	994.6560197335023
SC	cnrm-esm2-1	ssp245	2067	310.1533	275.32422	1146.3196743904984
SC	cnrm-esm2-1	ssp245	2068	310.50204	276.33484	940.6570920691537
SC	cnrm-esm2-1	ssp245	2069	309.846	276.63184	499.8442226758925
SC	cnrm-esm2-1	ssp245	2070	311.10623	277.80267	704.0026646805927
SC	cnrm-esm2-1	ssp370	2041	310.95822	276.129	849.3710838490864
SC	cnrm-esm2-1	ssp370	2042	307.24545	274.88382	851.7641362734139
SC	cnrm-esm2-1	ssp370	2043	308.4881	274.82428	869.5665737846866
SC	cnrm-esm2-1	ssp370	2044	309.95108	276.02914	714.0410802327096
SC	cnrm-esm2-1	ssp370	2045	309.93466	274.26245	1326.2876965105243
SC	cnrm-esm2-1	ssp370	2046	308.23428	277.44366	740.3120975443017
SC	cnrm-esm2-1	ssp370	2047	308.71014	273.4579	748.430423719401
SC	cnrm-esm2-1	ssp370	2048	307.43146	275.69608	1079.0744829922874
SC	cnrm-esm2-1	ssp370	2049	309.91132	278.2233	918.9554903539636
SC	cnrm-esm2-1	ssp370	2050	308.4428	276.23965	1080.106264888282
SC	cnrm-esm2-1	ssp370	2051	310.02142	276.80878	1099.1677884652586
SC	cnrm-esm2-1	ssp370	2052	309.30457	275.6637	852.9139480436957
SC	cnrm-esm2-1	ssp370	2053	310.47855	277.9325	1073.45510912996
SC	cnrm-esm2-1	ssp370	2054	308.57745	277.27948	1043.4361082268497
SC	cnrm-esm2-1	ssp370	2055	311.48184	274.993	953.1825788318847
SC	cnrm-esm2-1	ssp370	2056	310.86813	276.25446	1085.7401708882667
SC	cnrm-esm2-1	ssp370	2057	309.70255	273.84586	1102.6039136806503
SC	cnrm-esm2-1	ssp370	2058	310.5846	277.108	516.4333887398243
SC	cnrm-esm2-1	ssp370	2059	309.0838	276.03665	880.1906322041618
SC	cnrm-esm2-1	ssp370	2060	309.87997	276.3006	1353.5601666429664
SC	cnrm-esm2-1	ssp370	2061	311.50455	276.0879	751.0699968610425
SC	cnrm-esm2-1	ssp370	2062	310.60593	277.4268	973.8617398892419
SC	cnrm-esm2-1	ssp370	2063	309.91473	276.60065	1094.845318794215
SC	cnrm-esm2-1	ssp370	2064	311.1771	275.08832	1046.1929088196352
SC	cnrm-esm2-1	ssp370	2065	310.0919	278.2016	420.65462923128507
SC	cnrm-esm2-1	ssp370	2066	310.93735	275.41177	1102.2044990735562
SC	cnrm-esm2-1	ssp370	2067	311.06058	278.21613	1016.7044229805439
SC	cnrm-esm2-1	ssp370	2068	310.42264	276.67145	1084.8741067224169
SC	cnrm-esm2-1	ssp370	2069	309.73108	278.7149	1312.0745582039965
SC	cnrm-esm2-1	ssp370	2070	310.75363	277.4584	483.86507565155625
SC	ec-earth3-veg	ssp245	2041	310.4431	274.49695	662.8348829224706
SC	ec-earth3-veg	ssp245	2042	310.30383	277.76822	1267.8415540605783
SC	ec-earth3-veg	ssp245	2043	307.82156	277.07086	1268.2137159048425
SC	ec-earth3-veg	ssp245	2044	309.2206	276.0159	983.709588367492
SC	ec-earth3-veg	ssp245	2045	309.04904	275.823	777.7749944943935
SC	ec-earth3-veg	ssp245	2046	309.40417	275.49036	772.4039300344884
SC	ec-earth3-veg	ssp245	2047	310.07486	277.08575	724.2731015015829
SC	ec-earth3-veg	ssp245	2048	311.84406	277.3276	985.6451419531368
SC	ec-earth3-veg	ssp245	2049	309.26724	276.3985	822.2112903837115
SC	ec-earth3-veg	ssp245	2050	311.00003	275.7197	1099.7781639452965
SC	ec-earth3-veg	ssp245	2051	309.1212	277.30048	1018.3619877614547
SC	ec-earth3-veg	ssp245	2052	309.7943	278.0409	973.0101361172217
SC	ec-earth3-veg	ssp245	2053	308.34775	278.84775	733.4885733202051
SC	ec-earth3-veg	ssp245	2054	310.59372	274.93832	426.7025487497449
SC	ec-earth3-veg	ssp245	2055	308.80536	276.02158	455.73327069869265
SC	ec-earth3-veg	ssp245	2056	309.30402	277.4671	1112.9480908450205
SC	ec-earth3-veg	ssp245	2057	309.00067	275.86948	883.1611949019134
SC	ec-earth3-veg	ssp245	2058	308.47934	278.0556	739.8390390218992
SC	ec-earth3-veg	ssp245	2059	309.7718	277.6552	600.9872143389657
SC	ec-earth3-veg	ssp245	2060	312.31305	276.44073	754.8102528322488
SC	ec-earth3-veg	ssp245	2061	311.54825	273.24368	1142.4273416865349
SC	ec-earth3-veg	ssp245	2062	309.21057	276.30014	595.2032994478941
SC	ec-earth3-veg	ssp245	2063	308.24347	277.44446	716.9550750637219
SC	ec-earth3-veg	ssp245	2064	311.50586	276.0164	1306.7692661192264
SC	ec-earth3-veg	ssp245	2065	311.71832	276.74136	657.6089004054666
SC	ec-earth3-veg	ssp245	2066	310.89813	276.92664	1713.719324441605
SC	ec-earth3-veg	ssp245	2067	309.2789	277.32135	1455.2584163553383
SC	ec-earth3-veg	ssp245	2068	308.39468	276.54886	1042.620375752449
SC	ec-earth3-veg	ssp245	2069	311.03314	277.4718	791.857449291274
SC	ec-earth3-veg	ssp245	2070	310.44754	275.77753	1243.21041628716
SC	ec-earth3-veg	ssp370	2041	310.07544	273.131	696.6391604393721
SC	ec-earth3-veg	ssp370	2042	311.61313	271.2795	1160.771651007217
SC	ec-earth3-veg	ssp370	2043	308.8401	277.86273	1585.5230228276805
SC	ec-earth3-veg	ssp370	2044	310.47986	275.9938	1413.3073018979999
SC	ec-earth3-veg	ssp370	2045	310.2774	272.7608	663.9485187391983
SC	ec-earth3-veg	ssp370	2046	309.91876	273.82846	823.4400075830957
SC	ec-earth3-veg	ssp370	2047	307.5938	271.9881	853.4184523857963
SC	ec-earth3-veg	ssp370	2048	308.82727	277.52075	1001.9275411264812
SC	ec-earth3-veg	ssp370	2049	308.76324	274.49213	905.3699018899281
SC	ec-earth3-veg	ssp370	2050	309.84787	275.05252	1089.2956393304805
SC	ec-earth3-veg	ssp370	2051	309.37808	274.61545	414.45847115828656
SC	ec-earth3-veg	ssp370	2052	307.84488	277.4194	1406.5951076801605
SC	ec-earth3-veg	ssp370	2053	310.76877	276.74377	1304.6015902887707
SC	ec-earth3-veg	ssp370	2054	310.55762	275.66257	693.9890009933151
SC	ec-earth3-veg	ssp370	2055	309.69983	277.11682	1429.1466261260148
SC	ec-earth3-veg	ssp370	2056	306.40823	274.31918	884.1845371120144
SC	ec-earth3-veg	ssp370	2057	312.2307	274.4445	628.312026601634
SC	ec-earth3-veg	ssp370	2058	309.26718	273.807	1072.7523436769577
SC	ec-earth3-veg	ssp370	2059	309.74823	272.06406	1145.744391437595
SC	ec-earth3-veg	ssp370	2060	310.42108	277.23538	1325.6860831315507
SC	ec-earth3-veg	ssp370	2061	309.86057	278.6451	1113.6188314296091
SC	ec-earth3-veg	ssp370	2062	311.5361	276.68784	724.1007882286794
SC	ec-earth3-veg	ssp370	2063	308.72293	277.17343	1169.8525848914753
SC	ec-earth3-veg	ssp370	2064	309.00977	278.30722	934.0154057135696
SC	ec-earth3-veg	ssp370	2065	311.8871	276.41348	1027.3008991498475
SC	ec-earth3-veg	ssp370	2066	309.5012	278.21017	1315.1786766014807
SC	ec-earth3-veg	ssp370	2067	308.7113	278.03833	1226.7420963384118
SC	ec-earth3-veg	ssp370	2068	310.78586	277.0862	990.4388573078663
SC	ec-earth3-veg	ssp370	2069	311.13913	276.69202	884.4051940133656
SC	ec-earth3-veg	ssp370	2070	313.2493	276.9937	470.7788030267693
SC	miroc6	ssp245	2041	309.836	273.98947	627.0367115736008
SC	miroc6	ssp245	2042	307.65326	277.6436	1433.2857746165023
SC	miroc6	ssp245	2043	308.09766	276.17493	1077.1552354563028
SC	miroc6	ssp245	2044	308.8707	276.09442	1088.7763243914196
SC	miroc6	ssp245	2045	311.92938	275.0168	344.51189681421965
SC	miroc6	ssp245	2046	311.78052	274.62772	808.8373888749629
SC	miroc6	ssp245	2047	307.9781	277.15442	688.7977374717593
SC	miroc6	ssp245	2048	308.47073	276.2956	1442.6719638984532
SC	miroc6	ssp245	2049	307.57074	274.79135	956.0360869159562
SC	miroc6	ssp245	2050	310.8838	274.22223	562.6510217785835
SC	miroc6	ssp245	2051	310.36908	275.54593	574.9751027236925
SC	miroc6	ssp245	2052	308.70715	276.23358	1137.573392810003
SC	miroc6	ssp245	2053	309.42145	276.9765	867.6324997096842
SC	miroc6	ssp245	2054	308.77487	275.8378	756.0988720622718
SC	miroc6	ssp245	2055	310.29413	277.65054	964.6627929469078
SC	miroc6	ssp245	2056	308.89166	274.97372	789.3385249888524
SC	miroc6	ssp245	2057	310.357	275.22107	974.7299599461039
SC	miroc6	ssp245	2058	309.14612	275.38083	1257.768721575847
SC	miroc6	ssp245	2059	309.09607	276.246	893.5246868000831
SC	miroc6	ssp245	2060	307.55887	277.04993	2038.0773248383518
SC	miroc6	ssp245	2061	309.4318	274.9409	292.6375547423959
SC	miroc6	ssp245	2062	311.9604	274.04758	568.3316186070442
SC	miroc6	ssp245	2063	312.74777	272.6995	614.2401869874448
SC	miroc6	ssp245	2064	312.95035	277.01007	742.3019056208432
SC	miroc6	ssp245	2065	310.65506	276.39856	871.7306352336793
SC	miroc6	ssp245	2066	307.656	276.9056	1022.995885787506
SC	miroc6	ssp245	2067	312.3222	274.66934	383.04720756132156
SC	miroc6	ssp245	2068	312.43552	275.07672	538.4413726162165
SC	miroc6	ssp245	2069	314.09375	275.3153	856.8215281236843
SC	miroc6	ssp245	2070	313.17752	276.28537	478.2041000202298
SC	miroc6	ssp370	2041	313.89365	274.03595	472.59550353046507
SC	miroc6	ssp370	2042	309.68503	275.74384	735.4675532318652
SC	miroc6	ssp370	2043	311.1171	275.56522	483.4485129278619
SC	miroc6	ssp370	2044	313.30475	271.35028	426.25584810739383
SC	miroc6	ssp370	2045	310.00726	277.3545	899.8289778479225
SC	miroc6	ssp370	2046	308.58582	277.05115	795.9112265263684
SC	miroc6	ssp370	2047	309.4803	275.90973	630.2939095068723
SC	miroc6	ssp370	2048	309.11130000000003	276.71094	811.2839636276321
SC	miroc6	ssp370	2049	309.72592	277.69232	838.8089857347873
SC	miroc6	ssp370	2050	309.4773	276.05646	768.6817706937072
SC	miroc6	ssp370	2051	308.82227	275.76535	1283.8814690709114
SC	miroc6	ssp370	2052	307.79153	277.14148	1455.6405912997043
SC	miroc6	ssp370	2053	309.99722	276.59924	978.1857615220298
SC	miroc6	ssp370	2054	311.99377	277.54767	868.8018430955531
SC	miroc6	ssp370	2055	309.37787	276.50644	1503.89468302015
SC	miroc6	ssp370	2056	308.79025	277.4448	1100.9673653301156
SC	miroc6	ssp370	2057	309.7428	276.10477	915.1483353227026
SC	miroc6	ssp370	2058	312.87704	275.48447	582.8657649883098
SC	miroc6	ssp370	2059	313.24884	273.78177	671.9638127367944
SC	miroc6	ssp370	2060	310.79178	276.02863	566.857839259319
SC	miroc6	ssp370	2061	309.01984	277.54678	960.8767522964415
SC	miroc6	ssp370	2062	312.46582	276.9955	396.9533714465797
SC	miroc6	ssp370	2063	309.74075	274.11633	971.9502199441195
SC	miroc6	ssp370	2064	310.70105	275.6483	1025.7256681797837
SC	miroc6	ssp370	2065	308.9684	274.86612	1010.9732320415656
SC	miroc6	ssp370	2066	312.97903	275.69687	589.8496289039031
SC	miroc6	ssp370	2067	312.61655	275.9195	509.7815982881002
SC	miroc6	ssp370	2068	310.6273	274.37817	863.33876089775
SC	miroc6	ssp370	2069	310.09067	277.82224	713.4723220020533
SC	miroc6	ssp370	2070	310.65054	277.86227	719.9319153092802
SC	mpi-esm1-2-hr	ssp245	2041	306.16296	274.92105	1094.9877395352792
SC	mpi-esm1-2-hr	ssp245	2042	307.75806	273.0815	920.200488928801
SC	mpi-esm1-2-hr	ssp245	2043	312.49426	274.64764	318.7176536768675
SC	mpi-esm1-2-hr	ssp245	2044	310.03937	275.02347	652.5526043973514
SC	mpi-esm1-2-hr	ssp245	2045	307.69308	274.76733	1023.5342114232085
SC	mpi-esm1-2-hr	ssp245	2046	307.31952	276.39212	1001.0270358645298
SC	mpi-esm1-2-hr	ssp245	2047	307.98593	274.84537	884.1693352733273
SC	mpi-esm1-2-hr	ssp245	2048	308.37814	276.67938	1352.1858586929488
SC	mpi-esm1-2-hr	ssp245	2049	310.65387	273.21664	573.3123204438016
SC	mpi-esm1-2-hr	ssp245	2050	312.85422	276.1451	353.5778359975666
SC	mpi-esm1-2-hr	ssp245	2051	308.0851	275.0155	1336.7941837292117
SC	mpi-esm1-2-hr	ssp245	2052	309.00833	276.39542	865.3814325341955
SC	mpi-esm1-2-hr	ssp245	2053	309.40585	276.1423	1351.8696639686816
SC	mpi-esm1-2-hr	ssp245	2054	309.9641	274.26874	623.198649007827
SC	mpi-esm1-2-hr	ssp245	2055	306.904	276.11703	585.4610982321901
SC	mpi-esm1-2-hr	ssp245	2056	310.95944	276.88477	367.2811183263548
SC	mpi-esm1-2-hr	ssp245	2057	309.06842	274.74356	635.8998449519277
SC	mpi-esm1-2-hr	ssp245	2058	309.72122	274.64243	1012.1781952679157
SC	mpi-esm1-2-hr	ssp245	2059	308.1103	278.02237	703.8681992562488
SC	mpi-esm1-2-hr	ssp245	2060	309.3952	273.70856	821.8399045988917
SC	mpi-esm1-2-hr	ssp245	2061	309.68085	272.4291	953.234522795525
SC	mpi-esm1-2-hr	ssp245	2062	309.07895	273.91293	859.1552417026833
SC	mpi-esm1-2-hr	ssp245	2063	306.78342	272.50275	1108.3753904429482
SC	mpi-esm1-2-hr	ssp245	2064	308.89163	273.82755	802.9861582908604
SC	mpi-esm1-2-hr	ssp245	2065	310.03082	277.18805	801.2504291720688
SC	mpi-esm1-2-hr	ssp245	2066	310.21042	275.71902	908.5691188462079
SC	mpi-esm1-2-hr	ssp245	2067	310.78122	277.3776	847.7395521069411
SC	mpi-esm1-2-hr	ssp245	2068	309.87732	277.6462	461.01101314416155
SC	mpi-esm1-2-hr	ssp245	2069	311.7048	273.4847	934.8413520609029
SC	mpi-esm1-2-hr	ssp245	2070	308.39005	277.6811	895.1913992757605
SC	mpi-esm1-2-hr	ssp370	2041	312.57742	275.23398	862.7929187379668
SC	mpi-esm1-2-hr	ssp370	2042	308.36627	275.0344	687.5577722035814
SC	mpi-esm1-2-hr	ssp370	2043	308.70807	272.06546	1073.5087467357275
SC	mpi-esm1-2-hr	ssp370	2044	310.926	274.6712	696.1477673845366
SC	mpi-esm1-2-hr	ssp370	2045	309.09216	275.75986	1116.3432047833178
SC	mpi-esm1-2-hr	ssp370	2046	309.31094	275.81296	900.3961346112192
SC	mpi-esm1-2-hr	ssp370	2047	307.11826	274.99893	795.567471004324
SC	mpi-esm1-2-hr	ssp370	2048	308.76178	273.895	693.1078903027798
SC	mpi-esm1-2-hr	ssp370	2049	310.72784	274.0363	670.2965846168809
SC	mpi-esm1-2-hr	ssp370	2050	308.40817	276.53534	634.6033817535499
SC	mpi-esm1-2-hr	ssp370	2051	311.20483	276.77536	724.4682619697414
SC	mpi-esm1-2-hr	ssp370	2052	308.45114	274.58264	1040.428531123323
SC	mpi-esm1-2-hr	ssp370	2053	312.06036	276.8297	1009.7274315543392
SC	mpi-esm1-2-hr	ssp370	2054	310.35736000000003	275.8803	861.0876297578216
SC	mpi-esm1-2-hr	ssp370	2055	306.28244	273.36487	1109.1078042983856
SC	mpi-esm1-2-hr	ssp370	2056	308.95206	275.5882	662.0078757405281
SC	mpi-esm1-2-hr	ssp370	2057	307.87268	275.7253	1173.8472700235207
SC	mpi-esm1-2-hr	ssp370	2058	307.8448	276.51447	959.30665482301265
SC	mpi-esm1-2-hr	ssp370	2059	306.55698	277.60403	963.9504981343634
SC	mpi-esm1-2-hr	ssp370	2060	310.52512	276.65112	793.8693116185987
SC	mpi-esm1-2-hr	ssp370	2061	309.64462	275.12405	769.5212315535011
SC	mpi-esm1-2-hr	ssp370	2062	310.1024	276.2093	897.5325707971867
SC	mpi-esm1-2-hr	ssp370	2063	307.89117	277.33588	816.0613677464426
SC	mpi-esm1-2-hr	ssp370	2064	309.98254	275.2769	870.4123912931951
SC	mpi-esm1-2-hr	ssp370	2065	309.7045	276.61533	453.59461808548076
SC	mpi-esm1-2-hr	ssp370	2066	308.92578	275.44675	887.6467500383826
SC	mpi-esm1-2-hr	ssp370	2067	309.86746	277.5193	947.9502759408028
SC	mpi-esm1-2-hr	ssp370	2068	308.91727	277.07916	1080.0154165830286
SC	mpi-esm1-2-hr	ssp370	2069	308.47888	275.01917	732.0297776721418
SC	mpi-esm1-2-hr	ssp370	2070	309.05438	276.68765	869.693225808432
SC	mri-esm2-0	ssp245	2041	308.84937	272.69452	790.3639596363064
SC	mri-esm2-0	ssp245	2042	310.98642	273.28348	963.1202839314938
SC	mri-esm2-0	ssp245	2043	309.8131	277.01953	829.2017818341265
SC	mri-esm2-0	ssp245	2044	308.62967	277.9892	469.1075198468752
SC	mri-esm2-0	ssp245	2045	308.6778	276.89655	1404.5007033040347
SC	mri-esm2-0	ssp245	2046	311.18198	276.39005	1168.1412046774917
SC	mri-esm2-0	ssp245	2047	307.12122	273.67456	918.3666302502277
SC	mri-esm2-0	ssp245	2048	311.51276	272.75278	654.9212410842083
SC	mri-esm2-0	ssp245	2049	309.1439	276.90875	621.6138991294429
SC	mri-esm2-0	ssp245	2050	308.2576	275.79135	1004.9416767811416
SC	mri-esm2-0	ssp245	2051	307.0527	274.31158	875.8737221709405
SC	mri-esm2-0	ssp245	2052	309.81564	275.2936	602.3299179039896
SC	mri-esm2-0	ssp245	2053	308.80865	275.81665	889.9190707015766
SC	mri-esm2-0	ssp245	2054	308.92664	275.93884	1074.569447454986
SC	mri-esm2-0	ssp245	2055	310.63638	275.72272	578.6667995795141
SC	mri-esm2-0	ssp245	2056	307.93817	276.6122	790.9959007054325
SC	mri-esm2-0	ssp245	2057	309.15735	275.41376	1384.8497581667912
SC	mri-esm2-0	ssp245	2058	309.88132	276.08975	1022.0952079631184
SC	mri-esm2-0	ssp245	2059	309.2752	276.46304	978.5009287297421
SC	mri-esm2-0	ssp245	2060	311.71408	274.40482	217.02836730983108
SC	mri-esm2-0	ssp245	2061	311.7828	275.43033	923.7797990790523
SC	mri-esm2-0	ssp245	2062	309.56442	276.4713	1005.7642551553603
SC	mri-esm2-0	ssp245	2063	309.62674	274.85468	808.2408282905744
SC	mri-esm2-0	ssp245	2064	310.09106	276.11874	1294.3071470944928
SC	mri-esm2-0	ssp245	2065	310.252	275.09946	983.7403176817788
SC	mri-esm2-0	ssp245	2066	310.4579	276.61954	764.7021646087524
SC	mri-esm2-0	ssp245	2067	309.33557	273.96307	693.1188264861648
SC	mri-esm2-0	ssp245	2068	310.80597	277.08865	638.0141862609889
SC	mri-esm2-0	ssp245	2069	310.2879	276.9409	609.6023186109959
SC	mri-esm2-0	ssp245	2070	310.35077	276.4491	1394.8707772884397
SC	mri-esm2-0	ssp370	2041	309.47882	274.75327	789.608821249567
SC	mri-esm2-0	ssp370	2042	311.94266	275.53464	753.4738650836516
SC	mri-esm2-0	ssp370	2043	308.95956	277.11893	640.1649017818272
SC	mri-esm2-0	ssp370	2044	309.13602	275.71613	716.6706517862622
SC	mri-esm2-0	ssp370	2045	310.70172	274.96524	621.8893249577377
SC	mri-esm2-0	ssp370	2046	307.96933	276.2197	1375.2949291840032
SC	mri-esm2-0	ssp370	2047	312.5148	275.99033	1187.7801006193854
SC	mri-esm2-0	ssp370	2048	309.64926	274.33176	661.1703199334443
SC	mri-esm2-0	ssp370	2049	313.05875	275.76596	1054.8255772911778
SC	mri-esm2-0	ssp370	2050	307.83484	275.3246	1267.820321652103
SC	mri-esm2-0	ssp370	2051	311.9809	276.0942	1283.4889302437343
SC	mri-esm2-0	ssp370	2052	308.3817	275.26196	896.3494300784077
SC	mri-esm2-0	ssp370	2053	310.09024	277.08945	732.057094713656
SC	mri-esm2-0	ssp370	2054	307.77203	276.13147	1039.8651760770008
SC	mri-esm2-0	ssp370	2055	308.79938	273.0147	1029.4961827690447
SC	mri-esm2-0	ssp370	2056	309.87088	276.56516	778.8288979747449
SC	mri-esm2-0	ssp370	2057	310.1214	277.47955	950.785225862618
SC	mri-esm2-0	ssp370	2058	312.99582	276.30243	964.9802913190724
SC	mri-esm2-0	ssp370	2059	309.71017	274.6692	673.3286049216986
SC	mri-esm2-0	ssp370	2060	306.4488	275.21356	702.5315017439425
SC	mri-esm2-0	ssp370	2061	310.13065	274.8214	1258.7324478663365
SC	mri-esm2-0	ssp370	2062	308.49567	274.10535	909.7699665842811
SC	mri-esm2-0	ssp370	2063	310.98135	275.421	329.1447320021689
SC	mri-esm2-0	ssp370	2064	311.21558	276.73138	977.5114082061681
SC	mri-esm2-0	ssp370	2065	308.98352	277.3742	636.0640466707991
SC	mri-esm2-0	ssp370	2066	310.30664	275.65475	906.0244239633903
SC	mri-esm2-0	ssp370	2067	312.60226	275.7356	911.3797734746186
SC	mri-esm2-0	ssp370	2068	310.0363	275.87607	606.9236593320966
SC	mri-esm2-0	ssp370	2069	310.81332	274.6044	602.5933707598357
SC	mri-esm2-0	ssp370	2070	309.47598	275.07263	1407.1331230806786
SQ1	access-cm2	ssp245	2041	302.4577	267.95917	1328.6547740455521
SQ1	access-cm2	ssp245	2042	303.00238	266.46707	1983.385675074479
SQ1	access-cm2	ssp245	2043	303.67197	269.426	1700.9477506856874
SQ1	access-cm2	ssp245	2044	301.93512	270.84778	674.5960819534957
SQ1	access-cm2	ssp245	2045	301.97037	268.4042	1383.2344301626736
SQ1	access-cm2	ssp245	2046	302.1478	268.73114	1785.3886513038892
SQ1	access-cm2	ssp245	2047	304.17584	270.482	998.508439399302
SQ1	access-cm2	ssp245	2048	302.62262	270.09338	1001.3023666106164
SQ1	access-cm2	ssp245	2049	304.2411	266.56155	564.5615364257537
SQ1	access-cm2	ssp245	2050	302.1737	266.89233	1042.0431478181627
SQ1	access-cm2	ssp245	2051	303.19647	270.86737	696.5815632487647
SQ1	access-cm2	ssp245	2052	304.67593	269.23587	1275.5254676041427
SQ1	access-cm2	ssp245	2053	303.6632	269.1549	1053.517464085578
SQ1	access-cm2	ssp245	2054	305.01065	270.972	910.5434021679476
SQ1	access-cm2	ssp245	2055	303.31927	269.63385	1541.325054829902
SQ1	access-cm2	ssp245	2056	303.95984	269.0784	1657.7390482183514
SQ1	access-cm2	ssp245	2057	303.97632	268.98557	1504.5919707161302
SQ1	access-cm2	ssp245	2058	304.6129	268.24295	2481.7539769311707
SQ1	access-cm2	ssp245	2059	305.31656	268.69043	1636.822981259309
SQ1	access-cm2	ssp245	2060	302.99606	269.3915	868.4873406775274
SQ1	access-cm2	ssp245	2061	304.66614	270.32623	1196.8096005264542
SQ1	access-cm2	ssp245	2062	301.49408	267.58038	2147.0397694268745
SQ1	access-cm2	ssp245	2063	303.45047	271.0405	736.2993537557327
SQ1	access-cm2	ssp245	2064	304.87643	270.36328	1284.599861560853
SQ1	access-cm2	ssp245	2065	303.66196	269.04092	1765.2233965694525
SQ1	access-cm2	ssp245	2066	303.4748	269.9793	716.3510455749929
SQ1	access-cm2	ssp245	2067	304.09497	268.84152	443.3552678441629
SQ1	access-cm2	ssp245	2068	302.78348	266.62625	2114.6715740672594
SQ1	access-cm2	ssp245	2069	303.04077	270.52704	2705.2077198167885
SQ1	access-cm2	ssp245	2070	301.4742	269.1788	1619.773209840039
SQ1	access-cm2	ssp370	2041	303.41672	267.69	938.9554104767435
SQ1	access-cm2	ssp370	2042	301.67865	266.79504	1858.206992188917
SQ1	access-cm2	ssp370	2043	302.18582	270.23898	867.9712513927104
SQ1	access-cm2	ssp370	2044	302.62665	268.82706	1198.3284592162443
SQ1	access-cm2	ssp370	2045	302.47757	269.0951	842.6374607719422
SQ1	access-cm2	ssp370	2046	302.35583	270.28198	2021.0946223698172
SQ1	access-cm2	ssp370	2047	302.93835	265.67172	1309.9031720455785
SQ1	access-cm2	ssp370	2048	301.17343	267.3029	901.1699309572294
SQ1	access-cm2	ssp370	2049	302.4481	269.87836	1200.8928884518966
SQ1	access-cm2	ssp370	2050	305.10425	266.0639	1528.2281568855637
SQ1	access-cm2	ssp370	2051	302.6171	267.5479	1705.7760670082457
SQ1	access-cm2	ssp370	2052	301.59906	270.29062	1600.677379500084
SQ1	access-cm2	ssp370	2053	304.1671	267.94574	893.9841930521444
SQ1	access-cm2	ssp370	2054	302.20035	269.56656	795.4019437136594
SQ1	access-cm2	ssp370	2055	303.27893	269.11923	1077.045420056671
SQ1	access-cm2	ssp370	2056	303.21674	269.26566	870.1226716220442
SQ1	access-cm2	ssp370	2057	302.0109	268.38336	1640.5315286479781
SQ1	access-cm2	ssp370	2058	304.9381	269.18344	2398.9577561965853
SQ1	access-cm2	ssp370	2059	302.44434	268.63675	879.1123930597456
SQ1	access-cm2	ssp370	2060	302.2472	269.71164	1304.5944960555014
SQ1	access-cm2	ssp370	2061	303.00595	269.9611	2039.590965793427
SQ1	access-cm2	ssp370	2062	302.95447	270.35995	1332.279409887245
SQ1	access-cm2	ssp370	2063	300.71915	268.5676	1314.5406010793283
SQ1	access-cm2	ssp370	2064	301.99445	268.82794	1732.4514323088429
SQ1	access-cm2	ssp370	2065	305.7067	269.4944	1613.747700629713
SQ1	access-cm2	ssp370	2066	303.4655	269.05524	711.0344190616161
SQ1	access-cm2	ssp370	2067	304.65738	267.4141	1032.3501261882273
SQ1	access-cm2	ssp370	2068	302.93063	271.3779	1106.100678560314
SQ1	access-cm2	ssp370	2069	303.48624	268.9614	3227.3187498212465
SQ1	access-cm2	ssp370	2070	305.43924	270.37943	1182.2292647673564
SQ1	cnrm-esm2-1	ssp245	2041	302.95343	267.38635	1867.9566713457145
SQ1	cnrm-esm2-1	ssp245	2042	302.08124	268.39346	1040.4227177495777
SQ1	cnrm-esm2-1	ssp245	2043	301.33322	270.4532	901.6028350917618
SQ1	cnrm-esm2-1	ssp245	2044	301.25922	269.02283	995.0552972964746
SQ1	cnrm-esm2-1	ssp245	2045	301.9696	268.2616	1757.9510537761385
SQ1	cnrm-esm2-1	ssp245	2046	303.23297	269.19162	654.766957461834
SQ1	cnrm-esm2-1	ssp245	2047	302.43796	267.68076	1894.5315754506073
SQ1	cnrm-esm2-1	ssp245	2048	302.5949	268.46503	889.5996673847483
SQ1	cnrm-esm2-1	ssp245	2049	300.32938	270.55316	1118.8656972619176
SQ1	cnrm-esm2-1	ssp245	2050	302.5915	269.61032	1107.7566932653538
SQ1	cnrm-esm2-1	ssp245	2051	302.7762	269.40106	1432.2340381855468
SQ1	cnrm-esm2-1	ssp245	2052	303.12946	269.2488	2126.711468026035
SQ1	cnrm-esm2-1	ssp245	2053	302.58408	268.99872	1296.3503141014328
SQ1	cnrm-esm2-1	ssp245	2054	302.73004	266.4146	2260.1126240245408
SQ1	cnrm-esm2-1	ssp245	2055	304.2838	267.46976	2312.4778663739307
SQ1	cnrm-esm2-1	ssp245	2056	302.16412	267.22128	965.2503975725266
SQ1	cnrm-esm2-1	ssp245	2057	302.25357	267.2555	490.35453400720144
SQ1	cnrm-esm2-1	ssp245	2058	299.78433	269.24338	1380.5957491829502
SQ1	cnrm-esm2-1	ssp245	2059	303.38797	271.31247	1638.3131928566988
SQ1	cnrm-esm2-1	ssp245	2060	303.75687	267.7335	2321.8854958307634
SQ1	cnrm-esm2-1	ssp245	2061	301.45288	270.3859	949.2836059711408
SQ1	cnrm-esm2-1	ssp245	2062	301.53348	266.1328	1576.751712150836
SQ1	cnrm-esm2-1	ssp245	2063	302.10974	270.21478	1057.3220317019004
SQ1	cnrm-esm2-1	ssp245	2064	303.57922	266.8093	1321.7326175537455
SQ1	cnrm-esm2-1	ssp245	2065	301.79416	269.4935	657.4035907164216
SQ1	cnrm-esm2-1	ssp245	2066	302.27948	270.65472	1026.182598411083
SQ1	cnrm-esm2-1	ssp245	2067	303.28976	269.45114	1727.5465484009587
SQ1	cnrm-esm2-1	ssp245	2068	303.32294	269.2682	1501.1765550356208
SQ1	cnrm-esm2-1	ssp245	2069	301.38885	269.68158	712.4892300576862
SQ1	cnrm-esm2-1	ssp245	2070	304.18616	271.96582	1481.9484129227696
SQ1	cnrm-esm2-1	ssp370	2041	303.48087	268.42975	1082.6984210405249
SQ1	cnrm-esm2-1	ssp370	2042	300.26764	267.17065	1089.1511571127771
SQ1	cnrm-esm2-1	ssp370	2043	301.9349	267.49796	1257.7478902414184
SQ1	cnrm-esm2-1	ssp370	2044	302.1086	269.36874	707.4431011278441
SQ1	cnrm-esm2-1	ssp370	2045	302.0491	266.9252	1550.6476430687962
SQ1	cnrm-esm2-1	ssp370	2046	300.33978	270.59567	994.4468497065631
SQ1	cnrm-esm2-1	ssp370	2047	301.80658	266.23468	1321.5156856749609
SQ1	cnrm-esm2-1	ssp370	2048	300.10147	267.87427	1303.930856776399
SQ1	cnrm-esm2-1	ssp370	2049	301.64	270.98724	1483.5586291970344
SQ1	cnrm-esm2-1	ssp370	2050	300.8691	268.8756	1546.5557922434396
SQ1	cnrm-esm2-1	ssp370	2051	302.27835	269.95282	1786.5305149869462
SQ1	cnrm-esm2-1	ssp370	2052	301.25986	269.16898	760.6033811112866
SQ1	cnrm-esm2-1	ssp370	2053	302.93552	270.45044	2064.564133936037
SQ1	cnrm-esm2-1	ssp370	2054	301.25516	270.69376	1623.0333061699525
SQ1	cnrm-esm2-1	ssp370	2055	303.02585	267.8391	1201.69249950119
SQ1	cnrm-esm2-1	ssp370	2056	303.1154	269.67807	1516.59498786319
SQ1	cnrm-esm2-1	ssp370	2057	301.4801	266.64343	1459.8202288616205
SQ1	cnrm-esm2-1	ssp370	2058	301.83426	270.54678	761.4514371380203
SQ1	cnrm-esm2-1	ssp370	2059	301.75122	268.8025	1051.0213366476596
SQ1	cnrm-esm2-1	ssp370	2060	301.6761	268.46362	2352.798435115219
SQ1	cnrm-esm2-1	ssp370	2061	303.09683	269.16113	824.1918923507731
SQ1	cnrm-esm2-1	ssp370	2062	302.76517	269.39117	1364.1060650464901
SQ1	cnrm-esm2-1	ssp370	2063	301.86612	270.53363	1100.917244469718
SQ1	cnrm-esm2-1	ssp370	2064	303.44693	268.9707	1614.7125949384317
SQ1	cnrm-esm2-1	ssp370	2065	301.84592	271.27893	783.4567524259753
SQ1	cnrm-esm2-1	ssp370	2066	301.87686	266.72244	1571.6495245549268
SQ1	cnrm-esm2-1	ssp370	2067	304.1258	271.64304	987.6276013237346
SQ1	cnrm-esm2-1	ssp370	2068	303.0348	269.82886	1043.9128814090373
SQ1	cnrm-esm2-1	ssp370	2069	302.81467	271.10696	1091.7700418969534
SQ1	cnrm-esm2-1	ssp370	2070	304.09085	270.84985	568.3013283014589
SQ1	ec-earth3-veg	ssp245	2041	302.82285	269.0718	766.6821200167506
SQ1	ec-earth3-veg	ssp245	2042	302.5033	270.07513	1393.0728150531431
SQ1	ec-earth3-veg	ssp245	2043	300.49805	270.14645	1932.914127898353
SQ1	ec-earth3-veg	ssp245	2044	301.57452	268.52505	1182.7528451161897
SQ1	ec-earth3-veg	ssp245	2045	302.19812	268.96808	1347.3389433463844
SQ1	ec-earth3-veg	ssp245	2046	301.3965	269.12552	893.2276851671888
SQ1	ec-earth3-veg	ssp245	2047	301.93008	270.55096	986.4800848066725
SQ1	ec-earth3-veg	ssp245	2048	303.5346	269.7227	1532.5534339965009
SQ1	ec-earth3-veg	ssp245	2049	301.79483	268.43115	1653.3093184232314
SQ1	ec-earth3-veg	ssp245	2050	302.43542	268.91324	1563.1106247484458
SQ1	ec-earth3-veg	ssp245	2051	301.37903	270.4478	1212.1162565890545
SQ1	ec-earth3-veg	ssp245	2052	302.31302	270.5367	1650.9026156505313
SQ1	ec-earth3-veg	ssp245	2053	301.1773	272.4848	858.729851263335
SQ1	ec-earth3-veg	ssp245	2054	301.89102	268.23782	418.78816424869
SQ1	ec-earth3-veg	ssp245	2055	301.5496	269.45004	487.8007085993886
SQ1	ec-earth3-veg	ssp245	2056	301.58304	270.3754	1461.8579277768551
SQ1	ec-earth3-veg	ssp245	2057	302.21988	268.47195	1306.5685940848034
SQ1	ec-earth3-veg	ssp245	2058	300.94934	270.5054	1134.0825256600217
SQ1	ec-earth3-veg	ssp245	2059	301.91415	269.46735	638.870538957417
SQ1	ec-earth3-veg	ssp245	2060	305.0727	269.52316	1156.5496511757115
SQ1	ec-earth3-veg	ssp245	2061	303.27554	264.64194	1892.376118234753
SQ1	ec-earth3-veg	ssp245	2062	302.15857	269.65732	781.5643033012748
SQ1	ec-earth3-veg	ssp245	2063	301.07883	271.37723	1039.1999595332647
SQ1	ec-earth3-veg	ssp245	2064	303.6609	269.10962	1925.9874467504849
SQ1	ec-earth3-veg	ssp245	2065	304.47565	269.17758	795.3117509255932
SQ1	ec-earth3-veg	ssp245	2066	303.59824	269.6885	2962.852638156572
SQ1	ec-earth3-veg	ssp245	2067	302.80313	269.75443	1878.8900395156709
SQ1	ec-earth3-veg	ssp245	2068	300.9784	269.58408	1446.8645746819575
SQ1	ec-earth3-veg	ssp245	2069	304.28296	270.98828	1237.9478090442717
SQ1	ec-earth3-veg	ssp245	2070	303.90076	268.76	1810.6431784049832
SQ1	ec-earth3-veg	ssp370	2041	303.0266	264.95074	995.4819847829418
SQ1	ec-earth3-veg	ssp370	2042	303.8179	263.90448	2054.136077128334
SQ1	ec-earth3-veg	ssp370	2043	301.97052	270.11554	2180.9193697772025
SQ1	ec-earth3-veg	ssp370	2044	303.0505	268.37683	1435.0085236772165
SQ1	ec-earth3-veg	ssp370	2045	301.673	264.8687	648.0393151345197
SQ1	ec-earth3-veg	ssp370	2046	302.41687	266.7559	1108.2229706284095
SQ1	ec-earth3-veg	ssp370	2047	301.0624	264.49597	1169.1899509692591
SQ1	ec-earth3-veg	ssp370	2048	300.8917	271.29895	1529.5351733453476
SQ1	ec-earth3-veg	ssp370	2049	301.76764	268.42603	1507.864353829024
SQ1	ec-earth3-veg	ssp370	2050	302.33966	267.2142	1524.445067084129
SQ1	ec-earth3-veg	ssp370	2051	300.90204	269.12347	312.6629205944482
SQ1	ec-earth3-veg	ssp370	2052	301.2463	268.6496	2021.759019792047
SQ1	ec-earth3-veg	ssp370	2053	302.73074	268.9628	2064.7576260845735
SQ1	ec-earth3-veg	ssp370	2054	302.04974	267.04547	775.1706451876089
SQ1	ec-earth3-veg	ssp370	2055	302.54868	269.68243	1561.3816694123016
SQ1	ec-earth3-veg	ssp370	2056	299.71933	266.8132	1184.6899768308376
SQ1	ec-earth3-veg	ssp370	2057	304.3655	267.364	829.7801124863327
SQ1	ec-earth3-veg	ssp370	2058	300.3179	267.09995	1547.450449084839
SQ1	ec-earth3-veg	ssp370	2059	302.4544	265.89493	1603.3854944631275
SQ1	ec-earth3-veg	ssp370	2060	303.40033	269.78064	1818.0828966200284
SQ1	ec-earth3-veg	ssp370	2061	302.5588	270.8859	1828.7173189222653
SQ1	ec-earth3-veg	ssp370	2062	303.17368	269.36105	874.6959364274364
SQ1	ec-earth3-veg	ssp370	2063	301.916	268.89297	1342.3354160811575
SQ1	ec-earth3-veg	ssp370	2064	300.7756	270.69067	1704.926070989995
SQ1	ec-earth3-veg	ssp370	2065	303.78397	270.08453	1633.16699531856
SQ1	ec-earth3-veg	ssp370	2066	302.85526	270.97046	2056.921496917475
SQ1	ec-earth3-veg	ssp370	2067	301.0706	270.56653	1843.6243725707411
SQ1	ec-earth3-veg	ssp370	2068	304.17908	269.87708	1276.8463127896923
SQ1	ec-earth3-veg	ssp370	2069	302.6837	269.6904	828.0613617505652
SQ1	ec-earth3-veg	ssp370	2070	305.74292	270.89365	425.6660979241133
SQ1	miroc6	ssp245	2041	303.2879	267.55856	869.0763034857671
SQ1	miroc6	ssp245	2042	301.01172	270.71414	2117.883165855824
SQ1	miroc6	ssp245	2043	302.4358	268.50565	1465.3529145405582
SQ1	miroc6	ssp245	2044	299.9809	268.6479	1366.6845672356344
SQ1	miroc6	ssp245	2045	303.62195	267.79782	382.1703347086441
SQ1	miroc6	ssp245	2046	303.3607	267.7413	927.4475884158057
SQ1	miroc6	ssp245	2047	302.34207	269.50076	985.2512913057438
SQ1	miroc6	ssp245	2048	300.12512	269.3981	2513.728765072259
SQ1	miroc6	ssp245	2049	300.24057	267.63333	1488.4251113631522
SQ1	miroc6	ssp245	2050	302.9885	265.77188	623.1780072091897
SQ1	miroc6	ssp245	2051	302.88193	269.41644	341.4516836506664
SQ1	miroc6	ssp245	2052	303.15152	268.0027	2087.3745001153698
SQ1	miroc6	ssp245	2053	302.73785	269.64703	1265.277982922266
SQ1	miroc6	ssp245	2054	302.27023	268.60822	1347.2107646637432
SQ1	miroc6	ssp245	2055	304.5811	270.30878	1083.4683559485372
SQ1	miroc6	ssp245	2056	302.18845	267.4093	1310.1192124304114
SQ1	miroc6	ssp245	2057	302.6316	268.95422	1767.621296772223
SQ1	miroc6	ssp245	2058	300.71933	269.08347	1743.348243646316
SQ1	miroc6	ssp245	2059	303.3248	269.2359	1275.7902797427698
SQ1	miroc6	ssp245	2060	298.11884	269.59756	3029.947518836635
SQ1	miroc6	ssp245	2061	300.41916	268.402	421.7717567458749
SQ1	miroc6	ssp245	2062	304.38382	266.5678	879.1516939177934
SQ1	miroc6	ssp245	2063	304.05768	265.35236	522.576060926076
SQ1	miroc6	ssp245	2064	305.41318	270.79935	736.2940392689651
SQ1	miroc6	ssp245	2065	304.53885	268.9223	1147.6464462233516
SQ1	miroc6	ssp245	2066	302.83466	269.58548	1225.9926388389201
SQ1	miroc6	ssp245	2067	304.6475	268.05637	327.7450828347355
SQ1	miroc6	ssp245	2068	304.5533	268.5028	755.2357358392328
SQ1	miroc6	ssp245	2069	305.93268	268.50787	1384.0304204262457
SQ1	miroc6	ssp245	2070	305.44406	269.51297	350.55920924060047
SQ1	miroc6	ssp370	2041	305.09543	266.98404	633.534312620759
SQ1	miroc6	ssp370	2042	304.13934	269.09137	934.3209267128093
SQ1	miroc6	ssp370	2043	303.34552	269.31155	637.7449164166981
SQ1	miroc6	ssp370	2044	303.8627	263.76556	464.1219846904278
SQ1	miroc6	ssp370	2045	304.6327	270.5875	1467.2971389954778
SQ1	miroc6	ssp370	2046	303.25925	268.712	1301.0134924203157
SQ1	miroc6	ssp370	2047	303.23373	268.96213	819.8590746702143
SQ1	miroc6	ssp370	2048	302.8023	269.45737	1036.8844101147042
SQ1	miroc6	ssp370	2049	303.8484	268.68008	678.4868643851717
SQ1	miroc6	ssp370	2050	302.66	269.2543	1634.0914716710922
SQ1	miroc6	ssp370	2051	302.20706	267.44513	1530.850430997055
SQ1	miroc6	ssp370	2052	300.88913	270.19327	1556.7218222713475
SQ1	miroc6	ssp370	2053	303.73892	269.41864	855.7463554199519
SQ1	miroc6	ssp370	2054	305.52603	269.4436	1218.5630431864347
SQ1	miroc6	ssp370	2055	301.7714	268.7962	2405.7148153893313
SQ1	miroc6	ssp370	2056	300.45612	270.3073	1520.470316370475
SQ1	miroc6	ssp370	2057	301.74008	270.3616	1110.9199487138221
SQ1	miroc6	ssp370	2058	304.54453	269.81335	698.0388875585022
SQ1	miroc6	ssp370	2059	306.61618	266.42194	1038.4343896060966
SQ1	miroc6	ssp370	2060	304.69742	268.9461	782.4476076406423
SQ1	miroc6	ssp370	2061	302.45428	270.58197	1805.7618126505831
SQ1	miroc6	ssp370	2062	303.8968	269.93524	343.7990304082632
SQ1	miroc6	ssp370	2063	305.547	266.49692	1564.7975883213433
SQ1	miroc6	ssp370	2064	305.1994	268.769	1725.597405130972
SQ1	miroc6	ssp370	2065	301.49878	267.96048	1095.177298737667
SQ1	miroc6	ssp370	2066	303.97122	269.2361	570.7880828529596
SQ1	miroc6	ssp370	2067	305.55048	269.9765	672.7950443979353
SQ1	miroc6	ssp370	2068	305.8481	267.44214	1038.734680297776
SQ1	miroc6	ssp370	2069	305.25955	270.73932	978.663350525292
SQ1	miroc6	ssp370	2070	304.5711	270.0502	739.7326176054546
SQ1	mpi-esm1-2-hr	ssp245	2041	299.4678	267.06818	1310.1732244714797
SQ1	mpi-esm1-2-hr	ssp245	2042	300.97736	267.93356	1336.3075757457239
SQ1	mpi-esm1-2-hr	ssp245	2043	302.4805	268.77722	257.36819892190397
SQ1	mpi-esm1-2-hr	ssp245	2044	301.9974	267.33673	786.6158299148083
SQ1	mpi-esm1-2-hr	ssp245	2045	299.67407	267.68384	1106.3739879056461
SQ1	mpi-esm1-2-hr	ssp245	2046	299.3837	269.07227	1496.1744648869894
SQ1	mpi-esm1-2-hr	ssp245	2047	301.17636	267.61923	1656.4964402932524
SQ1	mpi-esm1-2-hr	ssp245	2048	299.2159	269.2728	1933.7957251583575
SQ1	mpi-esm1-2-hr	ssp245	2049	303.37064	266.41336	581.7571678315289
SQ1	mpi-esm1-2-hr	ssp245	2050	303.9533	269.8897	611.3236115779728
SQ1	mpi-esm1-2-hr	ssp245	2051	300.01447	267.45996	1995.9952589124205
SQ1	mpi-esm1-2-hr	ssp245	2052	301.20792	269.02316	1680.6732014803606
SQ1	mpi-esm1-2-hr	ssp245	2053	301.01935	267.2603	1993.9850134541657
SQ1	mpi-esm1-2-hr	ssp245	2054	301.5689	268.2649	1087.4101109337062
SQ1	mpi-esm1-2-hr	ssp245	2055	300.08914	268.38538	523.2362436130643
SQ1	mpi-esm1-2-hr	ssp245	2056	301.80438	270.34543	595.1484541408718
SQ1	mpi-esm1-2-hr	ssp245	2057	301.71597	267.46695	882.0838873274377
SQ1	mpi-esm1-2-hr	ssp245	2058	301.6034	268.13278	1538.385439349804
SQ1	mpi-esm1-2-hr	ssp245	2059	300.60287	271.37634	697.3926956299692
SQ1	mpi-esm1-2-hr	ssp245	2060	302.04147	265.69043	1209.7724991850116
SQ1	mpi-esm1-2-hr	ssp245	2061	301.9726	263.64032	1420.5277946311483
SQ1	mpi-esm1-2-hr	ssp245	2062	300.9161	266.8082	1421.908400009845
SQ1	mpi-esm1-2-hr	ssp245	2063	298.73657	264.2748	1411.1953631043032
SQ1	mpi-esm1-2-hr	ssp245	2064	300.8511	266.13324	988.420112442662
SQ1	mpi-esm1-2-hr	ssp245	2065	301.1844	270.7269	1282.3739008046546
SQ1	mpi-esm1-2-hr	ssp245	2066	302.82532	268.38092	1187.719065695977
SQ1	mpi-esm1-2-hr	ssp245	2067	303.13403	269.82703	931.6012224066071
SQ1	mpi-esm1-2-hr	ssp245	2068	301.85275	270.5339	549.2512822282151
SQ1	mpi-esm1-2-hr	ssp245	2069	303.0918	264.8435	1045.9537865594002
SQ1	mpi-esm1-2-hr	ssp245	2070	301.63605	269.1313	1560.7748352340213
SQ1	mpi-esm1-2-hr	ssp370	2041	303.92307	267.75717	1485.4931536945182
SQ1	mpi-esm1-2-hr	ssp370	2042	301.10532	267.3241	878.0648946238216
SQ1	mpi-esm1-2-hr	ssp370	2043	301.11832	264.62555	1416.6612169879752
SQ1	mpi-esm1-2-hr	ssp370	2044	303.27832	267.3263	1075.7804436085196
SQ1	mpi-esm1-2-hr	ssp370	2045	302.1334	268.5104	1133.978727471549
SQ1	mpi-esm1-2-hr	ssp370	2046	303.14264	267.19162	959.9720637313862
SQ1	mpi-esm1-2-hr	ssp370	2047	300.7839	266.62723	1168.1630148086565
SQ1	mpi-esm1-2-hr	ssp370	2048	301.60248	266.50708	779.8215094953757
SQ1	mpi-esm1-2-hr	ssp370	2049	302.48126	267.21918	1026.886921562244
SQ1	mpi-esm1-2-hr	ssp370	2050	302.28244	269.77914	721.8213466345262
SQ1	mpi-esm1-2-hr	ssp370	2051	303.20593	269.23157	1250.1792441587854
SQ1	mpi-esm1-2-hr	ssp370	2052	301.23636	266.80692	1414.1649208380525
SQ1	mpi-esm1-2-hr	ssp370	2053	303.63614	269.32147	1342.9629301302512
SQ1	mpi-esm1-2-hr	ssp370	2054	301.70526	268.0587	1173.3503986615456
SQ1	mpi-esm1-2-hr	ssp370	2055	299.10318	264.39163	2284.6589969470792
SQ1	mpi-esm1-2-hr	ssp370	2056	301.01477	268.22043	1122.1346582402298
SQ1	mpi-esm1-2-hr	ssp370	2057	301.1386	267.95514	1858.2886286777803
SQ1	mpi-esm1-2-hr	ssp370	2058	301.63513	269.16437	1068.5735677485116
SQ1	mpi-esm1-2-hr	ssp370	2059	301.456	270.12582	1219.780378416163
SQ1	mpi-esm1-2-hr	ssp370	2060	302.9425	268.98773	888.8805274385718
SQ1	mpi-esm1-2-hr	ssp370	2061	302.33582	267.42828	1179.790449666317
SQ1	mpi-esm1-2-hr	ssp370	2062	302.92462	268.7531	1433.3603769074846
SQ1	mpi-esm1-2-hr	ssp370	2063	301.99744	269.40375	1055.921897850917
SQ1	mpi-esm1-2-hr	ssp370	2064	302.1298	268.76886	1336.3068495061978
SQ1	mpi-esm1-2-hr	ssp370	2065	301.93826	270.77664	503.9591004489921
SQ1	mpi-esm1-2-hr	ssp370	2066	302.11316	267.899	1100.137020251696
SQ1	mpi-esm1-2-hr	ssp370	2067	303.12274	269.83136	1183.3426774944844
SQ1	mpi-esm1-2-hr	ssp370	2068	302.0065	269.6341	1493.5755740850943
SQ1	mpi-esm1-2-hr	ssp370	2069	301.76743	267.14972	1177.364123496203
SQ1	mpi-esm1-2-hr	ssp370	2070	301.64078	268.65213	767.8776259417577
SQ1	mri-esm2-0	ssp245	2041	302.39194	264.36148	789.4532623467967
SQ1	mri-esm2-0	ssp245	2042	303.95703	268.3939	1431.4819905208346
SQ1	mri-esm2-0	ssp245	2043	302.08917	269.05875	1233.2252432584937
SQ1	mri-esm2-0	ssp245	2044	302.0998	271.47827	887.8223577921744
SQ1	mri-esm2-0	ssp245	2045	301.73245	269.05	2205.060391465634
SQ1	mri-esm2-0	ssp245	2046	302.91632	269.92587	1778.746131132319
SQ1	mri-esm2-0	ssp245	2047	300.8991	265.65027	1990.9422543598082
SQ1	mri-esm2-0	ssp245	2048	304.3678	265.6892	1074.5507962535808
SQ1	mri-esm2-0	ssp245	2049	302.3984	270.49054	668.4062876505753
SQ1	mri-esm2-0	ssp245	2050	301.83322	268.60632	1225.1973458972802
SQ1	mri-esm2-0	ssp245	2051	301.27313	268.3697	985.2885640051517
SQ1	mri-esm2-0	ssp245	2052	303.04132	269.3863	1026.8375683925062
SQ1	mri-esm2-0	ssp245	2053	302.06604	269.395	1078.3131560892748
SQ1	mri-esm2-0	ssp245	2054	302.3722	269.017	1644.497785298119
SQ1	mri-esm2-0	ssp245	2055	303.31268	269.63852	906.3226001366211
SQ1	mri-esm2-0	ssp245	2056	301.34024	270.1711	900.3602887736633
SQ1	mri-esm2-0	ssp245	2057	303.4759	267.8494	1838.4374785090918
SQ1	mri-esm2-0	ssp245	2058	302.40573	269.37314	1110.6404038611695
SQ1	mri-esm2-0	ssp245	2059	301.9496	268.41257	1496.8576694139851
SQ1	mri-esm2-0	ssp245	2060	302.7192	268.1389	238.2787958253175
SQ1	mri-esm2-0	ssp245	2061	302.83966	269.77313	1289.2894427175352
SQ1	mri-esm2-0	ssp245	2062	302.68497	269.57712	1614.8977673146642
SQ1	mri-esm2-0	ssp245	2063	302.67844	267.71173	753.9269079454243
SQ1	mri-esm2-0	ssp245	2064	303.8892	268.5291	1769.4097889761736
SQ1	mri-esm2-0	ssp245	2065	301.55252	269.08588	1804.4605567585666
SQ1	mri-esm2-0	ssp245	2066	303.1066	269.70276	1427.30541735652
SQ1	mri-esm2-0	ssp245	2067	302.41544	267.3516	813.1683224346381
SQ1	mri-esm2-0	ssp245	2068	303.19458	269.8191	991.517538270254
SQ1	mri-esm2-0	ssp245	2069	303.39813	270.0255	760.9120003762499
SQ1	mri-esm2-0	ssp245	2070	302.90533	267.86038	2312.391038867585
SQ1	mri-esm2-0	ssp370	2041	301.74323	265.5202	1173.7350198905453
SQ1	mri-esm2-0	ssp370	2042	304.28195	267.36856	1044.1732433857362
SQ1	mri-esm2-0	ssp370	2043	302.19684	268.8816	742.3763482365757
SQ1	mri-esm2-0	ssp370	2044	301.6535	269.53595	1147.1832993440307
SQ1	mri-esm2-0	ssp370	2045	303.154	269.11252	546.2400830816478
SQ1	mri-esm2-0	ssp370	2046	301.96643	268.2678	1675.3055064473115
SQ1	mri-esm2-0	ssp370	2047	304.58826	269.40527	2114.45110371565
SQ1	mri-esm2-0	ssp370	2048	301.9034	267.5284	744.0352273522652
SQ1	mri-esm2-0	ssp370	2049	304.56458	268.68826	1511.6226598620028
SQ1	mri-esm2-0	ssp370	2050	300.0527	268.072	1956.3426003703723
SQ1	mri-esm2-0	ssp370	2051	304.37573	269.4064	1987.425505556123
SQ1	mri-esm2-0	ssp370	2052	301.90622	268.86148	990.1092940242961
SQ1	mri-esm2-0	ssp370	2053	302.44675	270.66956	803.012857062253
SQ1	mri-esm2-0	ssp370	2054	300.74304	268.71878	1335.0572721333947
SQ1	mri-esm2-0	ssp370	2055	302.55734	265.56384	1312.5085816369294
SQ1	mri-esm2-0	ssp370	2056	302.17654	268.54382	1266.913728928167
SQ1	mri-esm2-0	ssp370	2057	303.3404	269.89023	1435.6300915125544
SQ1	mri-esm2-0	ssp370	2058	304.32114	269.15625	1550.1152084441578
SQ1	mri-esm2-0	ssp370	2059	302.93903	267.35803	834.7706723841704
SQ1	mri-esm2-0	ssp370	2060	301.05197	267.52643	806.1788989696652
SQ1	mri-esm2-0	ssp370	2061	303.21478	268.2002	1749.2533225100217
SQ1	mri-esm2-0	ssp370	2062	300.62518	266.1876	914.8997379234061
SQ1	mri-esm2-0	ssp370	2063	303.3013	269.64124	506.4210616648779
SQ1	mri-esm2-0	ssp370	2064	303.35745	269.4304	1229.2016924824527
SQ1	mri-esm2-0	ssp370	2065	302.03888	270.3343	817.3426145687699
SQ1	mri-esm2-0	ssp370	2066	304.26825	268.32135	953.6160732619329
SQ1	mri-esm2-0	ssp370	2067	305.03436	268.11636	1166.7436693212803
SQ1	mri-esm2-0	ssp370	2068	303.06082	269.3025	688.6683247634196
SQ1	mri-esm2-0	ssp370	2069	302.64944	268.26294	1205.392915592504
SQ1	mri-esm2-0	ssp370	2070	302.64767	267.57196	1838.3813456631642
SQ2	access-cm2	ssp245	2041	298.06122	265.13373	1449.1118486271946
SQ2	access-cm2	ssp245	2042	298.0403	263.56897	1934.9433505092047
SQ2	access-cm2	ssp245	2043	299.0405	265.99982	1810.6319550890266
SQ2	access-cm2	ssp245	2044	297.5313	268.01498	664.1413911245763
SQ2	access-cm2	ssp245	2045	297.3151	265.5903	1490.109809464718
SQ2	access-cm2	ssp245	2046	297.58716	266.1889	1966.539365448933
SQ2	access-cm2	ssp245	2047	299.34598	267.54242	1041.3207549601793
SQ2	access-cm2	ssp245	2048	298.1496	267.16806	1116.2818978540427
SQ2	access-cm2	ssp245	2049	299.57672	264.11108	570.5777960667547
SQ2	access-cm2	ssp245	2050	297.73578	263.4859	1091.7160848621008
SQ2	access-cm2	ssp245	2051	298.45795	268.23117	675.8237401256338
SQ2	access-cm2	ssp245	2052	300.26035	266.34012	1357.159387716057
SQ2	access-cm2	ssp245	2053	299.15546	265.659	1142.5393985118437
SQ2	access-cm2	ssp245	2054	300.53442	267.89432	915.5747457349026
SQ2	access-cm2	ssp245	2055	298.99762	266.8083	1790.3228580951152
SQ2	access-cm2	ssp245	2056	299.17038	265.87415	1760.4495313949567
SQ2	access-cm2	ssp245	2057	299.37106	265.95898	1541.4147571194717
SQ2	access-cm2	ssp245	2058	299.8847	264.96835	2703.792696562549
SQ2	access-cm2	ssp245	2059	301.01077	265.53595	1764.4793664570657
SQ2	access-cm2	ssp245	2060	298.58554	266.82843	823.4416724648163
SQ2	access-cm2	ssp245	2061	300.28152	267.72134	1095.2115509659052
SQ2	access-cm2	ssp245	2062	296.72556	264.07358	2414.5534322509493
SQ2	access-cm2	ssp245	2063	299.14905	268.39993	752.8012442286126
SQ2	access-cm2	ssp245	2064	300.36703	266.8476	1346.321053197606
SQ2	access-cm2	ssp245	2065	299.3586	265.8123	2156.0438199899754
SQ2	access-cm2	ssp245	2066	298.6628	266.8323	654.8459879122674
SQ2	access-cm2	ssp245	2067	299.83954	266.74417	477.5942260399461
SQ2	access-cm2	ssp245	2068	297.9098	262.9143	2036.674805916784
SQ2	access-cm2	ssp245	2069	298.138	267.32434	2825.603105686541
SQ2	access-cm2	ssp245	2070	297.02817	266.31476	1647.5673327454938
SQ2	access-cm2	ssp370	2041	298.52975	264.81436	943.4979652199918
SQ2	access-cm2	ssp370	2042	297.22482	263.43344	1928.9579653646224
SQ2	access-cm2	ssp370	2043	297.60345	267.5696	944.8740554507681
SQ2	access-cm2	ssp370	2044	297.98148	266.16434	1177.7060894295387
SQ2	access-cm2	ssp370	2045	297.73563	265.72803	854.6719477744475
SQ2	access-cm2	ssp370	2046	297.72116	266.98694	2039.808316976959
SQ2	access-cm2	ssp370	2047	298.60587	262.77612	1396.8635680095624
SQ2	access-cm2	ssp370	2048	296.46774	264.62463	812.3799375694734
SQ2	access-cm2	ssp370	2049	298.0035	267.0324	1394.4637625477694
SQ2	access-cm2	ssp370	2050	300.63684	262.7709	1478.846822769238
SQ2	access-cm2	ssp370	2051	298.08264	264.42404	1614.9457440711383
SQ2	access-cm2	ssp370	2052	296.89087	267.08682	1741.5284687652857
SQ2	access-cm2	ssp370	2053	299.72275	264.66003	987.3104615136792
SQ2	access-cm2	ssp370	2054	297.34995	266.6185	734.8442061804235
SQ2	access-cm2	ssp370	2055	298.9724	265.49203	1191.8246855260804
SQ2	access-cm2	ssp370	2056	298.44925	266.05182	880.7515922002353
SQ2	access-cm2	ssp370	2057	297.43103	265.37637	1592.319554183604
SQ2	access-cm2	ssp370	2058	300.6318	265.85565	2535.155702638409
SQ2	access-cm2	ssp370	2059	297.83948	265.5808	838.4796199039521
SQ2	access-cm2	ssp370	2060	297.69833	266.7732	1473.357944609572
SQ2	access-cm2	ssp370	2061	298.2386	266.70184	2451.9350013462326
SQ2	access-cm2	ssp370	2062	298.52667	266.82834	1410.7019662507498
SQ2	access-cm2	ssp370	2063	296.1622	265.06052	1217.3904877505122
SQ2	access-cm2	ssp370	2064	297.52612	265.8393	1983.6402962856976
SQ2	access-cm2	ssp370	2065	301.25067	265.90228	1743.5632218606374
SQ2	access-cm2	ssp370	2066	299.12393	266.2842	685.2710205945186
SQ2	access-cm2	ssp370	2067	300.25864	264.58716	942.7627104101628
SQ2	access-cm2	ssp370	2068	298.26218	269.0035	1058.9130617212345
SQ2	access-cm2	ssp370	2069	298.5286	265.72476	3269.134569831597
SQ2	access-cm2	ssp370	2070	300.61917	267.45667	1139.7114372113363
SQ2	cnrm-esm2-1	ssp245	2041	298.2725	264.413	2126.0746994521173
SQ2	cnrm-esm2-1	ssp245	2042	297.44565	265.76974	1128.774170041977
SQ2	cnrm-esm2-1	ssp245	2043	296.5094	267.951	991.2139280698941
SQ2	cnrm-esm2-1	ssp245	2044	296.77942	266.66895	1117.6116362912373
SQ2	cnrm-esm2-1	ssp245	2045	297.2738	264.5074	1876.6060377470762
SQ2	cnrm-esm2-1	ssp245	2046	298.55334	265.69888	604.1568058775738
SQ2	cnrm-esm2-1	ssp245	2047	298.09354	264.74896	1921.5415209182117
SQ2	cnrm-esm2-1	ssp245	2048	298.11124	265.63217	826.0741238307536
SQ2	cnrm-esm2-1	ssp245	2049	295.73553	267.5679	1238.1209523416642
SQ2	cnrm-esm2-1	ssp245	2050	298.22812	267.07272	1271.942129032636
SQ2	cnrm-esm2-1	ssp245	2051	298.19382	266.39645	1388.6917745810706
SQ2	cnrm-esm2-1	ssp245	2052	298.3205	265.48935	2064.720050850865
SQ2	cnrm-esm2-1	ssp245	2053	297.86835	266.45938	1257.1956653147718
SQ2	cnrm-esm2-1	ssp245	2054	298.38824	263.3159	2301.564092840932
SQ2	cnrm-esm2-1	ssp245	2055	299.9061	264.20203	2341.5809535886647
SQ2	cnrm-esm2-1	ssp245	2056	297.65268	263.77213	962.0778436335765
SQ2	cnrm-esm2-1	ssp245	2057	297.74066	264.3564	546.1199280805886
SQ2	cnrm-esm2-1	ssp245	2058	295.29852	266.59302	1497.0117302611027
SQ2	cnrm-esm2-1	ssp245	2059	298.8087	268.7743	1904.4017970095797
SQ2	cnrm-esm2-1	ssp245	2060	299.00998	264.6877	2443.3230182854204
SQ2	cnrm-esm2-1	ssp245	2061	296.93286	267.27502	901.2070309370756
SQ2	cnrm-esm2-1	ssp245	2062	297.21967	262.67395	1629.1862559970066
SQ2	cnrm-esm2-1	ssp245	2063	297.625	266.64615	1200.194865872601
SQ2	cnrm-esm2-1	ssp245	2064	299.3	263.3915	1306.8856901255997
SQ2	cnrm-esm2-1	ssp245	2065	297.4535	266.2911	578.5632770508528
SQ2	cnrm-esm2-1	ssp245	2066	297.79385	267.4129	1162.400529719876
SQ2	cnrm-esm2-1	ssp245	2067	298.7402	266.2987	1799.8173870378928
SQ2	cnrm-esm2-1	ssp245	2068	298.99445	265.8775	1407.420550170353
SQ2	cnrm-esm2-1	ssp245	2069	297.0073	266.65454	652.6820361614208
SQ2	cnrm-esm2-1	ssp245	2070	299.805	268.98618	1413.437312288413
SQ2	cnrm-esm2-1	ssp370	2041	298.6527	265.58997	1067.5220308330436
SQ2	cnrm-esm2-1	ssp370	2042	295.5159	264.47485	1116.1911746486894
SQ2	cnrm-esm2-1	ssp370	2043	297.124	264.59842	1292.9286071215522
SQ2	cnrm-esm2-1	ssp370	2044	297.47247	266.61078	765.5163259478122
SQ2	cnrm-esm2-1	ssp370	2045	297.38382	263.8345	1614.8073408286723
SQ2	cnrm-esm2-1	ssp370	2046	295.763	268.1161	1027.8847913257684
SQ2	cnrm-esm2-1	ssp370	2047	296.6456	263.22006	1598.1244160793453
SQ2	cnrm-esm2-1	ssp370	2048	295.56427	264.95755	1310.3193952235936
SQ2	cnrm-esm2-1	ssp370	2049	297.26706	268.2172	1686.0688181127996
SQ2	cnrm-esm2-1	ssp370	2050	296.2635	266.35727	1634.7531395265441
SQ2	cnrm-esm2-1	ssp370	2051	297.44986	266.74594	2146.0475546191115
SQ2	cnrm-esm2-1	ssp370	2052	296.6609	266.15582	801.3271638192064
SQ2	cnrm-esm2-1	ssp370	2053	298.44498	267.42264	2192.5042287446167
SQ2	cnrm-esm2-1	ssp370	2054	296.65463	268.10324	1835.9608165221011
SQ2	cnrm-esm2-1	ssp370	2055	298.55396	264.7568	1350.3599734045306
SQ2	cnrm-esm2-1	ssp370	2056	298.49524	266.6941	1422.5749684497482
SQ2	cnrm-esm2-1	ssp370	2057	296.79584	263.05743	1602.0885172707058
SQ2	cnrm-esm2-1	ssp370	2058	297.23187	267.14032	812.393612042057
SQ2	cnrm-esm2-1	ssp370	2059	297.12585	265.59805	1015.839623683099
SQ2	cnrm-esm2-1	ssp370	2060	297.2913	265.30484	2570.197952154525
SQ2	cnrm-esm2-1	ssp370	2061	298.55756	266.26743	871.7760857893007
SQ2	cnrm-esm2-1	ssp370	2062	298.38245	266.46283	1526.8997409555145
SQ2	cnrm-esm2-1	ssp370	2063	297.5487	267.9117	1218.6465596314283
SQ2	cnrm-esm2-1	ssp370	2064	299.00372	266.17676	1696.9502209452714
SQ2	cnrm-esm2-1	ssp370	2065	297.26764	268.11288	751.0369027498907
SQ2	cnrm-esm2-1	ssp370	2066	297.3639	263.40027	1673.54525774714
SQ2	cnrm-esm2-1	ssp370	2067	299.3511	268.12247	1127.337199455334
SQ2	cnrm-esm2-1	ssp370	2068	298.48022	266.2299	1045.1906155328998
SQ2	cnrm-esm2-1	ssp370	2069	298.08466	267.99933	1057.8465221682543
SQ2	cnrm-esm2-1	ssp370	2070	299.25555	267.9764	606.7125328117804
SQ2	ec-earth3-veg	ssp245	2041	298.08276	266.27924	772.2730566747437
SQ2	ec-earth3-veg	ssp245	2042	297.8844	266.89493	1523.107203282403
SQ2	ec-earth3-veg	ssp245	2043	295.45816	267.099	2162.23000085441
SQ2	ec-earth3-veg	ssp245	2044	296.7682	265.61505	1289.8805771721293
SQ2	ec-earth3-veg	ssp245	2045	297.77817	266.02155	1456.2878865748435
SQ2	ec-earth3-veg	ssp245	2046	296.76306	265.88855	906.9045621435855
SQ2	ec-earth3-veg	ssp245	2047	297.26834	268.2177	1001.9542112946392
SQ2	ec-earth3-veg	ssp245	2048	298.4876	267.25998	1642.3160005244283
SQ2	ec-earth3-veg	ssp245	2049	297.09518	265.12375	1830.6153365643268
SQ2	ec-earth3-veg	ssp245	2050	298.0795	265.8761	1591.4110569865077
SQ2	ec-earth3-veg	ssp245	2051	296.5289	267.9615	1181.1805293196455
SQ2	ec-earth3-veg	ssp245	2052	297.7818	267.70422	1780.4955645842501
SQ2	ec-earth3-veg	ssp245	2053	296.55704	269.4733	876.2172653688925
SQ2	ec-earth3-veg	ssp245	2054	297.34863	264.92657	463.9433076081332
SQ2	ec-earth3-veg	ssp245	2055	297.00424	266.2116	393.68845629505813
SQ2	ec-earth3-veg	ssp245	2056	296.78726	267.68097	1568.884660676093
SQ2	ec-earth3-veg	ssp245	2057	297.4648	265.28842	1499.2745951749123
SQ2	ec-earth3-veg	ssp245	2058	296.21918	266.7318	1228.138240940453
SQ2	ec-earth3-veg	ssp245	2059	296.8589	266.805	617.9696090868636
SQ2	ec-earth3-veg	ssp245	2060	300.69635	266.3804	1251.2294635176438
SQ2	ec-earth3-veg	ssp245	2061	298.8336	261.0026	1977.026092540401
SQ2	ec-earth3-veg	ssp245	2062	297.1356	266.4211	844.5804332848638
SQ2	ec-earth3-veg	ssp245	2063	296.23505	268.13403	1112.3844304354684
SQ2	ec-earth3-veg	ssp245	2064	299.05054	265.90115	2167.061410099207
SQ2	ec-earth3-veg	ssp245	2065	299.52344	266.15836	896.8871111981479
SQ2	ec-earth3-veg	ssp245	2066	298.78586	266.27777	3202.515680144945
SQ2	ec-earth3-veg	ssp245	2067	298.0255	266.8715	1897.312888316755
SQ2	ec-earth3-veg	ssp245	2068	296.39514	266.71783	1558.2324427552246
SQ2	ec-earth3-veg	ssp245	2069	299.1684	267.7086	1203.1196167808957
SQ2	ec-earth3-veg	ssp245	2070	298.8995	265.6	1967.3214708803885
SQ2	ec-earth3-veg	ssp370	2041	298.36777	262.2053	1061.078900657582
SQ2	ec-earth3-veg	ssp370	2042	299.12488	261.2324	2260.818285634694
SQ2	ec-earth3-veg	ssp370	2043	297.4874	267.0617	2590.761776914548
SQ2	ec-earth3-veg	ssp370	2044	298.6475	266.3571	1527.2801078448174
SQ2	ec-earth3-veg	ssp370	2045	297.2259	261.8684	677.2613396693487
SQ2	ec-earth3-veg	ssp370	2046	297.9631	264.50006	1086.8967147543822
SQ2	ec-earth3-veg	ssp370	2047	296.45294	261.72568	1196.7767501715111
SQ2	ec-earth3-veg	ssp370	2048	296.35098	268.36737	1401.9005717185578
SQ2	ec-earth3-veg	ssp370	2049	297.3826	264.8831	1577.4528160225348
SQ2	ec-earth3-veg	ssp370	2050	297.6131	264.10403	1686.4998319186
SQ2	ec-earth3-veg	ssp370	2051	296.4144	267.0612	394.47895394987427
SQ2	ec-earth3-veg	ssp370	2052	296.90198	265.3461	2188.0605468525673
SQ2	ec-earth3-veg	ssp370	2053	298.2112	265.84073	2205.883564241178
SQ2	ec-earth3-veg	ssp370	2054	297.95224	263.90424	797.4549216334481
SQ2	ec-earth3-veg	ssp370	2055	297.78143	266.26968	1671.1936413266544
SQ2	ec-earth3-veg	ssp370	2056	295.1124	264.88123	1207.4201922397817
SQ2	ec-earth3-veg	ssp370	2057	299.29266	264.29196	870.2196939848325
SQ2	ec-earth3-veg	ssp370	2058	295.84317	264.03018	1754.6071807038381
SQ2	ec-earth3-veg	ssp370	2059	297.5381	263.37506	1797.3555032629224
SQ2	ec-earth3-veg	ssp370	2060	298.65646	266.4586	2185.3115103905516
SQ2	ec-earth3-veg	ssp370	2061	298.2763	267.15756	1941.5840994799364
SQ2	ec-earth3-veg	ssp370	2062	298.68744	265.87582	1048.3395637012911
SQ2	ec-earth3-veg	ssp370	2063	297.51917	265.57367	1453.4581145082243
SQ2	ec-earth3-veg	ssp370	2064	295.6077	267.0532	1828.4177329391082
SQ2	ec-earth3-veg	ssp370	2065	299.30994	266.48196	1642.6431182306064
SQ2	ec-earth3-veg	ssp370	2066	298.0063	267.49326	2374.7889219783015
SQ2	ec-earth3-veg	ssp370	2067	296.51245	267.50845	2140.6685563735114
SQ2	ec-earth3-veg	ssp370	2068	299.48697	266.5311	1483.0494955298172
SQ2	ec-earth3-veg	ssp370	2069	298.21835	266.06085	877.8543422115031
SQ2	ec-earth3-veg	ssp370	2070	300.8154	267.70334	425.4520199261606
SQ2	miroc6	ssp245	2041	298.39645	264.40048	1032.5727600138528
SQ2	miroc6	ssp245	2042	296.13882	267.74246	2376.6847236546964
SQ2	miroc6	ssp245	2043	297.82358	265.62372	1502.0053978543592
SQ2	miroc6	ssp245	2044	295.092	265.76593	1446.362496586501
SQ2	miroc6	ssp245	2045	299.1174	264.4687	368.95056296198163
SQ2	miroc6	ssp245	2046	298.62735	265.45532	982.995503023231
SQ2	miroc6	ssp245	2047	297.46796	266.2438	1043.5578593518221
SQ2	miroc6	ssp245	2048	295.50095	266.694	2653.917655907499
SQ2	miroc6	ssp245	2049	295.64725	264.4604	1613.6752558405765
SQ2	miroc6	ssp245	2050	298.41217	262.5831	634.9975499440916
SQ2	miroc6	ssp245	2051	298.5282	267.02972	451.99759328970686
SQ2	miroc6	ssp245	2052	298.2667	265.1256	2139.2364943865437
SQ2	miroc6	ssp245	2053	297.79044	266.13004	1421.5440116472948
SQ2	miroc6	ssp245	2054	297.46857	265.12173	1413.71076500362
SQ2	miroc6	ssp245	2055	300.25046	267.4705	987.3862795997109
SQ2	miroc6	ssp245	2056	297.4728	264.12024	1349.2696623550496
SQ2	miroc6	ssp245	2057	298.02716	266.0326	1811.4651638315668
SQ2	miroc6	ssp245	2058	296.00388	266.2233	1769.3492077756332
SQ2	miroc6	ssp245	2059	298.1574	266.80463	1314.3252148758543
SQ2	miroc6	ssp245	2060	293.6393	266.2013	3321.101427054908
SQ2	miroc6	ssp245	2061	295.73297	266.24222	411.2528902158374
SQ2	miroc6	ssp245	2062	299.90146	264.04108	834.1260806657211
SQ2	miroc6	ssp245	2063	299.75122	262.11813	565.2544098906219
SQ2	miroc6	ssp245	2064	301.11456	267.86688	707.7399108675083
SQ2	miroc6	ssp245	2065	299.98294	266.0397	1303.7006932252434
SQ2	miroc6	ssp245	2066	298.01373	267.67426	1232.15533706823
SQ2	miroc6	ssp245	2067	299.85062	265.67847	325.97653542179614
SQ2	miroc6	ssp245	2068	300.10782	265.85562	760.624702158384
SQ2	miroc6	ssp245	2069	301.63605	265.4969	1323.1710970401414
SQ2	miroc6	ssp245	2070	300.88278	266.87128	421.9057489593979
SQ2	miroc6	ssp370	2041	301.01855	264.22897	789.4564715679735
SQ2	miroc6	ssp370	2042	299.65918	266.2613	983.1101775169245
SQ2	miroc6	ssp370	2043	298.77417	266.5312	669.6900927738074
SQ2	miroc6	ssp370	2044	299.3939	261.03107	521.7339216847904
SQ2	miroc6	ssp370	2045	300.19186	267.78278	1369.3216270243113
SQ2	miroc6	ssp370	2046	298.61584	265.7883	1328.4265632944646
SQ2	miroc6	ssp370	2047	298.8624	266.25836	902.3489812156063
SQ2	miroc6	ssp370	2048	298.11447	266.77533	1059.2271382338304
SQ2	miroc6	ssp370	2049	299.6138	265.64377	726.9411711953577
SQ2	miroc6	ssp370	2050	298.22296	266.07278	1757.077034097104
SQ2	miroc6	ssp370	2051	297.44904	264.5617	1611.0301296226357
SQ2	miroc6	ssp370	2052	296.25116	267.2082	1731.9667974777778
SQ2	miroc6	ssp370	2053	298.70828	266.3393	937.6346622593582
SQ2	miroc6	ssp370	2054	301.37213	266.57776	1210.2911814639701
SQ2	miroc6	ssp370	2055	297.12207	265.51947	2538.553666253558
SQ2	miroc6	ssp370	2056	295.6752	267.46524	1748.3089480432486
SQ2	miroc6	ssp370	2057	296.8192	267.3094	1322.5460325367576
SQ2	miroc6	ssp370	2058	300.14322	267.1438	756.0347852551594
SQ2	miroc6	ssp370	2059	302.3063	263.24185	1224.886727705577
SQ2	miroc6	ssp370	2060	299.63113	266.3291	846.1451891809663
SQ2	miroc6	ssp370	2061	297.70544	267.7696	1998.1308840215065
SQ2	miroc6	ssp370	2062	299.46487	267.08594	297.6297425106168
SQ2	miroc6	ssp370	2063	301.11267	263.43518	1481.648615794233
SQ2	miroc6	ssp370	2064	300.46036	265.86237	1776.980421412698
SQ2	miroc6	ssp370	2065	296.7518	264.88092	1271.7385374242092
SQ2	miroc6	ssp370	2066	299.76825	266.60727	569.0003574360162
SQ2	miroc6	ssp370	2067	301.1218	266.84497	762.4167494941503
SQ2	miroc6	ssp370	2068	301.37198	264.41714	1167.0858871831947
SQ2	miroc6	ssp370	2069	300.75775	268.75702	1088.881360623045
SQ2	miroc6	ssp370	2070	299.57516	266.72653	751.2024259543873
SQ2	mpi-esm1-2-hr	ssp245	2041	295.09616	264.0632	1433.5673814173506
SQ2	mpi-esm1-2-hr	ssp245	2042	296.26068	265.1615	1420.9052128717244
SQ2	mpi-esm1-2-hr	ssp245	2043	298.05313	266.18893	227.73303037974983
SQ2	mpi-esm1-2-hr	ssp245	2044	297.55444	264.2144	847.2667532041669
SQ2	mpi-esm1-2-hr	ssp245	2045	295.21936	264.20062	1213.4765087160959
SQ2	mpi-esm1-2-hr	ssp245	2046	295.0613	266.19052	1598.9049495896134
SQ2	mpi-esm1-2-hr	ssp245	2047	296.6798	264.6978	1715.8207199535777
SQ2	mpi-esm1-2-hr	ssp245	2048	295.10406	266.2337	2113.919986411895
SQ2	mpi-esm1-2-hr	ssp245	2049	298.89285	264.20825	667.5943006295711
SQ2	mpi-esm1-2-hr	ssp245	2050	299.51398	267.50867	522.7519435342401
SQ2	mpi-esm1-2-hr	ssp245	2051	295.64008	264.82407	2046.4440613228073
SQ2	mpi-esm1-2-hr	ssp245	2052	296.9885	265.86877	1751.6980594256624
SQ2	mpi-esm1-2-hr	ssp245	2053	296.92288	264.48773	2181.213828118036
SQ2	mpi-esm1-2-hr	ssp245	2054	297.05664	265.25446	1067.804206477002
SQ2	mpi-esm1-2-hr	ssp245	2055	295.73624	265.95282	568.3380521368235
SQ2	mpi-esm1-2-hr	ssp245	2056	297.27527	267.1843	682.2974643786438
SQ2	mpi-esm1-2-hr	ssp245	2057	297.09796	264.9806	995.5913686193301
SQ2	mpi-esm1-2-hr	ssp245	2058	297.15643	265.4224	1636.8627671152194
SQ2	mpi-esm1-2-hr	ssp245	2059	295.94424	268.53894	808.2603281596676
SQ2	mpi-esm1-2-hr	ssp245	2060	297.42664	262.99533	1326.8239941447653
SQ2	mpi-esm1-2-hr	ssp245	2061	297.32504	260.4034	1459.8374781897173
SQ2	mpi-esm1-2-hr	ssp245	2062	296.45572	264.24384	1482.5131252873528
SQ2	mpi-esm1-2-hr	ssp245	2063	294.23376	261.50677	1532.4246423086013
SQ2	mpi-esm1-2-hr	ssp245	2064	296.16464	263.0184	1036.7563791630926
SQ2	mpi-esm1-2-hr	ssp245	2065	296.74582	267.7388	1426.7499124863934
SQ2	mpi-esm1-2-hr	ssp245	2066	298.38647	265.74673	1179.32847551999
SQ2	mpi-esm1-2-hr	ssp245	2067	298.61752	266.65866	1043.480236746827
SQ2	mpi-esm1-2-hr	ssp245	2068	297.4009	267.4001	558.4827102371491
SQ2	mpi-esm1-2-hr	ssp245	2069	298.546	262.07224	1147.877077013252
SQ2	mpi-esm1-2-hr	ssp245	2070	296.96838	266.53824	1573.671868164057
SQ2	mpi-esm1-2-hr	ssp370	2041	299.43597	265.1718	1492.4317601951452
SQ2	mpi-esm1-2-hr	ssp370	2042	296.38437	264.13022	861.0745205136482
SQ2	mpi-esm1-2-hr	ssp370	2043	296.33185	261.52335	1474.915591813567
SQ2	mpi-esm1-2-hr	ssp370	2044	298.5859	264.68234	1163.5171890724305
SQ2	mpi-esm1-2-hr	ssp370	2045	297.69458	265.101	1272.5357060786157
SQ2	mpi-esm1-2-hr	ssp370	2046	298.62848	263.5919	1031.5123943611866
SQ2	mpi-esm1-2-hr	ssp370	2047	296.3747	263.25388	1280.6400588713198
SQ2	mpi-esm1-2-hr	ssp370	2048	296.6392	264.144	972.0094996969998
SQ2	mpi-esm1-2-hr	ssp370	2049	297.80576	264.42023	943.3555550873106
SQ2	mpi-esm1-2-hr	ssp370	2050	297.57892	266.94104	854.2831045808127
SQ2	mpi-esm1-2-hr	ssp370	2051	298.61078	266.0595	1406.6794856800243
SQ2	mpi-esm1-2-hr	ssp370	2052	296.85727	264.22925	1492.703276965742
SQ2	mpi-esm1-2-hr	ssp370	2053	299.12106	266.1468	1617.1898326835985
SQ2	mpi-esm1-2-hr	ssp370	2054	297.25787	265.27173	1238.236526108775
SQ2	mpi-esm1-2-hr	ssp370	2055	294.90778	261.12228	2203.71747007589
SQ2	mpi-esm1-2-hr	ssp370	2056	296.46332	265.2004	1184.7564874682478
SQ2	mpi-esm1-2-hr	ssp370	2057	296.23032	265.23132	1826.9375436356984
SQ2	mpi-esm1-2-hr	ssp370	2058	297.19165	265.87277	1076.1582847684622
SQ2	mpi-esm1-2-hr	ssp370	2059	296.81226	267.04416	1457.26033905517
SQ2	mpi-esm1-2-hr	ssp370	2060	298.4932	265.67847	928.9193674223459
SQ2	mpi-esm1-2-hr	ssp370	2061	297.65585	264.81436	1252.5441094999874
SQ2	mpi-esm1-2-hr	ssp370	2062	298.33273	265.53397	1618.2532459962688
SQ2	mpi-esm1-2-hr	ssp370	2063	297.17343	266.04880000000003	1095.7919095409911
SQ2	mpi-esm1-2-hr	ssp370	2064	297.7714	265.95798	1458.7522805202748
SQ2	mpi-esm1-2-hr	ssp370	2065	297.40103	267.85162	554.2431027512066
SQ2	mpi-esm1-2-hr	ssp370	2066	297.58557	264.8757	1152.2193295997438
SQ2	mpi-esm1-2-hr	ssp370	2067	298.27234	266.61615	1276.8471026793118
SQ2	mpi-esm1-2-hr	ssp370	2068	297.4414	266.07285	1665.5146541772347
SQ2	mpi-esm1-2-hr	ssp370	2069	297.15488	264.12564	1097.6150596048442
SQ2	mpi-esm1-2-hr	ssp370	2070	297.13025	265.4416	732.6836065098146
SQ2	mri-esm2-0	ssp245	2041	297.86395	261.93158	828.9591855369508
SQ2	mri-esm2-0	ssp245	2042	299.057	265.333	1371.29552797412
SQ2	mri-esm2-0	ssp245	2043	297.39365	266.2099	1240.3907527565025
SQ2	mri-esm2-0	ssp245	2044	297.40997	268.7629	857.244239130523
SQ2	mri-esm2-0	ssp245	2045	296.99615	265.82288	2436.094588623339
SQ2	mri-esm2-0	ssp245	2046	298.3813	266.71527	1877.5561916408606
SQ2	mri-esm2-0	ssp245	2047	296.24142	262.46793	2045.2606034930614
SQ2	mri-esm2-0	ssp245	2048	299.54532	262.70746	1135.2952993009028
SQ2	mri-esm2-0	ssp245	2049	297.76453	267.35175	688.6864105006578
SQ2	mri-esm2-0	ssp245	2050	297.26776	265.4155	1267.221000854572
SQ2	mri-esm2-0	ssp245	2051	296.62994	265.6789	1097.859767905898
SQ2	mri-esm2-0	ssp245	2052	298.33347	266.75204	1074.092821846692
SQ2	mri-esm2-0	ssp245	2053	297.6319	265.93726	1140.5565089138427
SQ2	mri-esm2-0	ssp245	2054	297.7987	266.3097	1603.1447802436742
SQ2	mri-esm2-0	ssp245	2055	298.4461	266.89978	779.686731949894
SQ2	mri-esm2-0	ssp245	2056	296.552	267.28894	863.0528273060918
SQ2	mri-esm2-0	ssp245	2057	298.66138	265.13974	1908.7094626155958
SQ2	mri-esm2-0	ssp245	2058	298.14536	265.91974	1243.3948701247546
SQ2	mri-esm2-0	ssp245	2059	297.54147	265.3234	1634.3958327458909
SQ2	mri-esm2-0	ssp245	2060	298.18472	265.76456	266.79870657389984
SQ2	mri-esm2-0	ssp245	2061	298.55368	267.01294	1197.9196746891582
SQ2	mri-esm2-0	ssp245	2062	297.78763	266.15112	1853.3471239730516
SQ2	mri-esm2-0	ssp245	2063	298.03912	264.40933	719.2955075763166
SQ2	mri-esm2-0	ssp245	2064	298.9041	265.2642	1818.9930615277087
SQ2	mri-esm2-0	ssp245	2065	296.72614	266.69684	1759.7056144382595
SQ2	mri-esm2-0	ssp245	2066	298.66	266.94363	1496.7277088435224
SQ2	mri-esm2-0	ssp245	2067	298.06955	264.11957	809.2739634972403
SQ2	mri-esm2-0	ssp245	2068	298.41873	266.73337	1064.0763446688443
SQ2	mri-esm2-0	ssp245	2069	299.41348	267.2053	824.1642859764374
SQ2	mri-esm2-0	ssp245	2070	298.60657	264.9365	2476.042284211087
SQ2	mri-esm2-0	ssp370	2041	296.82916	262.14273	1220.880425255733
SQ2	mri-esm2-0	ssp370	2042	299.48264	264.32486	1147.1713004400863
SQ2	mri-esm2-0	ssp370	2043	297.63654	266.066	758.2018790999427
SQ2	mri-esm2-0	ssp370	2044	296.92313	266.84628	1286.1842226236945
SQ2	mri-esm2-0	ssp370	2045	299.2425	266.78204	523.9818140573334
SQ2	mri-esm2-0	ssp370	2046	297.4875	265.16507	1734.248172776964
SQ2	mri-esm2-0	ssp370	2047	299.5235	266.8975	2106.545987687398
SQ2	mri-esm2-0	ssp370	2048	297.23184	264.31995	752.617190522122
SQ2	mri-esm2-0	ssp370	2049	299.74564	265.83005000000003	1612.470810301554
SQ2	mri-esm2-0	ssp370	2050	295.5307	265.40155	1995.9490799169882
SQ2	mri-esm2-0	ssp370	2051	299.46994	266.51242	2085.19900585521
SQ2	mri-esm2-0	ssp370	2052	297.00848	265.61487	973.1543008703738
SQ2	mri-esm2-0	ssp370	2053	297.54602	268.4476	783.6351008852774
SQ2	mri-esm2-0	ssp370	2054	296.26953	265.61252	1442.4951581284258
SQ2	mri-esm2-0	ssp370	2055	297.75272	262.5729	1461.2593794241286
SQ2	mri-esm2-0	ssp370	2056	297.58813	265.32257	1307.7938613714418
SQ2	mri-esm2-0	ssp370	2057	298.76978	266.7987	1532.0453591993519
SQ2	mri-esm2-0	ssp370	2058	299.62704	266.18793	1757.1564610639857
SQ2	mri-esm2-0	ssp370	2059	298.73074	264.28262	846.2817932478949
SQ2	mri-esm2-0	ssp370	2060	296.64288	264.23407	818.9980949275196
SQ2	mri-esm2-0	ssp370	2061	298.63156	265.6829	1917.0833616982732
SQ2	mri-esm2-0	ssp370	2062	295.9581	262.90253	989.1728608869016
SQ2	mri-esm2-0	ssp370	2063	298.9981	267.72348	575.9808007394895
SQ2	mri-esm2-0	ssp370	2064	298.91165	266.3961	1308.3042927832066
SQ2	mri-esm2-0	ssp370	2065	297.9392	267.29742	828.7184417713434
SQ2	mri-esm2-0	ssp370	2066	299.4499	265.46487	989.1518258722388
SQ2	mri-esm2-0	ssp370	2067	299.9543	264.84903	1133.7108002509904
SQ2	mri-esm2-0	ssp370	2068	298.62762	266.35904	725.1321941963317
SQ2	mri-esm2-0	ssp370	2069	298.00208	265.24783	1296.3422550586736
SQ2	mri-esm2-0	ssp370	2070	298.08127	264.538	1952.2344635333307
SQ3	access-cm2	ssp245	2041	299.19043	266.33362	1147.3312227520946
SQ3	access-cm2	ssp245	2042	299.54477	264.69553	1698.5806505195244
SQ3	access-cm2	ssp245	2043	300.36496	267.28668	1482.2030981769337
SQ3	access-cm2	ssp245	2044	298.70422	269.34402	489.2039856640622
SQ3	access-cm2	ssp245	2045	298.7597	266.27142	1214.3390052951738
SQ3	access-cm2	ssp245	2046	299.2908	267.43784	1638.8814725330733
SQ3	access-cm2	ssp245	2047	300.77542	268.57208	822.4873764440417
SQ3	access-cm2	ssp245	2048	299.5455	268.17773	933.8170613860711
SQ3	access-cm2	ssp245	2049	301.08682	265.1549	444.1719324386213
SQ3	access-cm2	ssp245	2050	299.3275	264.46823	906.9606320466833
SQ3	access-cm2	ssp245	2051	300.00165	268.91412	568.7197812949307
SQ3	access-cm2	ssp245	2052	301.6371	267.73422	1116.2210578098761
SQ3	access-cm2	ssp245	2053	300.7843	267.0348	903.3397825201966
SQ3	access-cm2	ssp245	2054	302.03177	269.27118	879.4607874937155
SQ3	access-cm2	ssp245	2055	300.4194	267.8833	1480.1798011525295
SQ3	access-cm2	ssp245	2056	300.49478	267.209	1537.9723407619085
SQ3	access-cm2	ssp245	2057	300.91687	267.30328	1264.5349014317471
SQ3	access-cm2	ssp245	2058	301.2576	266.18427	2294.1494422265905
SQ3	access-cm2	ssp245	2059	302.3415	266.54544	1533.7617547250861
SQ3	access-cm2	ssp245	2060	300.21307	267.8495	667.5721186562412
SQ3	access-cm2	ssp245	2061	301.87073	268.9966	819.508200319251
SQ3	access-cm2	ssp245	2062	298.63635	265.30417	1828.6191494436584
SQ3	access-cm2	ssp245	2063	300.70096	269.85687	612.7785888500512
SQ3	access-cm2	ssp245	2064	301.7597	268.0313	1159.3038447084712
SQ3	access-cm2	ssp245	2065	300.92398	267.45728	1700.5383533891154
SQ3	access-cm2	ssp245	2066	299.99506	268.30423	566.5125877247192
SQ3	access-cm2	ssp245	2067	301.24915	267.8678	441.11532363749575
SQ3	access-cm2	ssp245	2068	299.1936	264.10394	1736.690436769256
SQ3	access-cm2	ssp245	2069	299.71454	268.5908	2317.393558379201
SQ3	access-cm2	ssp245	2070	298.52264	267.63174	1391.2783417850594
SQ3	access-cm2	ssp370	2041	299.88156	265.93042	749.0905572543852
SQ3	access-cm2	ssp370	2042	298.69785	264.44205	1632.6582190347588
SQ3	access-cm2	ssp370	2043	298.8746	268.47867	761.8014614854266
SQ3	access-cm2	ssp370	2044	299.3889	267.50827	1040.8051535021293
SQ3	access-cm2	ssp370	2045	299.07846	266.90768	802.7108608628441
SQ3	access-cm2	ssp370	2046	299.11804	268.27216	1672.7545842295426
SQ3	access-cm2	ssp370	2047	300.00934	263.8091	1134.757056017402
SQ3	access-cm2	ssp370	2048	298.06363	265.8806	724.0366724057822
SQ3	access-cm2	ssp370	2049	299.44003	268.06778	1165.8178316428807
SQ3	access-cm2	ssp370	2050	302.1166	264.18912	1262.0047442265368
SQ3	access-cm2	ssp370	2051	299.62225	266.14957	1255.619758553782
SQ3	access-cm2	ssp370	2052	298.21674	268.58774	1487.464354466631
SQ3	access-cm2	ssp370	2053	301.17996	266.16235	810.7234217575646
SQ3	access-cm2	ssp370	2054	298.72592	267.75677	603.9989951765165
SQ3	access-cm2	ssp370	2055	300.28378	266.9939	1057.945874438152
SQ3	access-cm2	ssp370	2056	299.822	267.25827	722.9836287908079
SQ3	access-cm2	ssp370	2057	299.08228	266.73074	1297.2716247662756
SQ3	access-cm2	ssp370	2058	301.97504	267.34363	1953.4954326983898
SQ3	access-cm2	ssp370	2059	299.35434	267.09348	602.7543465199251
SQ3	access-cm2	ssp370	2060	299.1625	267.9809	1151.1009160195972
SQ3	access-cm2	ssp370	2061	299.6868	267.64334	2016.4075450971504
SQ3	access-cm2	ssp370	2062	300.0334	268.24512	1145.7137689925528
SQ3	access-cm2	ssp370	2063	297.71762	266.11978	960.059532453306
SQ3	access-cm2	ssp370	2064	298.93842	267.27408	1634.9199319607312
SQ3	access-cm2	ssp370	2065	302.67123	267.08395	1372.9483604896645
SQ3	access-cm2	ssp370	2066	300.49915	267.60645	565.6337082444225
SQ3	access-cm2	ssp370	2067	301.71692	266.04453	800.4714409442124
SQ3	access-cm2	ssp370	2068	299.53998	270.37442	832.0431703934316
SQ3	access-cm2	ssp370	2069	300.0592	266.7756	2745.2372219413037
SQ3	access-cm2	ssp370	2070	301.9287	268.5566	1058.6592623032566
SQ3	cnrm-esm2-1	ssp245	2041	299.5099	265.69562	1791.005086654296
SQ3	cnrm-esm2-1	ssp245	2042	298.94162	267.0382	891.1148909479301
SQ3	cnrm-esm2-1	ssp245	2043	297.91623	269.23306	798.9792963489782
SQ3	cnrm-esm2-1	ssp245	2044	298.21555	267.53372	917.1110037626697
SQ3	cnrm-esm2-1	ssp245	2045	298.7181	265.65216	1461.0165674239063
SQ3	cnrm-esm2-1	ssp245	2046	300.22476	266.60056	477.38246741937473
SQ3	cnrm-esm2-1	ssp245	2047	299.57367	265.90024	1573.750747740242
SQ3	cnrm-esm2-1	ssp245	2048	299.72275	266.58585	663.221684913151
SQ3	cnrm-esm2-1	ssp245	2049	297.43793	268.4109	1022.4009961355472
SQ3	cnrm-esm2-1	ssp245	2050	299.83463	268.4052	1077.944095536051
SQ3	cnrm-esm2-1	ssp245	2051	299.48465	267.83316	1175.929434254064
SQ3	cnrm-esm2-1	ssp245	2052	299.62234	266.76187	1742.8187661571262
SQ3	cnrm-esm2-1	ssp245	2053	299.25366	267.71252	1028.3448339672718
SQ3	cnrm-esm2-1	ssp245	2054	299.86044	264.5849	1737.4008096637704
SQ3	cnrm-esm2-1	ssp245	2055	301.3775	265.77524	1947.5357664282642
SQ3	cnrm-esm2-1	ssp245	2056	299.4547	265.2447	756.4947386490483
SQ3	cnrm-esm2-1	ssp245	2057	299.54056	265.12372	449.4590223301202
SQ3	cnrm-esm2-1	ssp245	2058	296.7303	267.95593	1261.190104883247
SQ3	cnrm-esm2-1	ssp245	2059	300.1416	269.59146	1605.7144083548048
SQ3	cnrm-esm2-1	ssp245	2060	300.32397	266.13745	1894.3096887669062
SQ3	cnrm-esm2-1	ssp245	2061	298.49664	268.39627	685.8504608797375
SQ3	cnrm-esm2-1	ssp245	2062	298.8369	263.6342	1327.5289899436355
SQ3	cnrm-esm2-1	ssp245	2063	299.2045	267.8948	983.7097448995297
SQ3	cnrm-esm2-1	ssp245	2064	300.77304	264.33856	1062.6843385398197
SQ3	cnrm-esm2-1	ssp245	2065	298.92593	267.5305	480.3731849533506
SQ3	cnrm-esm2-1	ssp245	2066	299.57587	268.56168	912.4241088749682
SQ3	cnrm-esm2-1	ssp245	2067	300.43573	267.4064	1501.5845154120777
SQ3	cnrm-esm2-1	ssp245	2068	300.5828	267.29962	1157.2945293271875
SQ3	cnrm-esm2-1	ssp245	2069	298.70203	268.0618	526.6502068145071
SQ3	cnrm-esm2-1	ssp245	2070	301.23837	270.49686	1203.2504810252942
SQ3	cnrm-esm2-1	ssp370	2041	300.0447	266.5199	820.773837156592
SQ3	cnrm-esm2-1	ssp370	2042	296.783	265.5772	904.5751604251509
SQ3	cnrm-esm2-1	ssp370	2043	298.33414	266.0173	1080.4899811860928
SQ3	cnrm-esm2-1	ssp370	2044	298.97296	267.48053	603.3839128911372
SQ3	cnrm-esm2-1	ssp370	2045	298.81635	265.1358	1424.6156949083863
SQ3	cnrm-esm2-1	ssp370	2046	297.8926	268.69403	863.6331095010894
SQ3	cnrm-esm2-1	ssp370	2047	298.3564	264.42685	1323.2670206925582
SQ3	cnrm-esm2-1	ssp370	2048	296.94003	266.33005000000003	1065.3625684557483
SQ3	cnrm-esm2-1	ssp370	2049	298.685	269.1812	1258.4125284337956
SQ3	cnrm-esm2-1	ssp370	2050	297.86673	267.95865	1298.38703877755
SQ3	cnrm-esm2-1	ssp370	2051	298.7603	267.54388	1608.8466446846533
SQ3	cnrm-esm2-1	ssp370	2052	298.08768	266.985	639.9769080569968
SQ3	cnrm-esm2-1	ssp370	2053	299.98734	268.37527	1760.202703624941
SQ3	cnrm-esm2-1	ssp370	2054	298.13358	268.90942	1438.1323717126988
SQ3	cnrm-esm2-1	ssp370	2055	300.08932	266.16187	1094.964006543133
SQ3	cnrm-esm2-1	ssp370	2056	300.17148	267.6749	1155.7248285272844
SQ3	cnrm-esm2-1	ssp370	2057	298.62616	263.99942	1275.1357020344067
SQ3	cnrm-esm2-1	ssp370	2058	298.8507	268.05463	692.2447952558165
SQ3	cnrm-esm2-1	ssp370	2059	298.64096	266.8946	774.7266194201054
SQ3	cnrm-esm2-1	ssp370	2060	298.91446	266.05414	2156.1427439969957
SQ3	cnrm-esm2-1	ssp370	2061	299.98016	267.4941	682.5079400965478
SQ3	cnrm-esm2-1	ssp370	2062	299.96918	267.5284	1246.504739345979
SQ3	cnrm-esm2-1	ssp370	2063	299.0981	269.3053	949.973140773347
SQ3	cnrm-esm2-1	ssp370	2064	300.48608	267.8916	1427.7634060650525
SQ3	cnrm-esm2-1	ssp370	2065	298.81506	269.38855	648.0917899869374
SQ3	cnrm-esm2-1	ssp370	2066	299.2955	264.9203	1438.9629170530907
SQ3	cnrm-esm2-1	ssp370	2067	300.8002	270.0447	889.3576224858035
SQ3	cnrm-esm2-1	ssp370	2068	299.92297	267.3817	917.4547166941754
SQ3	cnrm-esm2-1	ssp370	2069	299.44412	269.01898	854.3419662862785
SQ3	cnrm-esm2-1	ssp370	2070	300.64847	269.04034	515.8963504072744
SQ3	ec-earth3-veg	ssp245	2041	299.2556	267.30188	687.2116831596737
SQ3	ec-earth3-veg	ssp245	2042	299.1454	267.95816	1273.2069318182598
SQ3	ec-earth3-veg	ssp245	2043	296.83777	268.10004	1626.4591761398842
SQ3	ec-earth3-veg	ssp245	2044	298.21133	266.79343	1012.8819017205335
SQ3	ec-earth3-veg	ssp245	2045	299.379	267.4964	1127.3714235518055
SQ3	ec-earth3-veg	ssp245	2046	298.19803	267.46515	749.8146034427757
SQ3	ec-earth3-veg	ssp245	2047	298.8639	269.4589	831.2875034753233
SQ3	ec-earth3-veg	ssp245	2048	299.89627	267.95795	1425.9670643135823
SQ3	ec-earth3-veg	ssp245	2049	298.75858	266.39194	1529.9076954019085
SQ3	ec-earth3-veg	ssp245	2050	299.56943	266.76328	1302.4801508174164
SQ3	ec-earth3-veg	ssp245	2051	297.84286	269.09277	967.4483772832747
SQ3	ec-earth3-veg	ssp245	2052	299.31284	268.82758	1465.6771815876687
SQ3	ec-earth3-veg	ssp245	2053	297.97958	270.39545	746.7146696057011
SQ3	ec-earth3-veg	ssp245	2054	298.81186	265.60284	329.7088613791857
SQ3	ec-earth3-veg	ssp245	2055	298.4567	267.72385	322.75041601387784
SQ3	ec-earth3-veg	ssp245	2056	298.2551	269.00766	1337.3391528613845
SQ3	ec-earth3-veg	ssp245	2057	298.84143	266.4448	1210.7153067597933
SQ3	ec-earth3-veg	ssp245	2058	297.66702	267.97366	1031.453557801431
SQ3	ec-earth3-veg	ssp245	2059	298.6259	268.28317	452.7161196805537
SQ3	ec-earth3-veg	ssp245	2060	302.1926	267.5733	973.51292929377
SQ3	ec-earth3-veg	ssp245	2061	300.24344	262.07172	1761.4536970154884
SQ3	ec-earth3-veg	ssp245	2062	298.6554	267.2698	708.9342588325962
SQ3	ec-earth3-veg	ssp245	2063	297.74487	269.09238	849.3524144170773
SQ3	ec-earth3-veg	ssp245	2064	300.66153	267.1585	1735.195753478868
SQ3	ec-earth3-veg	ssp245	2065	301.07913	266.8443	642.6105024525867
SQ3	ec-earth3-veg	ssp245	2066	300.26822	267.63397	2634.0376748470358
SQ3	ec-earth3-veg	ssp245	2067	299.35403	267.68823	1578.4200231078794
SQ3	ec-earth3-veg	ssp245	2068	297.90762	267.7938	1210.2079725824296
SQ3	ec-earth3-veg	ssp245	2069	300.58865	268.78934	957.6076151803136
SQ3	ec-earth3-veg	ssp245	2070	300.41342	267.10678	1492.9893856344022
SQ3	ec-earth3-veg	ssp370	2041	299.75174	263.24448	884.5237755216488
SQ3	ec-earth3-veg	ssp370	2042	300.4167	262.26532	1730.9420395642258
SQ3	ec-earth3-veg	ssp370	2043	298.844	268.102	2100.756418704949
SQ3	ec-earth3-veg	ssp370	2044	299.77615	267.33	1243.9769238349622
SQ3	ec-earth3-veg	ssp370	2045	298.6645	262.99808	552.8031825728249
SQ3	ec-earth3-veg	ssp370	2046	299.41614	265.6866	866.3430514570682
SQ3	ec-earth3-veg	ssp370	2047	297.85922	262.7602	970.1176873873501
SQ3	ec-earth3-veg	ssp370	2048	297.9067	269.5388	1142.6313972333153
SQ3	ec-earth3-veg	ssp370	2049	298.8741	266.01398	1310.3624484501686
SQ3	ec-earth3-veg	ssp370	2050	298.9466	265.37567	1411.1054135224297
SQ3	ec-earth3-veg	ssp370	2051	298.2283	267.91718	301.4044919516891
SQ3	ec-earth3-veg	ssp370	2052	298.23346	266.59546	1782.1973187848303
SQ3	ec-earth3-veg	ssp370	2053	299.78723	266.84204	1857.8878569882147
SQ3	ec-earth3-veg	ssp370	2054	299.3925	265.09753	697.2313915612176
SQ3	ec-earth3-veg	ssp370	2055	299.12442	267.39288	1416.3787016412227
SQ3	ec-earth3-veg	ssp370	2056	296.54553	265.95834	989.9104524403547
SQ3	ec-earth3-veg	ssp370	2057	300.64346	265.5953	798.7419585697296
SQ3	ec-earth3-veg	ssp370	2058	297.61237	265.5125	1547.6132738403496
SQ3	ec-earth3-veg	ssp370	2059	298.9257	264.82782	1483.7484607589197
SQ3	ec-earth3-veg	ssp370	2060	300.17593	267.56778	1799.3028467288177
SQ3	ec-earth3-veg	ssp370	2061	299.7221	268.60974	1551.942143880293
SQ3	ec-earth3-veg	ssp370	2062	300.2946	267.14426	887.2088908042856
SQ3	ec-earth3-veg	ssp370	2063	299.09393	266.84885	1232.441019674257
SQ3	ec-earth3-veg	ssp370	2064	297.05634	268.20398	1464.0191021840872
SQ3	ec-earth3-veg	ssp370	2065	300.7586	267.9895	1350.6891219410948
SQ3	ec-earth3-veg	ssp370	2066	299.4141	268.81345	2012.6246509607645
SQ3	ec-earth3-veg	ssp370	2067	297.83386	268.29324	1732.365048467149
SQ3	ec-earth3-veg	ssp370	2068	300.8647	267.86026	1200.3891507396174
SQ3	ec-earth3-veg	ssp370	2069	299.69635	267.26138	729.4943349566786
SQ3	ec-earth3-veg	ssp370	2070	302.1426	268.9332	329.6683279098943
SQ3	miroc6	ssp245	2041	299.54868	265.3983	795.8467997610336
SQ3	miroc6	ssp245	2042	297.56464	268.54303	2035.03640735283
SQ3	miroc6	ssp245	2043	299.0658	266.50372	1205.5705099948595
SQ3	miroc6	ssp245	2044	296.71185	266.6951	1122.7639337070273
SQ3	miroc6	ssp245	2045	300.55344	265.6968	327.20103348547127
SQ3	miroc6	ssp245	2046	300.15063	266.5977	837.7946721506216
SQ3	miroc6	ssp245	2047	298.8679	267.46982	868.6121382051954
SQ3	miroc6	ssp245	2048	296.92752	267.915	2241.510935872763
SQ3	miroc6	ssp245	2049	297.11362	265.76453	1357.9452062258285
SQ3	miroc6	ssp245	2050	300.03326	264.15207	526.8074683961459
SQ3	miroc6	ssp245	2051	300.0655	268.0592	347.3073220811784
SQ3	miroc6	ssp245	2052	299.8262	266.07257	1735.2796084480108
SQ3	miroc6	ssp245	2053	299.35626	267.3095	1119.2677056882449
SQ3	miroc6	ssp245	2054	298.95367	266.58698	1068.2703702128479
SQ3	miroc6	ssp245	2055	301.68015	268.92188	825.7890873122694
SQ3	miroc6	ssp245	2056	298.90817	265.38113	1116.0311240935484
SQ3	miroc6	ssp245	2057	299.56213	267.17172	1484.967056102999
SQ3	miroc6	ssp245	2058	297.60672	267.44046	1511.412407155128
SQ3	miroc6	ssp245	2059	299.5946	267.83514	1094.963087781796
SQ3	miroc6	ssp245	2060	295.18597	267.45468	2747.3835465497746
SQ3	miroc6	ssp245	2061	297.326	267.27527	374.9039196234662
SQ3	miroc6	ssp245	2062	301.3443	265.3674	657.3463292210363
SQ3	miroc6	ssp245	2063	301.3016	263.3524	459.7936870297417
SQ3	miroc6	ssp245	2064	302.52356	269.15134	643.5133120045066
SQ3	miroc6	ssp245	2065	301.49414	267.2149	1070.9386339410935
SQ3	miroc6	ssp245	2066	299.67664	268.96878	947.8151366114502
SQ3	miroc6	ssp245	2067	301.4142	266.8352	250.66221475135535
SQ3	miroc6	ssp245	2068	301.5142	267.01175	620.4649067949504
SQ3	miroc6	ssp245	2069	303.09393	266.5975	999.1010008728806
SQ3	miroc6	ssp245	2070	302.436	268.14465	351.8747202353552
SQ3	miroc6	ssp370	2041	302.29718	265.26306	711.1457931809127
SQ3	miroc6	ssp370	2042	301.00742	267.03757	786.7503129411484
SQ3	miroc6	ssp370	2043	300.09985	267.50284	560.7616973225709
SQ3	miroc6	ssp370	2044	301.00964	262.25662	442.2692977299448
SQ3	miroc6	ssp370	2045	301.66235	269.10944	1244.3344188155484
SQ3	miroc6	ssp370	2046	300.23154	266.82565	1120.1999288051952
SQ3	miroc6	ssp370	2047	300.2942	267.69107	751.2756323441675
SQ3	miroc6	ssp370	2048	299.58273	267.96942	912.8722340217564
SQ3	miroc6	ssp370	2049	301.2437	266.50858	595.2882347395644
SQ3	miroc6	ssp370	2050	299.78372	267.21735	1425.1799374410953
SQ3	miroc6	ssp370	2051	299.14948	265.82864	1365.2065120171637
SQ3	miroc6	ssp370	2052	297.90002	268.03894	1410.0459074601279
SQ3	miroc6	ssp370	2053	300.0335	268.0135	763.0579764023423
SQ3	miroc6	ssp370	2054	302.82635	267.32172	1015.5324656981753
SQ3	miroc6	ssp370	2055	298.6165	266.88123	2175.3592646174707
SQ3	miroc6	ssp370	2056	297.52655	268.87576	1399.9393422418266
SQ3	miroc6	ssp370	2057	298.39883	268.39456	1070.277579012317
SQ3	miroc6	ssp370	2058	301.51852	268.30008	600.9752738988027
SQ3	miroc6	ssp370	2059	303.6993	264.57785	1010.6096310540887
SQ3	miroc6	ssp370	2060	301.07794	267.51	679.9884922525962
SQ3	miroc6	ssp370	2061	299.11224	268.86917	1691.4905279176166
SQ3	miroc6	ssp370	2062	300.95703	267.86404	273.8499215338379
SQ3	miroc6	ssp370	2063	302.538	264.8486	1158.2542920252226
SQ3	miroc6	ssp370	2064	301.84683	266.9378	1570.4387749079465
SQ3	miroc6	ssp370	2065	298.26678	266.25674	1017.1346352668231
SQ3	miroc6	ssp370	2066	301.13654	267.70187	472.0582278067013
SQ3	miroc6	ssp370	2067	302.58847	267.973	631.7082950816257
SQ3	miroc6	ssp370	2068	302.76462	265.51804	943.687152658822
SQ3	miroc6	ssp370	2069	302.1927	269.7633	879.6130413073059
SQ3	miroc6	ssp370	2070	301.21014	267.8336	630.4752807161844
SQ3	mpi-esm1-2-hr	ssp245	2041	296.45596	265.11685	1071.635526377922
SQ3	mpi-esm1-2-hr	ssp245	2042	297.57416	266.27185	1135.4642325779162
SQ3	mpi-esm1-2-hr	ssp245	2043	299.37933	267.10742	183.8183872634545
SQ3	mpi-esm1-2-hr	ssp245	2044	298.8153	265.3897	651.5226573130349
SQ3	mpi-esm1-2-hr	ssp245	2045	296.8792	265.18753	1026.2050264980298
SQ3	mpi-esm1-2-hr	ssp245	2046	296.68997	267.218	1282.3682144167599
SQ3	mpi-esm1-2-hr	ssp245	2047	297.90677	266.08353	1348.5206669079855
SQ3	mpi-esm1-2-hr	ssp245	2048	296.73843	267.59982	1677.0049903832326
SQ3	mpi-esm1-2-hr	ssp245	2049	300.31226	265.5529	527.1729842294008
SQ3	mpi-esm1-2-hr	ssp245	2050	300.89993	268.76584	449.5998579484876
SQ3	mpi-esm1-2-hr	ssp245	2051	296.9391	265.98825	1783.2144652492798
SQ3	mpi-esm1-2-hr	ssp245	2052	298.44836	267.08585	1439.276088634476
SQ3	mpi-esm1-2-hr	ssp245	2053	298.27878	265.77997	1730.3564849425863
SQ3	mpi-esm1-2-hr	ssp245	2054	298.29123	266.53073	840.2410859707743
SQ3	mpi-esm1-2-hr	ssp245	2055	297.2838	266.80536	439.84158053062856
SQ3	mpi-esm1-2-hr	ssp245	2056	298.80484	268.23898	521.5450430667261
SQ3	mpi-esm1-2-hr	ssp245	2057	298.50415	266.2041	777.4418490473058
SQ3	mpi-esm1-2-hr	ssp245	2058	298.7635	266.60553	1355.9514488093555
SQ3	mpi-esm1-2-hr	ssp245	2059	297.43054	269.81595	653.7163441011216
SQ3	mpi-esm1-2-hr	ssp245	2060	298.87555	264.3071	1060.8562152832715
SQ3	mpi-esm1-2-hr	ssp245	2061	298.94955	261.91705	1205.879031820197
SQ3	mpi-esm1-2-hr	ssp245	2062	297.9476	265.56537	1252.7123261242916
SQ3	mpi-esm1-2-hr	ssp245	2063	296.04324	262.77747	1240.3899741824657
SQ3	mpi-esm1-2-hr	ssp245	2064	297.71332	264.4835	875.1473913769378
SQ3	mpi-esm1-2-hr	ssp245	2065	298.33627	268.6887	1178.9915041531915
SQ3	mpi-esm1-2-hr	ssp245	2066	299.89258	267.02356	997.1395120024681
SQ3	mpi-esm1-2-hr	ssp245	2067	300.13254	267.6013	880.4530915687792
SQ3	mpi-esm1-2-hr	ssp245	2068	298.70285	268.2521	448.40129697695374
SQ3	mpi-esm1-2-hr	ssp245	2069	300.06094	263.51657	897.3067855462432
SQ3	mpi-esm1-2-hr	ssp245	2070	298.5085	267.91193	1281.1845775024144
SQ3	mpi-esm1-2-hr	ssp370	2041	300.82953	265.98892	1244.8205564170723
SQ3	mpi-esm1-2-hr	ssp370	2042	297.54675	265.20767	693.5287749452982
SQ3	mpi-esm1-2-hr	ssp370	2043	297.6393	262.67117	1315.288869501046
SQ3	mpi-esm1-2-hr	ssp370	2044	299.79446	265.5312	961.2424289050921
SQ3	mpi-esm1-2-hr	ssp370	2045	299.0964	266.2413	1024.1683987900615
SQ3	mpi-esm1-2-hr	ssp370	2046	300.03003	264.73367	811.4196860231314
SQ3	mpi-esm1-2-hr	ssp370	2047	297.78073	264.23685	1026.1419392918017
SQ3	mpi-esm1-2-hr	ssp370	2048	298.1622	265.22665	793.8689400907504
SQ3	mpi-esm1-2-hr	ssp370	2049	299.1539	265.90652	762.9504929529475
SQ3	mpi-esm1-2-hr	ssp370	2050	299.02997	267.99164	717.8971895598572
SQ3	mpi-esm1-2-hr	ssp370	2051	299.87918	267.70584	1085.5210847686603
SQ3	mpi-esm1-2-hr	ssp370	2052	298.42773	265.4557	1197.545716026748
SQ3	mpi-esm1-2-hr	ssp370	2053	300.6179	267.10965	1266.9000788940723
SQ3	mpi-esm1-2-hr	ssp370	2054	299.0112	266.4447	1036.0306507267453
SQ3	mpi-esm1-2-hr	ssp370	2055	296.2601	262.32358	1822.298916801782
SQ3	mpi-esm1-2-hr	ssp370	2056	298.1924	266.76166	916.0330806683984
SQ3	mpi-esm1-2-hr	ssp370	2057	297.76877	266.71814	1474.1493558394595
SQ3	mpi-esm1-2-hr	ssp370	2058	298.45956	266.9511	851.5751203754917
SQ3	mpi-esm1-2-hr	ssp370	2059	298.14243	267.97745	1124.2575989104669
SQ3	mpi-esm1-2-hr	ssp370	2060	299.7365	266.7181	754.4564045296072
SQ3	mpi-esm1-2-hr	ssp370	2061	298.9142	266.12958	999.9166200737662
SQ3	mpi-esm1-2-hr	ssp370	2062	299.72284	266.98962	1337.8424074617014
SQ3	mpi-esm1-2-hr	ssp370	2063	298.7529	266.96814	895.5412097275098
SQ3	mpi-esm1-2-hr	ssp370	2064	299.30054	267.3938	1148.7144038372169
SQ3	mpi-esm1-2-hr	ssp370	2065	299.06152	268.547	446.25942127313465
SQ3	mpi-esm1-2-hr	ssp370	2066	299.05634	266.38284	853.8593416189542
SQ3	mpi-esm1-2-hr	ssp370	2067	299.66165	267.90622	1109.68116262229
SQ3	mpi-esm1-2-hr	ssp370	2068	298.90253	267.12927	1363.1769785424608
SQ3	mpi-esm1-2-hr	ssp370	2069	298.54926	265.878	876.2186817402835
SQ3	mpi-esm1-2-hr	ssp370	2070	298.76984	266.9088	577.3194677894718
SQ3	mri-esm2-0	ssp245	2041	299.31567	263.24323	639.2062505241483
SQ3	mri-esm2-0	ssp245	2042	300.391	266.52426	1140.3035418188574
SQ3	mri-esm2-0	ssp245	2043	298.6836	266.90598	1040.414240816608
SQ3	mri-esm2-0	ssp245	2044	298.93436	269.66388	691.7588801938109
SQ3	mri-esm2-0	ssp245	2045	298.3943	266.79626	1874.6901556500127
SQ3	mri-esm2-0	ssp245	2046	299.8815	267.80618	1590.8090866170674
SQ3	mri-esm2-0	ssp245	2047	297.9685	263.79868	1694.9045608983906
SQ3	mri-esm2-0	ssp245	2048	300.9806	263.94907	874.6155440225076
SQ3	mri-esm2-0	ssp245	2049	299.21036	268.60092	552.8294433373837
SQ3	mri-esm2-0	ssp245	2050	298.67847	266.60422	1088.251148792885
SQ3	mri-esm2-0	ssp245	2051	297.9915	266.75842	928.2774156890652
SQ3	mri-esm2-0	ssp245	2052	299.88522	267.81207	916.6113994549738
SQ3	mri-esm2-0	ssp245	2053	299.2131	267.0886	1011.6621389868606
SQ3	mri-esm2-0	ssp245	2054	299.2531	267.484	1324.8455988708438
SQ3	mri-esm2-0	ssp245	2055	299.81003	268.07544	628.2612655078941
SQ3	mri-esm2-0	ssp245	2056	298.19852	267.961	758.9476260356605
SQ3	mri-esm2-0	ssp245	2057	300.05844	266.23187	1569.3423314485256
SQ3	mri-esm2-0	ssp245	2058	299.77478	267.00543	1013.5090611758617
SQ3	mri-esm2-0	ssp245	2059	299.04025	266.41925	1365.9457550150883
SQ3	mri-esm2-0	ssp245	2060	299.77988	267.0378	234.4190048519522
SQ3	mri-esm2-0	ssp245	2061	300.19986	267.99637	954.0902320761231
SQ3	mri-esm2-0	ssp245	2062	299.20398	267.29898	1418.0592918768157
SQ3	mri-esm2-0	ssp245	2063	299.68893	265.6229	571.8990096123889
SQ3	mri-esm2-0	ssp245	2064	300.25565	266.67508	1436.8610029108643
SQ3	mri-esm2-0	ssp245	2065	298.4207	267.79404	1509.9204782629267
SQ3	mri-esm2-0	ssp245	2066	300.15	268.38492	1231.888153846337
SQ3	mri-esm2-0	ssp245	2067	299.78137	265.42957	657.5855614151774
SQ3	mri-esm2-0	ssp245	2068	300.08105	267.6616	948.8578655742235
SQ3	mri-esm2-0	ssp245	2069	300.9633	267.94168	723.4083142073316
SQ3	mri-esm2-0	ssp245	2070	300.09995	266.2842	1962.9858731059107
SQ3	mri-esm2-0	ssp370	2041	298.3905	263.35526	1000.3222500322954
SQ3	mri-esm2-0	ssp370	2042	300.8223	265.24326	911.7626494145916
SQ3	mri-esm2-0	ssp370	2043	299.154	267.078	636.6715032840148
SQ3	mri-esm2-0	ssp370	2044	298.3104	267.88635	998.8765182089917
SQ3	mri-esm2-0	ssp370	2045	300.85287	268.00604	443.52538799867034
SQ3	mri-esm2-0	ssp370	2046	298.99707	266.31158	1456.3110847491616
SQ3	mri-esm2-0	ssp370	2047	300.91946	267.89136	1619.2805626429333
SQ3	mri-esm2-0	ssp370	2048	298.90756	265.31726	601.797826832626
SQ3	mri-esm2-0	ssp370	2049	301.30807	267.13925	1368.4378636185563
SQ3	mri-esm2-0	ssp370	2050	296.82953	266.50882	1650.6548970937479
SQ3	mri-esm2-0	ssp370	2051	301.02777	267.72916	1780.6113185360678
SQ3	mri-esm2-0	ssp370	2052	298.59766	266.76392	733.4086303948425
SQ3	mri-esm2-0	ssp370	2053	299.1656	269.53186	663.5139754973318
SQ3	mri-esm2-0	ssp370	2054	297.861	266.9562	1174.8241182882227
SQ3	mri-esm2-0	ssp370	2055	299.55093	263.9973	1164.6136859664643
SQ3	mri-esm2-0	ssp370	2056	299.2684	266.44427	1089.3075539962906
SQ3	mri-esm2-0	ssp370	2057	300.50098	268.0768	1307.0820661727287
SQ3	mri-esm2-0	ssp370	2058	301.16425	267.21634	1521.5114436694084
SQ3	mri-esm2-0	ssp370	2059	300.3789	265.0561	715.740041452218
SQ3	mri-esm2-0	ssp370	2060	298.24667	265.19067	691.3513779407367
SQ3	mri-esm2-0	ssp370	2061	300.4607	266.92172	1564.9464402347471
SQ3	mri-esm2-0	ssp370	2062	297.44568	263.8029	760.6251466087997
SQ3	mri-esm2-0	ssp370	2063	300.53516	269.02682	438.2617051480338
SQ3	mri-esm2-0	ssp370	2064	300.65842	267.31863	1083.2633219193453
SQ3	mri-esm2-0	ssp370	2065	299.57303	268.44708	656.0872656293213
SQ3	mri-esm2-0	ssp370	2066	300.8404	266.59247	913.7725481763282
SQ3	mri-esm2-0	ssp370	2067	301.33658	265.96378	997.4266609176806
SQ3	mri-esm2-0	ssp370	2068	300.40884	267.27844	575.2482509007544
SQ3	mri-esm2-0	ssp370	2069	299.6903	266.26205	1141.8361377669307
SQ3	mri-esm2-0	ssp370	2070	299.4961	265.5651	1612.7266917843153
TM2	access-cm2	ssp245	2041	310.1793	277.79880000000003	1058.8682765839449
TM2	access-cm2	ssp245	2042	310.7882	274.06638	705.5532365106046
TM2	access-cm2	ssp245	2043	311.93286	277.93317	1467.406902532076
TM2	access-cm2	ssp245	2044	310.6	278.53226	676.0993806354236
TM2	access-cm2	ssp245	2045	310.19846	278.63455	1191.2368072051202
TM2	access-cm2	ssp245	2046	309.55856	276.8421	989.5900420378894
TM2	access-cm2	ssp245	2047	312.55548	278.88214	1033.640958790757
TM2	access-cm2	ssp245	2048	311.10696	278.0405	798.2090241741389
TM2	access-cm2	ssp245	2049	313.7054	274.1604	554.3483001412824
TM2	access-cm2	ssp245	2050	310.555	274.94592	1136.5607609040871
TM2	access-cm2	ssp245	2051	311.28635	278.10736000000003	546.8629523646086
TM2	access-cm2	ssp245	2052	313.8285	277.33682	844.4637832813896
TM2	access-cm2	ssp245	2053	312.25842	277.89896	865.1995416730642
TM2	access-cm2	ssp245	2054	314.70987	279.00104	435.3857509820861
TM2	access-cm2	ssp245	2055	312.02042	277.89844	786.6360299347191
TM2	access-cm2	ssp245	2056	312.66104	276.7008	1329.3472446093556
TM2	access-cm2	ssp245	2057	313.07556	276.6749	1012.52026429864
TM2	access-cm2	ssp245	2058	311.8858	278.8248	1829.9462400376601
TM2	access-cm2	ssp245	2059	315.82526	278.33658	1628.1561632640405
TM2	access-cm2	ssp245	2060	312.39807	277.97598	789.4739346345441
TM2	access-cm2	ssp245	2061	313.45615	277.64154	718.4357305057347
TM2	access-cm2	ssp245	2062	309.32498	275.85922	1168.2931866030817
TM2	access-cm2	ssp245	2063	311.5463	278.76068	956.8705680314451
TM2	access-cm2	ssp245	2064	313.2299	278.5843	1156.9808141269943
TM2	access-cm2	ssp245	2065	312.49554	277.51938	1181.7635998595283
TM2	access-cm2	ssp245	2066	312.72498	277.9314	662.3208970762789
TM2	access-cm2	ssp245	2067	312.9928	275.1816	504.97328066267073
TM2	access-cm2	ssp245	2068	311.91263	276.61493	937.8506375010891
TM2	access-cm2	ssp245	2069	311.6746	278.21423	1204.8546936435441
TM2	access-cm2	ssp245	2070	310.1829	279.15762	1346.1132792290164
TM2	access-cm2	ssp370	2041	310.821	277.4508	719.1923770064022
TM2	access-cm2	ssp370	2042	311.07825	278.21274	1103.4785254625137
TM2	access-cm2	ssp370	2043	310.73474	278.0447	754.2426487896516
TM2	access-cm2	ssp370	2044	311.70355	277.94333	1034.7198855131735
TM2	access-cm2	ssp370	2045	310.42508	278.62622	879.3959027621772
TM2	access-cm2	ssp370	2046	310.4319	278.10815	1336.8313437443894
TM2	access-cm2	ssp370	2047	311.88458	273.33093	923.9411468384787
TM2	access-cm2	ssp370	2048	310.39368	276.0799	703.1137361889705
TM2	access-cm2	ssp370	2049	311.3107	278.9099	1346.0434219334247
TM2	access-cm2	ssp370	2050	313.81888	273.98462	830.3643255843683
TM2	access-cm2	ssp370	2051	310.55582	276.04486000000003	893.0996823473713
TM2	access-cm2	ssp370	2052	310.04837	279.41144	1449.405666184609
TM2	access-cm2	ssp370	2053	312.87787	277.34756	823.9362621679902
TM2	access-cm2	ssp370	2054	310.73434	277.44144	605.874670403864
TM2	access-cm2	ssp370	2055	312.273	277.17175	690.7502574962417
TM2	access-cm2	ssp370	2056	310.52344	276.4692	529.9310907488689
TM2	access-cm2	ssp370	2057	311.356	276.92148	879.6874647494406
TM2	access-cm2	ssp370	2058	313.5605	277.4653	1151.2491267174214
TM2	access-cm2	ssp370	2059	311.67227	278.24014	722.7302298182622
TM2	access-cm2	ssp370	2060	310.86166	278.76266	875.0602708838389
TM2	access-cm2	ssp370	2061	310.93948	278.92206	1483.8496656389518
TM2	access-cm2	ssp370	2062	311.4085	279.42697	1108.3942929049865
TM2	access-cm2	ssp370	2063	308.85904	277.21115	814.8831736994907
TM2	access-cm2	ssp370	2064	309.7001	278.14703	2012.640798278062
TM2	access-cm2	ssp370	2065	315.25528	278.94623	1145.8066547289259
TM2	access-cm2	ssp370	2066	312.66815	276.74124	993.3096436376218
TM2	access-cm2	ssp370	2067	313.45074	276.71738	521.1023837327957
TM2	access-cm2	ssp370	2068	310.8982	279.46524	1097.1581334204507
TM2	access-cm2	ssp370	2069	311.61166	278.33316	1632.661845046062
TM2	access-cm2	ssp370	2070	313.44904	278.96713	902.9864313953744
TM2	cnrm-esm2-1	ssp245	2041	311.76917	276.2624	1361.2942397477843
TM2	cnrm-esm2-1	ssp245	2042	311.3801	276.84308	1181.0308365966034
TM2	cnrm-esm2-1	ssp245	2043	309.61374	276.55075	1009.8357268958214
TM2	cnrm-esm2-1	ssp245	2044	310.82745	277.00085	731.3247323676478
TM2	cnrm-esm2-1	ssp245	2045	309.66824	276.81512	1177.4915129179058
TM2	cnrm-esm2-1	ssp245	2046	311.8707	278.16846	836.1586637649131
TM2	cnrm-esm2-1	ssp245	2047	311.87592	276.87045	1410.5583677475681
TM2	cnrm-esm2-1	ssp245	2048	310.8261	277.14102	722.8135803015903
TM2	cnrm-esm2-1	ssp245	2049	309.57202	278.1711	1099.6647469335346
TM2	cnrm-esm2-1	ssp245	2050	311.81937	277.45862	864.4235551357009
TM2	cnrm-esm2-1	ssp245	2051	311.19055	278.3817	881.7951906938013
TM2	cnrm-esm2-1	ssp245	2052	310.1293	277.8559	1244.5578591897843
TM2	cnrm-esm2-1	ssp245	2053	309.47867	275.82523	730.9984307968989
TM2	cnrm-esm2-1	ssp245	2054	311.1235	275.23547	1369.5398237323084
TM2	cnrm-esm2-1	ssp245	2055	313.56778	277.64557	1392.5304472446098
TM2	cnrm-esm2-1	ssp245	2056	311.6284	276.52664	823.529607344963
TM2	cnrm-esm2-1	ssp245	2057	309.99066	276.47348	626.9925833679736
TM2	cnrm-esm2-1	ssp245	2058	308.55402	276.48767	1209.9179136799607
TM2	cnrm-esm2-1	ssp245	2059	310.2998	279.71536	1658.7600089922234
TM2	cnrm-esm2-1	ssp245	2060	311.45975	275.8489	1418.033073191999
TM2	cnrm-esm2-1	ssp245	2061	311.24106	278.89627	1200.6401424819833
TM2	cnrm-esm2-1	ssp245	2062	310.28143	275.69534	838.3198368363073
TM2	cnrm-esm2-1	ssp245	2063	311.9979	277.93048	1241.6864496393537
TM2	cnrm-esm2-1	ssp245	2064	310.6891	276.30954	1100.4288248950443
TM2	cnrm-esm2-1	ssp245	2065	310.48434	276.5513	536.8239416842698
TM2	cnrm-esm2-1	ssp245	2066	311.1807	279.7264	1166.289057524395
TM2	cnrm-esm2-1	ssp245	2067	311.5041	276.28992	1090.152567942255
TM2	cnrm-esm2-1	ssp245	2068	311.65515	276.31018	940.3110427083204
TM2	cnrm-esm2-1	ssp245	2069	310.34494	277.7677	595.4895946662873
TM2	cnrm-esm2-1	ssp245	2070	312.16663	278.56085	981.6955565940589
TM2	cnrm-esm2-1	ssp370	2041	311.65265	276.81674	971.9096053013078
TM2	cnrm-esm2-1	ssp370	2042	307.98978	276.57135	908.311198046431
TM2	cnrm-esm2-1	ssp370	2043	308.9739	276.10364	1061.1090126447116
TM2	cnrm-esm2-1	ssp370	2044	311.1563	277.5437	813.6434348998363
TM2	cnrm-esm2-1	ssp370	2045	311.48474	274.88138	1388.6680398601866
TM2	cnrm-esm2-1	ssp370	2046	309.0635	277.94904	849.6921220299555
TM2	cnrm-esm2-1	ssp370	2047	309.41327	273.59445	801.9443781464361
TM2	cnrm-esm2-1	ssp370	2048	308.52667	276.7465	1293.5110549907542
TM2	cnrm-esm2-1	ssp370	2049	310.74127	278.80655	1011.8999781086923
TM2	cnrm-esm2-1	ssp370	2050	309.24792	277.617	1246.6610183589673
TM2	cnrm-esm2-1	ssp370	2051	311.25348	277.64426	1203.9529570668778
TM2	cnrm-esm2-1	ssp370	2052	309.94022	276.88574	992.9412060300742
TM2	cnrm-esm2-1	ssp370	2053	311.09665	279.3227	1308.5445214644533
TM2	cnrm-esm2-1	ssp370	2054	309.32498	278.4974	1002.3039648542122
TM2	cnrm-esm2-1	ssp370	2055	312.64972	276.3085	1120.1559671899106
TM2	cnrm-esm2-1	ssp370	2056	311.8815	277.6689	900.1819419645294
TM2	cnrm-esm2-1	ssp370	2057	310.92755	275.61887	1129.0344905282836
TM2	cnrm-esm2-1	ssp370	2058	311.91214	278.2625	706.1415895353875
TM2	cnrm-esm2-1	ssp370	2059	310.36038	277.71518	808.9308105292597
TM2	cnrm-esm2-1	ssp370	2060	310.97147	277.50433	1257.7671059639802
TM2	cnrm-esm2-1	ssp370	2061	311.3402	277.15698	1106.4252182811979
TM2	cnrm-esm2-1	ssp370	2062	311.93433	278.06897	714.5229568937764
TM2	cnrm-esm2-1	ssp370	2063	311.28998	276.94034	1047.1186697250203
TM2	cnrm-esm2-1	ssp370	2064	311.77325	276.04968	1175.4049283859674
TM2	cnrm-esm2-1	ssp370	2065	311.42218	278.81427	435.2665813785279
TM2	cnrm-esm2-1	ssp370	2066	312.89755	276.77844	1090.0350627489247
TM2	cnrm-esm2-1	ssp370	2067	311.91318	279.43372	985.2132867090404
TM2	cnrm-esm2-1	ssp370	2068	311.59775	278.0844	1118.9104540316794
TM2	cnrm-esm2-1	ssp370	2069	310.5844	280.2941	1645.1445970684176
TM2	cnrm-esm2-1	ssp370	2070	311.80734	277.89343	479.6411707182415
TM2	ec-earth3-veg	ssp245	2041	310.30487	275.46185	703.7825419683884
TM2	ec-earth3-veg	ssp245	2042	310.79947	278.954	1288.4135884232562
TM2	ec-earth3-veg	ssp245	2043	309.0736	278.67496	1226.5463948249298
TM2	ec-earth3-veg	ssp245	2044	310.05118	276.6758	1066.0913725267164
TM2	ec-earth3-veg	ssp245	2045	310.1162	276.92966	920.6963868374967
TM2	ec-earth3-veg	ssp245	2046	310.49258	277.03223	829.3019133852612
TM2	ec-earth3-veg	ssp245	2047	310.8565	278.23685	697.9551147843996
TM2	ec-earth3-veg	ssp245	2048	311.6942	278.89554	1217.050818936666
TM2	ec-earth3-veg	ssp245	2049	310.22452	278.69785	919.0173577575479
TM2	ec-earth3-veg	ssp245	2050	312.34256	276.61923	1188.581933881485
TM2	ec-earth3-veg	ssp245	2051	309.37982	279.23477	1333.152594492998
TM2	ec-earth3-veg	ssp245	2052	310.55408	279.48978	1063.1836983840913
TM2	ec-earth3-veg	ssp245	2053	309.05667	279.33414	901.0624456219323
TM2	ec-earth3-veg	ssp245	2054	311.32254	276.9418	439.45831559831277
TM2	ec-earth3-veg	ssp245	2055	310.2218	277.87982	485.37252211826853
TM2	ec-earth3-veg	ssp245	2056	310.44305	279.0605	1120.256414712631
TM2	ec-earth3-veg	ssp245	2057	309.91785	277.61398	969.2569897873909
TM2	ec-earth3-veg	ssp245	2058	309.50934	277.55777	875.4074757489275
TM2	ec-earth3-veg	ssp245	2059	310.77924	278.82782	832.8546104952693
TM2	ec-earth3-veg	ssp245	2060	313.22995	278.16647	773.3101548452396
TM2	ec-earth3-veg	ssp245	2061	311.99744	274.8311	1173.7539671826692
TM2	ec-earth3-veg	ssp245	2062	310.3811	277.74692	567.7397429040866
TM2	ec-earth3-veg	ssp245	2063	309.68793	278.5076	848.5792204679242
TM2	ec-earth3-veg	ssp245	2064	312.5458	278.0681	1395.9025096002595
TM2	ec-earth3-veg	ssp245	2065	311.58463	278.324	665.5383685603738
TM2	ec-earth3-veg	ssp245	2066	312.21295	279.7511	1745.2092647202949
TM2	ec-earth3-veg	ssp245	2067	309.70706	278.95715	1353.507248754589
TM2	ec-earth3-veg	ssp245	2068	309.05576	278.55072	865.7954849302769
TM2	ec-earth3-veg	ssp245	2069	311.334	278.99835	755.3071770002134
TM2	ec-earth3-veg	ssp245	2070	310.46375	278.11588	1183.3669020852321
TM2	ec-earth3-veg	ssp370	2041	310.5589	273.074	873.7265279923989
TM2	ec-earth3-veg	ssp370	2042	312.15103	271.42523	1098.9052784163227
TM2	ec-earth3-veg	ssp370	2043	309.47382	279.3	1681.766432870008
TM2	ec-earth3-veg	ssp370	2044	310.67453	278.1862	1360.6744420132068
TM2	ec-earth3-veg	ssp370	2045	310.98035	274.5164	626.0776127222925
TM2	ec-earth3-veg	ssp370	2046	310.67505	275.60828	800.8794142864404
TM2	ec-earth3-veg	ssp370	2047	308.30594	271.9216	770.2451730728851
TM2	ec-earth3-veg	ssp370	2048	309.13742	279.6467	1115.6466760555713
TM2	ec-earth3-veg	ssp370	2049	309.63776	275.50623	943.2613749755396
TM2	ec-earth3-veg	ssp370	2050	310.9637	276.93243	1022.4004132658391
TM2	ec-earth3-veg	ssp370	2051	310.0407	274.92047	398.9399180165492
TM2	ec-earth3-veg	ssp370	2052	308.52155	279.64017	1558.4956248232293
TM2	ec-earth3-veg	ssp370	2053	311.70486	278.71243	1301.9915171898801
TM2	ec-earth3-veg	ssp370	2054	311.15714	277.93555	961.2555416067686
TM2	ec-earth3-veg	ssp370	2055	310.25952	278.112	1385.061746084797
TM2	ec-earth3-veg	ssp370	2056	308.0646	275.7812	969.9704681180999
TM2	ec-earth3-veg	ssp370	2057	312.71063	275.71603	543.2632921845652
TM2	ec-earth3-veg	ssp370	2058	310.95807	275.52698	1099.3959550148875
TM2	ec-earth3-veg	ssp370	2059	311.84808	274.90552	1360.602862236537
TM2	ec-earth3-veg	ssp370	2060	310.99054	279.12634	1576.0490831525958
TM2	ec-earth3-veg	ssp370	2061	310.9455	279.82492	1549.204738251855
TM2	ec-earth3-veg	ssp370	2062	312.13962	278.48483	708.6605672724545
TM2	ec-earth3-veg	ssp370	2063	309.2309	278.60263	955.251937531279
TM2	ec-earth3-veg	ssp370	2064	309.76434	279.9932	876.9227144191952
TM2	ec-earth3-veg	ssp370	2065	312.95178	277.9651	917.6435717381537
TM2	ec-earth3-veg	ssp370	2066	310.23108	279.31012	1310.350822645686
TM2	ec-earth3-veg	ssp370	2067	309.63712	280.39908	1171.0831301053727
TM2	ec-earth3-veg	ssp370	2068	311.77115	278.88412	993.4086594264943
TM2	ec-earth3-veg	ssp370	2069	312.69427	277.82422	793.5834269039333
TM2	ec-earth3-veg	ssp370	2070	314.62518	278.78568	605.5576857703272
TM2	miroc6	ssp245	2041	309.85843	275.4751	779.1471342556179
TM2	miroc6	ssp245	2042	308.85724	278.90488	1211.563978463483
TM2	miroc6	ssp245	2043	308.84857	276.79022	1152.696129970708
TM2	miroc6	ssp245	2044	310.7653	278.27936	1466.304718307184
TM2	miroc6	ssp245	2045	311.91882	277.1009	495.1524597359821
TM2	miroc6	ssp245	2046	311.3309	275.8324	931.0279954690279
TM2	miroc6	ssp245	2047	308.8224	278.13086	906.7244157660432
TM2	miroc6	ssp245	2048	309.72012	277.44418	1504.653797572204
TM2	miroc6	ssp245	2049	308.55493	275.27954	882.1274604415456
TM2	miroc6	ssp245	2050	309.81335	276.1356	629.7890729270875
TM2	miroc6	ssp245	2051	309.39047	276.4358	592.8240490320604
TM2	miroc6	ssp245	2052	309.7828	276.76917	1361.9501250329863
TM2	miroc6	ssp245	2053	310.4154	278.1511	978.6289803480031
TM2	miroc6	ssp245	2054	309.9413	277.395	803.0851946677908
TM2	miroc6	ssp245	2055	310.42178	278.78653	1242.8444071265362
TM2	miroc6	ssp245	2056	309.61053	276.90958	1037.2629434103146
TM2	miroc6	ssp245	2057	311.2307	276.2144	940.3128594072664
TM2	miroc6	ssp245	2058	310.5412	275.8308	1069.721072399967
TM2	miroc6	ssp245	2059	309.89172	276.60193	992.0020697682048
TM2	miroc6	ssp245	2060	308.01422	278.75943	1987.0032896054524
TM2	miroc6	ssp245	2061	310.74057	275.2137	423.50114065920934
TM2	miroc6	ssp245	2062	312.17908	275.85696	541.1772773601115
TM2	miroc6	ssp245	2063	311.68546	273.88312	657.4269183911383
TM2	miroc6	ssp245	2064	311.13098	278.01758	689.6121921119629
TM2	miroc6	ssp245	2065	311.09164	277.22507	1177.8101979710946
TM2	miroc6	ssp245	2066	308.14764	276.91177	1373.506000544844
TM2	miroc6	ssp245	2067	311.14474	275.60776	399.9476819881238
TM2	miroc6	ssp245	2068	311.8687	276.25757	517.9157646198291
TM2	miroc6	ssp245	2069	312.6972	276.6645	963.89212142676
TM2	miroc6	ssp245	2070	311.31372	277.14392	614.3893843400292
TM2	miroc6	ssp370	2041	313.175	275.79102	540.9793787403032
TM2	miroc6	ssp370	2042	310.00195	276.77097	793.0533544043911
TM2	miroc6	ssp370	2043	310.69342	276.64508	541.5458179078773
TM2	miroc6	ssp370	2044	312.8294	271.97888	521.8721743673086
TM2	miroc6	ssp370	2045	310.1907	278.12665	1334.3938132747855
TM2	miroc6	ssp370	2046	309.00162	277.81674	960.6095159542605
TM2	miroc6	ssp370	2047	310.432	276.62042	621.1693286430091
TM2	miroc6	ssp370	2048	309.95776	278.3125	937.1770003664833
TM2	miroc6	ssp370	2049	309.7298	278.8539	844.3391117179822
TM2	miroc6	ssp370	2050	310.33676	276.83337	1238.359464347001
TM2	miroc6	ssp370	2051	309.79266	277.02243	1306.4584065679596
TM2	miroc6	ssp370	2052	308.89856	278.87323	1275.2197176218024
TM2	miroc6	ssp370	2053	310.92133	277.72443	911.5792916156352
TM2	miroc6	ssp370	2054	312.23785	278.7966	895.3124441206211
TM2	miroc6	ssp370	2055	310.89197	278.34378	1491.0585834877184
TM2	miroc6	ssp370	2056	310.18158	278.04227	1274.2262632876882
TM2	miroc6	ssp370	2057	311.2757	276.5816	940.4371672222458
TM2	miroc6	ssp370	2058	312.41364	275.8078	506.97658574790694
TM2	miroc6	ssp370	2059	312.5583	274.06808	738.2580807432532
TM2	miroc6	ssp370	2060	310.93958	277.72757	629.3521232408092
TM2	miroc6	ssp370	2061	310.22116	278.99286	960.166970640395
TM2	miroc6	ssp370	2062	311.8677	277.7667	487.79139211401343
TM2	miroc6	ssp370	2063	309.63287	275.5158	1107.8810265403783
TM2	miroc6	ssp370	2064	311.4186	276.10492	1068.2264134695151
TM2	miroc6	ssp370	2065	311.33084	276.17712	1036.3277386408245
TM2	miroc6	ssp370	2066	312.17148	276.29715	695.2584246173501
TM2	miroc6	ssp370	2067	312.614	276.95377	754.5786820643116
TM2	miroc6	ssp370	2068	310.6404	275.23767	938.4644486708492
TM2	miroc6	ssp370	2069	310.11407	279.05432	891.8434426188469
TM2	miroc6	ssp370	2070	310.3145	279.23608	684.249135106802
TM2	mpi-esm1-2-hr	ssp245	2041	307.01712	277.08862	1005.4120930493809
TM2	mpi-esm1-2-hr	ssp245	2042	308.13068	273.31744	879.1510250419292
TM2	mpi-esm1-2-hr	ssp245	2043	313.5897	275.70023	408.94362840335816
TM2	mpi-esm1-2-hr	ssp245	2044	310.66733	276.63455	687.402456664131
TM2	mpi-esm1-2-hr	ssp245	2045	308.7506	276.7573	1042.2695440705622
TM2	mpi-esm1-2-hr	ssp245	2046	307.9277	277.71912	893.9211709890443
TM2	mpi-esm1-2-hr	ssp245	2047	308.38058	275.76083	681.7495341820177
TM2	mpi-esm1-2-hr	ssp245	2048	310.07715	278.14026	1307.9757560044357
TM2	mpi-esm1-2-hr	ssp245	2049	311.21198	273.70276	645.2987145865336
TM2	mpi-esm1-2-hr	ssp245	2050	313.0917	276.98022	512.9975286545232
TM2	mpi-esm1-2-hr	ssp245	2051	309.7108	275.96152	1076.6960232518522
TM2	mpi-esm1-2-hr	ssp245	2052	310.19904	278.02084	963.035700051101
TM2	mpi-esm1-2-hr	ssp245	2053	310.63788	277.8761	1291.0957882180755
TM2	mpi-esm1-2-hr	ssp245	2054	310.9519	275.7992	727.9531841631979
TM2	mpi-esm1-2-hr	ssp245	2055	307.848	277.7938	563.1411915732315
TM2	mpi-esm1-2-hr	ssp245	2056	311.95456	278.3782	444.0740573219955
TM2	mpi-esm1-2-hr	ssp245	2057	309.28122	276.0831	707.7307329978794
TM2	mpi-esm1-2-hr	ssp245	2058	310.73962	276.00345	1032.5956451240927
TM2	mpi-esm1-2-hr	ssp245	2059	308.92413	279.20428	665.8685091737425
TM2	mpi-esm1-2-hr	ssp245	2060	310.12128	275.10135	979.8696768062655
TM2	mpi-esm1-2-hr	ssp245	2061	310.54575	273.52795	863.3562036906369
TM2	mpi-esm1-2-hr	ssp245	2062	310.2684	274.237	896.643766737543
TM2	mpi-esm1-2-hr	ssp245	2063	307.93246	273.52496	1293.184307987375
TM2	mpi-esm1-2-hr	ssp245	2064	310.035	274.40704	692.1571832033806
TM2	mpi-esm1-2-hr	ssp245	2065	311.19308	278.72208	769.1721115086693
TM2	mpi-esm1-2-hr	ssp245	2066	311.278	277.9268	1134.2767987400093
TM2	mpi-esm1-2-hr	ssp245	2067	311.422	279.13287	1031.959873577576
TM2	mpi-esm1-2-hr	ssp245	2068	309.6617	279.27896	555.4311820087605
TM2	mpi-esm1-2-hr	ssp245	2069	312.55865	274.19336	892.3122831154467
TM2	mpi-esm1-2-hr	ssp245	2070	309.60376	278.9196	907.3413068923156
TM2	mpi-esm1-2-hr	ssp370	2041	313.26035	276.62708	808.643041772294
TM2	mpi-esm1-2-hr	ssp370	2042	308.8631	276.69296	910.01579426229
TM2	mpi-esm1-2-hr	ssp370	2043	309.93872	273.4906	925.8010229183101
TM2	mpi-esm1-2-hr	ssp370	2044	311.34515	276.78937	705.9836078435183
TM2	mpi-esm1-2-hr	ssp370	2045	309.26508	277.5315	968.4654923155722
TM2	mpi-esm1-2-hr	ssp370	2046	310.2716	277.10754	1053.1767056963645
TM2	mpi-esm1-2-hr	ssp370	2047	307.62817	277.31345	880.2884252043352
TM2	mpi-esm1-2-hr	ssp370	2048	308.7668	274.5185	615.2988479967462
TM2	mpi-esm1-2-hr	ssp370	2049	310.8773	274.66202	622.4901787005365
TM2	mpi-esm1-2-hr	ssp370	2050	309.2133	277.93304	879.9874442629484
TM2	mpi-esm1-2-hr	ssp370	2051	311.74542	278.26782	709.7350417898269
TM2	mpi-esm1-2-hr	ssp370	2052	309.51917	276.78192	1240.515194786677
TM2	mpi-esm1-2-hr	ssp370	2053	313.09906	278.91425	1312.321904565018
TM2	mpi-esm1-2-hr	ssp370	2054	311.97284	277.85898	999.6635892894119
TM2	mpi-esm1-2-hr	ssp370	2055	307.87433	274.44427	964.2560872627562
TM2	mpi-esm1-2-hr	ssp370	2056	309.72076	276.93405	663.0007741972804
TM2	mpi-esm1-2-hr	ssp370	2057	308.76337	277.10178	1255.89154080806
TM2	mpi-esm1-2-hr	ssp370	2058	308.32278	278.2105	1093.1639949325322
TM2	mpi-esm1-2-hr	ssp370	2059	307.94922	279.14365	1114.0560744563077
TM2	mpi-esm1-2-hr	ssp370	2060	311.39938	279.1324	804.8749359062592
TM2	mpi-esm1-2-hr	ssp370	2061	310.9484	276.45618	787.0466048363444
TM2	mpi-esm1-2-hr	ssp370	2062	310.5367	277.72324	893.0191063787682
TM2	mpi-esm1-2-hr	ssp370	2063	308.49683	279.4379	834.2114894039696
TM2	mpi-esm1-2-hr	ssp370	2064	311.3301	276.7371	885.4236962244613
TM2	mpi-esm1-2-hr	ssp370	2065	309.93008	278.21307	730.1360170415137
TM2	mpi-esm1-2-hr	ssp370	2066	309.7154	276.93008	948.2785076019233
TM2	mpi-esm1-2-hr	ssp370	2067	311.52402	278.83417	1106.1398305086009
TM2	mpi-esm1-2-hr	ssp370	2068	309.84164	278.9179	1226.6711425326996
TM2	mpi-esm1-2-hr	ssp370	2069	309.31262	276.26755000000003	713.1005706614815
TM2	mpi-esm1-2-hr	ssp370	2070	309.63538	277.9538	955.0966928712967
TM2	mri-esm2-0	ssp245	2041	309.7511	273.75287	1271.4188350306024
TM2	mri-esm2-0	ssp245	2042	312.14093	274.01093	1060.194397810839
TM2	mri-esm2-0	ssp245	2043	310.97626	277.19348	881.9785781175597
TM2	mri-esm2-0	ssp245	2044	310.07346	279.07867	397.5772160687484
TM2	mri-esm2-0	ssp245	2045	309.79294	278.60483	1516.59749976241
TM2	mri-esm2-0	ssp245	2046	311.89633	278.2549	1389.0921980025669
TM2	mri-esm2-0	ssp245	2047	308.4215	275.15756	806.0728602788004
TM2	mri-esm2-0	ssp245	2048	311.37827	274.3392	749.8562230495652
TM2	mri-esm2-0	ssp245	2049	310.21277	277.6316	965.6955805141413
TM2	mri-esm2-0	ssp245	2050	309.27612	277.22372	1125.5490680923574
TM2	mri-esm2-0	ssp245	2051	308.30273	275.17416	981.6757669206454
TM2	mri-esm2-0	ssp245	2052	310.73212	275.95105	742.6885965382098
TM2	mri-esm2-0	ssp245	2053	309.56232	277.29306	893.2259603287027
TM2	mri-esm2-0	ssp245	2054	310.4443	276.94284	989.2821032786742
TM2	mri-esm2-0	ssp245	2055	311.30035	276.74033	479.7395841102116
TM2	mri-esm2-0	ssp245	2056	308.87167	278.50464	904.0718866512179
TM2	mri-esm2-0	ssp245	2057	309.8504	276.35733	1277.014585677522
TM2	mri-esm2-0	ssp245	2058	312.2841	278.46033	971.5175139892283
TM2	mri-esm2-0	ssp245	2059	310.0244	278.10904	975.5774146760657
TM2	mri-esm2-0	ssp245	2060	310.5907	275.66962	192.6645455590915
TM2	mri-esm2-0	ssp245	2061	310.9695	277.20026	797.6185155333951
TM2	mri-esm2-0	ssp245	2062	309.87692	278.4618	941.0140142776072
TM2	mri-esm2-0	ssp245	2063	310.86877	276.20227	1070.5079432576695
TM2	mri-esm2-0	ssp245	2064	310.39178	277.3705	1448.6940209171482
TM2	mri-esm2-0	ssp245	2065	311.2007	275.886	1016.5209265658616
TM2	mri-esm2-0	ssp245	2066	311.53973	277.6845	980.4798495489873
TM2	mri-esm2-0	ssp245	2067	311.56458	275.07196	714.4510090467402
TM2	mri-esm2-0	ssp245	2068	312.0562	279.17285	761.1664274940267
TM2	mri-esm2-0	ssp245	2069	311.33307	277.68185	643.6645608540736
TM2	mri-esm2-0	ssp245	2070	311.65155	278.138	1588.671368127651
TM2	mri-esm2-0	ssp370	2041	310.65048	276.8962	764.318224042654
TM2	mri-esm2-0	ssp370	2042	311.452	276.99487	666.2325375204091
TM2	mri-esm2-0	ssp370	2043	310.3043	278.11917	757.6382725965232
TM2	mri-esm2-0	ssp370	2044	310.10196	277.3192	771.3915629836265
TM2	mri-esm2-0	ssp370	2045	312.16705	275.64783	594.631204342295
TM2	mri-esm2-0	ssp370	2046	308.72968	278.23813	1213.4244948159774
TM2	mri-esm2-0	ssp370	2047	313.79413	276.93298	1488.0669160745542
TM2	mri-esm2-0	ssp370	2048	311.08243	276.3137	701.2417229823768
TM2	mri-esm2-0	ssp370	2049	313.8536	276.72858	1256.9751165792268
TM2	mri-esm2-0	ssp370	2050	308.55994	277.63242	1404.2831847444083
TM2	mri-esm2-0	ssp370	2051	312.3713	277.2419	1428.3449793350521
TM2	mri-esm2-0	ssp370	2052	309.06454	276.22253	952.5373650714508
TM2	mri-esm2-0	ssp370	2053	311.6422	278.90524	751.9826822332107
TM2	mri-esm2-0	ssp370	2054	309.38287	277.54993	1216.3425056918556
TM2	mri-esm2-0	ssp370	2055	309.77548	274.2503	946.5996382757862
TM2	mri-esm2-0	ssp370	2056	311.23465	279.3657	914.6882803048356
TM2	mri-esm2-0	ssp370	2057	311.19962	278.90738	1036.495873384406
TM2	mri-esm2-0	ssp370	2058	314.43274	277.53088	781.6683109849562
TM2	mri-esm2-0	ssp370	2059	311.11594	276.14874	722.0613174838945
TM2	mri-esm2-0	ssp370	2060	307.5189	276.92557	686.6763525351416
TM2	mri-esm2-0	ssp370	2061	311.91373	276.45618	1270.9264586213799
TM2	mri-esm2-0	ssp370	2062	310.2739	275.9138	752.9955246951431
TM2	mri-esm2-0	ssp370	2063	312.7838	275.8984	320.9450023190584
TM2	mri-esm2-0	ssp370	2064	312.80154	278.51285	1004.5859400357172
TM2	mri-esm2-0	ssp370	2065	310.60736000000003	277.9676	807.6189183164388
TM2	mri-esm2-0	ssp370	2066	309.42508	277.27087	1090.110331401215
TM2	mri-esm2-0	ssp370	2067	314.1699	277.07132	950.1195310789439
TM2	mri-esm2-0	ssp370	2068	311.66223	276.65292	711.7684273514897
TM2	mri-esm2-0	ssp370	2069	312.27005	276.1405	661.6712529561357
TM2	mri-esm2-0	ssp370	2070	310.29724	277.5615	1347.6205991813592
WL1	access-cm2	ssp245	2041	301.6721	267.35785	1364.4348618573972
WL1	access-cm2	ssp245	2042	301.24124	263.47794	1830.7362981140368
WL1	access-cm2	ssp245	2043	303.20358	268.54996	2237.483415080314
WL1	access-cm2	ssp245	2044	301.28397	270.00247	853.7635649903677
WL1	access-cm2	ssp245	2045	301.11743	267.9648	1447.106652427426
WL1	access-cm2	ssp245	2046	300.6365	267.52118	1779.5456433668282
WL1	access-cm2	ssp245	2047	303.41394	269.4921	1294.0899192820857
WL1	access-cm2	ssp245	2048	301.75037	269.32864	1031.9842881755903
WL1	access-cm2	ssp245	2049	303.74698	265.4511	738.0122540867887
WL1	access-cm2	ssp245	2050	301.5613	264.87048	1391.674268525073
WL1	access-cm2	ssp245	2051	301.77985	270.02106	1124.5420226594433
WL1	access-cm2	ssp245	2052	303.9667	268.2721	1542.2669687890236
WL1	access-cm2	ssp245	2053	302.8782	267.852	1196.3611135957613
WL1	access-cm2	ssp245	2054	304.38748	270.5564	739.3394455779318
WL1	access-cm2	ssp245	2055	302.64227	268.53943	1363.0320691619847
WL1	access-cm2	ssp245	2056	303.18237	267.52234	1718.5826143598902
WL1	access-cm2	ssp245	2057	303.41	266.77515	1370.8194857462868
WL1	access-cm2	ssp245	2058	303.00037	268.34998	2075.9653711923675
WL1	access-cm2	ssp245	2059	305.2154	267.92545	1890.1219018734412
WL1	access-cm2	ssp245	2060	302.55826	268.60202	864.6950275869776
WL1	access-cm2	ssp245	2061	303.85855	269.69055	1328.828333504498
WL1	access-cm2	ssp245	2062	300.61694	266.61942	1654.3106318916768
WL1	access-cm2	ssp245	2063	301.97842	269.77426	1188.2209441973828
WL1	access-cm2	ssp245	2064	303.56528	269.339	1238.4683880954778
WL1	access-cm2	ssp245	2065	302.78897	267.51556	1675.7493543089333
WL1	access-cm2	ssp245	2066	302.95862	269.0061	955.0405510672135
WL1	access-cm2	ssp245	2067	303.2993	267.49005	678.7398981163278
WL1	access-cm2	ssp245	2068	301.21188	266.46683	1589.6099604956876
WL1	access-cm2	ssp245	2069	301.88007	268.43173	1870.7523193093639
WL1	access-cm2	ssp245	2070	300.47034	269.10123	1364.7375281900136
WL1	access-cm2	ssp370	2041	301.57425	267.6029	1066.9288007193031
WL1	access-cm2	ssp370	2042	301.70108	266.2969	1457.0829348172783
WL1	access-cm2	ssp370	2043	301.65607	268.43256	893.5507567715687
WL1	access-cm2	ssp370	2044	302.81238	268.213	1487.1406638063265
WL1	access-cm2	ssp370	2045	301.47433	268.43365	1188.5933747864146
WL1	access-cm2	ssp370	2046	301.472	268.2831	2156.99411800008
WL1	access-cm2	ssp370	2047	302.5153	263.5685	1303.3572944579507
WL1	access-cm2	ssp370	2048	300.44318	266.16714	1084.097770345391
WL1	access-cm2	ssp370	2049	301.80887	268.9696	1534.5704709179392
WL1	access-cm2	ssp370	2050	303.97455	263.87485	1589.4947059219403
WL1	access-cm2	ssp370	2051	301.45505000000003	265.91797	1562.5806262716192
WL1	access-cm2	ssp370	2052	300.44745	269.3045	1867.2865009400828
WL1	access-cm2	ssp370	2053	303.19507	267.30624	1499.7526025399566
WL1	access-cm2	ssp370	2054	300.7238	268.73993	822.901610675035
WL1	access-cm2	ssp370	2055	302.3274	267.60852	746.3466923218087
WL1	access-cm2	ssp370	2056	301.2133	268.07968	859.1812822065549
WL1	access-cm2	ssp370	2057	301.06195	267.56555	1315.3656946727829
WL1	access-cm2	ssp370	2058	303.8097	267.86868	1682.8850868274103
WL1	access-cm2	ssp370	2059	302.08044	268.9002	945.462431106703
WL1	access-cm2	ssp370	2060	301.4043	269.35245	1116.6228774469234
WL1	access-cm2	ssp370	2061	301.76593	269.426	1736.4839798072128
WL1	access-cm2	ssp370	2062	301.83917	269.81357	1657.7674744999636
WL1	access-cm2	ssp370	2063	299.4192	267.9457	1957.9344036988584
WL1	access-cm2	ssp370	2064	301.00894	268.2724	2263.334108803228
WL1	access-cm2	ssp370	2065	305.05612	267.96017	1582.454261183716
WL1	access-cm2	ssp370	2066	303.58453	267.47696	1343.5773331671758
WL1	access-cm2	ssp370	2067	303.71075	266.97568	1342.5937185063704
WL1	access-cm2	ssp370	2068	300.74698	270.7649	1650.0498523469794
WL1	access-cm2	ssp370	2069	302.6232	267.54407	2665.6072696612073
WL1	access-cm2	ssp370	2070	303.66373	269.91827	1249.9541198078014
WL1	cnrm-esm2-1	ssp245	2041	302.03366	266.70233	1787.1164708397812
WL1	cnrm-esm2-1	ssp245	2042	301.7793	267.5368	1603.7020343122767
WL1	cnrm-esm2-1	ssp245	2043	300.53625	269.4281	1223.3345863511197
WL1	cnrm-esm2-1	ssp245	2044	301.40622	268.01587	987.5257575069351
WL1	cnrm-esm2-1	ssp245	2045	300.3557	267.02396	1879.4125742744359
WL1	cnrm-esm2-1	ssp245	2046	301.6709	267.45392	824.9112587654963
WL1	cnrm-esm2-1	ssp245	2047	302.2756	266.97482	1759.8373477812534
WL1	cnrm-esm2-1	ssp245	2048	301.153	268.03836	917.5262336852029
WL1	cnrm-esm2-1	ssp245	2049	299.6651	269.87827	1221.7903667594983
WL1	cnrm-esm2-1	ssp245	2050	301.55164	268.85165	1229.0616227080702
WL1	cnrm-esm2-1	ssp245	2051	301.79575	268.65976	1331.7811287939383
WL1	cnrm-esm2-1	ssp245	2052	300.91046	267.21725	2076.158717181487
WL1	cnrm-esm2-1	ssp245	2053	300.2831	267.5134	1280.504935886684
WL1	cnrm-esm2-1	ssp245	2054	301.318	264.87927	2096.520010381874
WL1	cnrm-esm2-1	ssp245	2055	303.3765	267.86432	1742.3171589150547
WL1	cnrm-esm2-1	ssp245	2056	301.80054	266.7146	1214.905779529337
WL1	cnrm-esm2-1	ssp245	2057	300.69968	266.31512	672.8833775036037
WL1	cnrm-esm2-1	ssp245	2058	298.60654	267.8844	1687.4901529401093
WL1	cnrm-esm2-1	ssp245	2059	301.21008	269.76825	2067.104148887984
WL1	cnrm-esm2-1	ssp245	2060	301.95074	266.74173	2114.3259752075705
WL1	cnrm-esm2-1	ssp245	2061	301.2537	269.22433	1554.0379887126455
WL1	cnrm-esm2-1	ssp245	2062	300.85547	265.23276	1257.3205744265567
WL1	cnrm-esm2-1	ssp245	2063	301.85895	269.5733	1249.3556706234526
WL1	cnrm-esm2-1	ssp245	2064	302.15588	265.55548	1683.6013092426217
WL1	cnrm-esm2-1	ssp245	2065	301.40637	266.69208	793.0130123568233
WL1	cnrm-esm2-1	ssp245	2066	301.21667	269.53217	1371.4578649028854
WL1	cnrm-esm2-1	ssp245	2067	302.04504	267.7012	1709.1183624229939
WL1	cnrm-esm2-1	ssp245	2068	301.95697	267.9083	1414.8015866288515
WL1	cnrm-esm2-1	ssp245	2069	300.93326	268.65057	947.6117776008323
WL1	cnrm-esm2-1	ssp245	2070	302.63058	270.20392	1202.9174631927162
WL1	cnrm-esm2-1	ssp370	2041	302.22934	267.73062	1102.4022887809874
WL1	cnrm-esm2-1	ssp370	2042	298.5455	266.52042	1456.2102393054374
WL1	cnrm-esm2-1	ssp370	2043	300.12814	267.0326	1417.7064889285057
WL1	cnrm-esm2-1	ssp370	2044	301.2861	268.64755	1299.4289597379714
WL1	cnrm-esm2-1	ssp370	2045	301.5251	264.66483	1771.1174050345746
WL1	cnrm-esm2-1	ssp370	2046	299.30173	270.10883	992.0173693215474
WL1	cnrm-esm2-1	ssp370	2047	299.99338	266.49475	1200.624605733865
WL1	cnrm-esm2-1	ssp370	2048	298.55164	267.4259	1779.2218219488777
WL1	cnrm-esm2-1	ssp370	2049	300.67294	269.52185	1321.0223147528895
WL1	cnrm-esm2-1	ssp370	2050	299.2781	268.73166	1761.6837230510764
WL1	cnrm-esm2-1	ssp370	2051	300.9735	268.47858	1768.871686980077
WL1	cnrm-esm2-1	ssp370	2052	299.77283	267.6934	1444.3016573320851
WL1	cnrm-esm2-1	ssp370	2053	301.59937	268.7192	1519.6327373035806
WL1	cnrm-esm2-1	ssp370	2054	300.13016	269.21268	1753.3452913630463
WL1	cnrm-esm2-1	ssp370	2055	302.9031	266.82758	1432.4477787594924
WL1	cnrm-esm2-1	ssp370	2056	302.47406	268.31018	1604.2846427997142
WL1	cnrm-esm2-1	ssp370	2057	301.63934	264.69412	1460.6700652046075
WL1	cnrm-esm2-1	ssp370	2058	301.49548	268.73923	869.6149623021483
WL1	cnrm-esm2-1	ssp370	2059	300.46307	267.23837	1390.0547892786312
WL1	cnrm-esm2-1	ssp370	2060	301.09534	267.61066	1840.5144914052985
WL1	cnrm-esm2-1	ssp370	2061	302.16348	267.97012	982.8517148271122
WL1	cnrm-esm2-1	ssp370	2062	302.20447	269.28693	1272.758572069838
WL1	cnrm-esm2-1	ssp370	2063	301.40747	270.33243	1370.8893870468935
WL1	cnrm-esm2-1	ssp370	2064	302.88992	267.13992	1587.7120366785502
WL1	cnrm-esm2-1	ssp370	2065	301.35077	269.75946	798.2563370838761
WL1	cnrm-esm2-1	ssp370	2066	302.6408	266.58328	1652.2247116779708
WL1	cnrm-esm2-1	ssp370	2067	302.11423	270.54922	1548.8959116919218
WL1	cnrm-esm2-1	ssp370	2068	302.26144	267.62448	1516.668543306863
WL1	cnrm-esm2-1	ssp370	2069	301.20474	270.1988	2163.3872824720297
WL1	cnrm-esm2-1	ssp370	2070	302.26004	269.77264	736.1708347219974
WL1	ec-earth3-veg	ssp245	2041	300.635	265.6233	1108.1365811682172
WL1	ec-earth3-veg	ssp245	2042	301.3366	268.8505	1505.7907826732398
WL1	ec-earth3-veg	ssp245	2043	298.88312	268.6913	1956.5670941926658
WL1	ec-earth3-veg	ssp245	2044	300.08987	266.402	1406.7178690340204
WL1	ec-earth3-veg	ssp245	2045	300.87692	267.78067	1193.9481206238122
WL1	ec-earth3-veg	ssp245	2046	300.1439	267.35095	1204.2950363130917
WL1	ec-earth3-veg	ssp245	2047	301.1027	269.63675	1107.3368023498683
WL1	ec-earth3-veg	ssp245	2048	302.21616	267.53973	1739.4815828650922
WL1	ec-earth3-veg	ssp245	2049	300.24582	267.69785	1282.9898902214698
WL1	ec-earth3-veg	ssp245	2050	301.9678	266.31763	1783.3424317650283
WL1	ec-earth3-veg	ssp245	2051	299.74686	269.51538	1492.0089617283984
WL1	ec-earth3-veg	ssp245	2052	301.06842	268.92612	1558.3016179734466
WL1	ec-earth3-veg	ssp245	2053	299.50955	270.7125	1365.4669649898872
WL1	ec-earth3-veg	ssp245	2054	301.00336	266.13367	735.6914676027372
WL1	ec-earth3-veg	ssp245	2055	299.75964	267.60837	838.2238694932312
WL1	ec-earth3-veg	ssp245	2056	300.41257	269.8964	1614.4099832977913
WL1	ec-earth3-veg	ssp245	2057	300.15723	266.78812	1323.7439056159885
WL1	ec-earth3-veg	ssp245	2058	299.5087	270.0374	1507.5140426633802
WL1	ec-earth3-veg	ssp245	2059	300.90756	269.90466	1098.2376686297214
WL1	ec-earth3-veg	ssp245	2060	303.65488	268.5797	1184.2809682711836
WL1	ec-earth3-veg	ssp245	2061	302.22134	263.8339	1389.4656576012285
WL1	ec-earth3-veg	ssp245	2062	300.28015	267.1346	1053.1750270631164
WL1	ec-earth3-veg	ssp245	2063	299.5668	269.54596	1241.697438471575
WL1	ec-earth3-veg	ssp245	2064	302.57516	266.59686	1909.8646184778288
WL1	ec-earth3-veg	ssp245	2065	302.19766	266.8438	1054.714325442885
WL1	ec-earth3-veg	ssp245	2066	301.88776	268.59796	2598.619895533121
WL1	ec-earth3-veg	ssp245	2067	300.51273	268.33563	2261.7044040932615
WL1	ec-earth3-veg	ssp245	2068	299.3967	268.2543	1476.0399954160619
WL1	ec-earth3-veg	ssp245	2069	302.33395	269.69687	1071.4840519241827
WL1	ec-earth3-veg	ssp245	2070	301.63577	267.95013	1619.9643840256426
WL1	ec-earth3-veg	ssp370	2041	301.2717	265.28107	1410.1850952487373
WL1	ec-earth3-veg	ssp370	2042	302.61032	262.65234	1792.3082049004295
WL1	ec-earth3-veg	ssp370	2043	300.5075	269.13116	2324.494381109196
WL1	ec-earth3-veg	ssp370	2044	301.59277	267.60687	2047.8071107528945
WL1	ec-earth3-veg	ssp370	2045	301.21878	263.99448	979.6912914142013
WL1	ec-earth3-veg	ssp370	2046	300.53378	264.8131	1208.2457862328674
WL1	ec-earth3-veg	ssp370	2047	298.87912	263.63416	1212.6030812971223
WL1	ec-earth3-veg	ssp370	2048	299.60165	270.36914	1291.141757718264
WL1	ec-earth3-veg	ssp370	2049	300.71158	265.23633	1219.6393587626376
WL1	ec-earth3-veg	ssp370	2050	300.90173	266.20782	1595.1804122014032
WL1	ec-earth3-veg	ssp370	2051	300.27844	266.1768	842.709034262225
WL1	ec-earth3-veg	ssp370	2052	299.48355	268.27618	2097.3579245153064
WL1	ec-earth3-veg	ssp370	2053	301.89908	267.7797	1816.0109429619856
WL1	ec-earth3-veg	ssp370	2054	301.1788	267.1571	1053.9457392878548
WL1	ec-earth3-veg	ssp370	2055	300.77484	267.41177	2092.7055998705
WL1	ec-earth3-veg	ssp370	2056	298.2554	266.94366	1282.4537965817976
WL1	ec-earth3-veg	ssp370	2057	302.77722	266.3365	904.8746370244608
WL1	ec-earth3-veg	ssp370	2058	300.1716	265.97876	1738.20260776114
WL1	ec-earth3-veg	ssp370	2059	300.9472	263.10062	1840.6260666902754
WL1	ec-earth3-veg	ssp370	2060	301.64157	268.90503	1848.8786545407215
WL1	ec-earth3-veg	ssp370	2061	301.27417	270.3251	1586.1149355616058
WL1	ec-earth3-veg	ssp370	2062	302.5727	268.3887	1034.0741279767747
WL1	ec-earth3-veg	ssp370	2063	300.13092	267.0498	1592.9118981467984
WL1	ec-earth3-veg	ssp370	2064	298.64832	270.0331	1880.6525557301898
WL1	ec-earth3-veg	ssp370	2065	303.0702	268.4823	1477.995628165058
WL1	ec-earth3-veg	ssp370	2066	299.93808	269.89316	1893.0148579179877
WL1	ec-earth3-veg	ssp370	2067	299.12335	269.93784	1880.047374567893
WL1	ec-earth3-veg	ssp370	2068	302.385	268.98697	1488.9998631915093
WL1	ec-earth3-veg	ssp370	2069	302.3343	268.0604	1231.254693190558
WL1	ec-earth3-veg	ssp370	2070	304.21063	268.85712	894.2024303076323
WL1	miroc6	ssp245	2041	300.87277	265.56927	1068.4755520614783
WL1	miroc6	ssp245	2042	298.56894	269.23886	2113.7973080389083
WL1	miroc6	ssp245	2043	298.88074	268.07114	1519.8468047165418
WL1	miroc6	ssp245	2044	298.99237	268.1616	1646.3886672165006
WL1	miroc6	ssp245	2045	302.30026	266.88083	603.3203659113497
WL1	miroc6	ssp245	2046	302.64966	267.28738	1100.091707054504
WL1	miroc6	ssp245	2047	298.9968	268.35016	1173.198163235768
WL1	miroc6	ssp245	2048	299.20996	268.15448	2093.172582344742
WL1	miroc6	ssp245	2049	298.39673	265.85025	1614.9277934920622
WL1	miroc6	ssp245	2050	301.44223	265.9651	940.54403090847
WL1	miroc6	ssp245	2051	301.77655	268.50662	837.5278437975765
WL1	miroc6	ssp245	2052	300.10745	267.34198	1809.3355667776787
WL1	miroc6	ssp245	2053	300.00616	268.9503	1311.7144867311883
WL1	miroc6	ssp245	2054	299.62213	267.2325	1125.080813490772
WL1	miroc6	ssp245	2055	301.3701	269.83426	1236.5541156381114
WL1	miroc6	ssp245	2056	299.50378	266.83554	1289.6773998392682
WL1	miroc6	ssp245	2057	300.94086	267.47137	1616.924541047722
WL1	miroc6	ssp245	2058	299.9071	266.49173	1797.4828964564904
WL1	miroc6	ssp245	2059	299.879	268.54956	1399.4105406221506
WL1	miroc6	ssp245	2060	298.30527	268.86813	2677.9293814615075
WL1	miroc6	ssp245	2061	300.12918	268.36758	586.4422677084804
WL1	miroc6	ssp245	2062	303.1843	265.05835	923.4501473139807
WL1	miroc6	ssp245	2063	304.09525	262.86542	1084.9985560605915
WL1	miroc6	ssp245	2064	303.69736	268.74234	1142.8786802978534
WL1	miroc6	ssp245	2065	301.32446	268.99976	1323.6024598998436
WL1	miroc6	ssp245	2066	298.9183	269.02023	1453.9473226759158
WL1	miroc6	ssp245	2067	303.23428	267.2496	685.5031365528703
WL1	miroc6	ssp245	2068	302.74673	268.4157	898.6272304435261
WL1	miroc6	ssp245	2069	304.64426	267.4061	1543.4968309826058
WL1	miroc6	ssp245	2070	304.02402	269.25525	785.5347259668633
WL1	miroc6	ssp370	2041	305.61328	265.86172	735.3334228741005
WL1	miroc6	ssp370	2042	301.1426	268.58456	1223.4720753505612
WL1	miroc6	ssp370	2043	302.52374	268.33148	694.0505642909527
WL1	miroc6	ssp370	2044	305.24515	261.7912	884.9399646744132
WL1	miroc6	ssp370	2045	301.41302	269.5275	1253.1138839316384
WL1	miroc6	ssp370	2046	300.11328	269.21054	1157.0311619667104
WL1	miroc6	ssp370	2047	301.39526	267.9611	1006.5860615169909
WL1	miroc6	ssp370	2048	299.99637	268.4743	1251.8337249755848
WL1	miroc6	ssp370	2049	301.35437	269.10638	1164.1738038975673
WL1	miroc6	ssp370	2050	300.4677	268.1473	1279.9813519231807
WL1	miroc6	ssp370	2051	299.66885	268.00873	1739.6859621628764
WL1	miroc6	ssp370	2052	298.8857	269.6734	2183.1294782459277
WL1	miroc6	ssp370	2053	300.3882	269.09366	1414.5393206504752
WL1	miroc6	ssp370	2054	303.05588	268.7345	1297.9055132134677
WL1	miroc6	ssp370	2055	300.1173	268.22552	2070.2852747635757
WL1	miroc6	ssp370	2056	299.62732	269.16632	1548.4932388295138
WL1	miroc6	ssp370	2057	300.3376	268.4263	1388.9000062801408
WL1	miroc6	ssp370	2058	303.716	268.52606	905.974895087977
WL1	miroc6	ssp370	2059	303.68826	265.35684	1038.6636354960501
WL1	miroc6	ssp370	2060	301.6442	267.9205	951.3254393124785
WL1	miroc6	ssp370	2061	300.41803	269.6743	1649.0075387991947
WL1	miroc6	ssp370	2062	303.29315	268.27402	636.4559904875932
WL1	miroc6	ssp370	2063	301.30722	264.70367	1793.826367368396
WL1	miroc6	ssp370	2064	301.80566	267.9393	1783.7588906055018
WL1	miroc6	ssp370	2065	300.2395	266.78195	1163.8600017875233
WL1	miroc6	ssp370	2066	303.41888	267.69836	1023.8405905198225
WL1	miroc6	ssp370	2067	303.57532	267.79346	956.8615306634456
WL1	miroc6	ssp370	2068	301.45865	265.46945	1142.3252689652102
WL1	miroc6	ssp370	2069	301.38882	271.1921	1098.6302736215293
WL1	miroc6	ssp370	2070	301.75208	269.33932	1105.0020428665266
WL1	mpi-esm1-2-hr	ssp245	2041	298.4643	265.49612	1849.5223119389066
WL1	mpi-esm1-2-hr	ssp245	2042	299.44968	264.63867	1482.1756145450968
WL1	mpi-esm1-2-hr	ssp245	2043	302.8348	266.9127	733.2464993465692
WL1	mpi-esm1-2-hr	ssp245	2044	300.95706	266.2246	1092.7307117264718
WL1	mpi-esm1-2-hr	ssp245	2045	298.58896	265.5099	1565.3851209673835
WL1	mpi-esm1-2-hr	ssp245	2046	298.60263	267.93152	1441.8138052685886
WL1	mpi-esm1-2-hr	ssp245	2047	299.73544	266.05777	1547.8102294960902
WL1	mpi-esm1-2-hr	ssp245	2048	300.46606	268.44324	1976.5839233120823
WL1	mpi-esm1-2-hr	ssp245	2049	301.55606	265.47318	920.2647102065384
WL1	mpi-esm1-2-hr	ssp245	2050	302.6938	268.3483	667.49118687585
WL1	mpi-esm1-2-hr	ssp245	2051	299.29773	266.14465	2065.7517705112377
WL1	mpi-esm1-2-hr	ssp245	2052	300.7556	267.33926	1439.5397382555395
WL1	mpi-esm1-2-hr	ssp245	2053	300.56528	267.03894	1877.65167100003
WL1	mpi-esm1-2-hr	ssp245	2054	301.39474	266.12244	1228.6573557648578
WL1	mpi-esm1-2-hr	ssp245	2055	298.60635	267.72253	790.604626550325
WL1	mpi-esm1-2-hr	ssp245	2056	300.89206	268.6152	722.5318750395406
WL1	mpi-esm1-2-hr	ssp245	2057	300.05078	265.87906	1159.4463944784366
WL1	mpi-esm1-2-hr	ssp245	2058	301.17612	266.36798	1427.8054690221093
WL1	mpi-esm1-2-hr	ssp245	2059	299.06445	269.777	1021.5891279280186
WL1	mpi-esm1-2-hr	ssp245	2060	300.48615	264.79865	1429.045298974916
WL1	mpi-esm1-2-hr	ssp245	2061	300.90265	262.3074	1372.3047981736775
WL1	mpi-esm1-2-hr	ssp245	2062	300.4012	264.84964	1348.813037015484
WL1	mpi-esm1-2-hr	ssp245	2063	298.2752	263.80627	1893.6891860095502
WL1	mpi-esm1-2-hr	ssp245	2064	299.44138	265.64813	1226.5940949786254
WL1	mpi-esm1-2-hr	ssp245	2065	301.06656	268.97833	1494.2063730675436
WL1	mpi-esm1-2-hr	ssp245	2066	302.02634	267.2513	1442.1839337679558
WL1	mpi-esm1-2-hr	ssp245	2067	301.99646	268.70953	1372.545873862673
WL1	mpi-esm1-2-hr	ssp245	2068	300.6564	268.68707	836.9573294927134
WL1	mpi-esm1-2-hr	ssp245	2069	302.15277	264.97467	1385.6998673406897
WL1	mpi-esm1-2-hr	ssp245	2070	300.4042	269.32657	1332.0629955385634
WL1	mpi-esm1-2-hr	ssp370	2041	302.8424	267.02228	1447.650976572151
WL1	mpi-esm1-2-hr	ssp370	2042	299.42926	265.96756	1378.4619858779479
WL1	mpi-esm1-2-hr	ssp370	2043	299.70236	263.39792	1612.1683828532362
WL1	mpi-esm1-2-hr	ssp370	2044	301.84772	265.69785	1067.7223317325115
WL1	mpi-esm1-2-hr	ssp370	2045	299.97485	266.7718	1785.4808895382776
WL1	mpi-esm1-2-hr	ssp370	2046	300.92957	267.14447	1465.86795037726
WL1	mpi-esm1-2-hr	ssp370	2047	298.78525	265.4726	1211.5730394841776
WL1	mpi-esm1-2-hr	ssp370	2048	299.81372	265.59674	986.5805535460494
WL1	mpi-esm1-2-hr	ssp370	2049	301.12885	265.50894	1030.9714900329707
WL1	mpi-esm1-2-hr	ssp370	2050	299.66782	268.8125	978.9159555220976
WL1	mpi-esm1-2-hr	ssp370	2051	302.0056	268.82034	1394.9630197661095
WL1	mpi-esm1-2-hr	ssp370	2052	300.33493	266.18765	1470.5475796479543
WL1	mpi-esm1-2-hr	ssp370	2053	303.22885	268.3794	1397.703960724148
WL1	mpi-esm1-2-hr	ssp370	2054	301.75128	267.90884	1365.426904102781
WL1	mpi-esm1-2-hr	ssp370	2055	297.5164	263.56885	1896.3493569840966
WL1	mpi-esm1-2-hr	ssp370	2056	300.2905	267.4084	1127.5812959298307
WL1	mpi-esm1-2-hr	ssp370	2057	299.62418	267.1177	1613.915500463882
WL1	mpi-esm1-2-hr	ssp370	2058	299.2441	267.43726	1526.1630048276727
WL1	mpi-esm1-2-hr	ssp370	2059	298.19376	268.4525	1369.330847170185
WL1	mpi-esm1-2-hr	ssp370	2060	301.72055	268.23154	1174.0870277629947
WL1	mpi-esm1-2-hr	ssp370	2061	300.8398	266.9332	1265.0852151272886
WL1	mpi-esm1-2-hr	ssp370	2062	301.511	267.8968	1204.0218501817417
WL1	mpi-esm1-2-hr	ssp370	2063	299.055	268.4057	1200.5373364488937
WL1	mpi-esm1-2-hr	ssp370	2064	301.1846	266.35748	1326.4252822031244
WL1	mpi-esm1-2-hr	ssp370	2065	300.7244	268.4342	671.2952521280386
WL1	mpi-esm1-2-hr	ssp370	2066	300.04883	266.61078	1348.4322077594368
WL1	mpi-esm1-2-hr	ssp370	2067	301.51013	269.35	1455.1566703710282
WL1	mpi-esm1-2-hr	ssp370	2068	300.80704	268.28708	1660.6034219206422
WL1	mpi-esm1-2-hr	ssp370	2069	300.2132	266.0186	1168.6175543116206
WL1	mpi-esm1-2-hr	ssp370	2070	300.07132	267.40894	1368.2581714354446
WL1	mri-esm2-0	ssp245	2041	300.51743	263.53058	1421.7268185981025
WL1	mri-esm2-0	ssp245	2042	302.84796	264.9009	1460.956963605713
WL1	mri-esm2-0	ssp245	2043	300.5459	268.39752	1487.6089875586094
WL1	mri-esm2-0	ssp245	2044	299.63544	270.70483	823.2603190932423
WL1	mri-esm2-0	ssp245	2045	299.9515	268.66974	1888.224009331272
WL1	mri-esm2-0	ssp245	2046	301.73618	268.78336	1902.3974513634375
WL1	mri-esm2-0	ssp245	2047	298.67502	263.84845	1710.251562623272
WL1	mri-esm2-0	ssp245	2048	301.7277	263.7852	1307.554533937924
WL1	mri-esm2-0	ssp245	2049	299.85165	269.6688	1077.093063946794
WL1	mri-esm2-0	ssp245	2050	299.43176	266.9509	1338.0772404139673
WL1	mri-esm2-0	ssp245	2051	298.5764	266.1117	1298.6948615521799
WL1	mri-esm2-0	ssp245	2052	301.22482	267.7196	1144.2955773789436
WL1	mri-esm2-0	ssp245	2053	299.74127	268.41806	1359.5092772156468
WL1	mri-esm2-0	ssp245	2054	300.03186	267.60852	1707.451921049466
WL1	mri-esm2-0	ssp245	2055	300.24695	267.7515	868.7225586734248
WL1	mri-esm2-0	ssp245	2056	299.2191	268.7425	1201.3724856544136
WL1	mri-esm2-0	ssp245	2057	300.90176	265.97708	1889.8017303552058
WL1	mri-esm2-0	ssp245	2058	300.01236	267.49445	1202.871176542229
WL1	mri-esm2-0	ssp245	2059	300.20047	267.3916	1407.9920040210416
WL1	mri-esm2-0	ssp245	2060	302.55057	267.16782	447.63192446844187
WL1	mri-esm2-0	ssp245	2061	303.25754	268.3072	1290.5307396081796
WL1	mri-esm2-0	ssp245	2062	299.99887	268.85266	1444.0244648605315
WL1	mri-esm2-0	ssp245	2063	301.0916	266.15356	1151.1242116335566
WL1	mri-esm2-0	ssp245	2064	301.04626	267.66953	1796.0970937739635
WL1	mri-esm2-0	ssp245	2065	300.37134	267.76364	1615.4722436796822
WL1	mri-esm2-0	ssp245	2066	301.69064	268.66043	1428.324990696246
WL1	mri-esm2-0	ssp245	2067	300.5567	265.63718	1104.3574069859344
WL1	mri-esm2-0	ssp245	2068	301.9769	268.15457	1235.782971535785
WL1	mri-esm2-0	ssp245	2069	301.9061	268.96423	869.5640585850663
WL1	mri-esm2-0	ssp245	2070	301.28323	267.81	2199.4910221648283
WL1	mri-esm2-0	ssp370	2041	301.0323	265.30954	1381.6854447126389
WL1	mri-esm2-0	ssp370	2042	301.89816	266.2675	1039.4063990111847
WL1	mri-esm2-0	ssp370	2043	300.02386	268.21924	1086.9469785131514
WL1	mri-esm2-0	ssp370	2044	299.99673	267.90808	1110.083771677455
WL1	mri-esm2-0	ssp370	2045	301.55023	268.0417	932.347852899693
WL1	mri-esm2-0	ssp370	2046	300.08307	266.88672	1951.1713846586465
WL1	mri-esm2-0	ssp370	2047	302.34567	268.07007	2019.1361336968496
WL1	mri-esm2-0	ssp370	2048	300.9644	265.74792	975.7871044333777
WL1	mri-esm2-0	ssp370	2049	303.00497	266.66205	1763.6736916377663
WL1	mri-esm2-0	ssp370	2050	298.8388	267.0877	1936.5807803347407
WL1	mri-esm2-0	ssp370	2051	302.16132	268.24432	1962.4937671701896
WL1	mri-esm2-0	ssp370	2052	300.2686	267.6289	1128.1393175711726
WL1	mri-esm2-0	ssp370	2053	300.55475	269.4666	1171.3606777600905
WL1	mri-esm2-0	ssp370	2054	299.2109	267.88434	1398.199608433033
WL1	mri-esm2-0	ssp370	2055	300.18518	263.97894	1719.106741156412
WL1	mri-esm2-0	ssp370	2056	300.91623	268.22247	1305.2397896535633
WL1	mri-esm2-0	ssp370	2057	301.69876	268.98413	1353.6193712534268
WL1	mri-esm2-0	ssp370	2058	303.7084	268.31097	1588.1087385350706
WL1	mri-esm2-0	ssp370	2059	300.90414	266.29025	1382.0275043137199
WL1	mri-esm2-0	ssp370	2060	298.3482	266.0699	1058.224626258013
WL1	mri-esm2-0	ssp370	2061	301.66156	267.05118	1711.1026040743702
WL1	mri-esm2-0	ssp370	2062	299.80856	265.4491	1487.8905704710544
WL1	mri-esm2-0	ssp370	2063	302.45352	268.37558	773.3847032301128
WL1	mri-esm2-0	ssp370	2064	302.17203	268.45276	1480.330035136993
WL1	mri-esm2-0	ssp370	2065	300.69217	269.30533	1057.4915992794558
WL1	mri-esm2-0	ssp370	2066	300.40738	267.28058	1393.6711119487827
WL1	mri-esm2-0	ssp370	2067	302.5895	267.05865	1318.0088702123471
WL1	mri-esm2-0	ssp370	2068	301.14822	267.16452	993.8690605122008
WL1	mri-esm2-0	ssp370	2069	301.67978	267.18872	1053.2679917727094
WL1	mri-esm2-0	ssp370	2070	301.03046	266.69952	2184.0174939483195
WL2	access-cm2	ssp245	2041	301.32043	267.89975	1614.8352286778058
WL2	access-cm2	ssp245	2042	300.95273	264.0729	1953.6301949992287
WL2	access-cm2	ssp245	2043	303.0107	268.88184	2539.275233074958
WL2	access-cm2	ssp245	2044	301.1855	270.54102	1031.9532740861177
WL2	access-cm2	ssp245	2045	301.03345	268.45233	1628.4066723659366
WL2	access-cm2	ssp245	2046	300.379	268.24023	2027.0108545344297
WL2	access-cm2	ssp245	2047	303.3816	270.11267	1465.2113998308525
WL2	access-cm2	ssp245	2048	301.38306	270.08215	1198.200234328393
WL2	access-cm2	ssp245	2049	303.59525	266.10287	793.1149723939598
WL2	access-cm2	ssp245	2050	301.16434	265.321	1631.3130790862201
WL2	access-cm2	ssp245	2051	301.6165	271.06467	1224.5096572420152
WL2	access-cm2	ssp245	2052	303.75842	269.03125	1623.9081558538414
WL2	access-cm2	ssp245	2053	302.511	268.3632	1396.1205344530492
WL2	access-cm2	ssp245	2054	304.05548	271.00424	810.5547408805982
WL2	access-cm2	ssp245	2055	302.31308	269.14142	1504.999505815766
WL2	access-cm2	ssp245	2056	303.15845	268.00232	1975.3446907270543
WL2	access-cm2	ssp245	2057	303.1842	267.47794	1579.2012638411634
WL2	access-cm2	ssp245	2058	302.97235	268.92557	2338.912778184696
WL2	access-cm2	ssp245	2059	305.12134	268.47784	2188.7321334331828
WL2	access-cm2	ssp245	2060	302.22855	269.26804	1005.5820280685817
WL2	access-cm2	ssp245	2061	303.5124	270.49457	1548.0777603573865
WL2	access-cm2	ssp245	2062	300.375	267.48883	2015.5306142521622
WL2	access-cm2	ssp245	2063	301.67502	270.3718	1454.8655754653623
WL2	access-cm2	ssp245	2064	303.2019	269.77106	1468.702024128257
WL2	access-cm2	ssp245	2065	302.58792	268.01584	2024.9493640847227
WL2	access-cm2	ssp245	2066	302.64355	269.97498	1091.3949546636986
WL2	access-cm2	ssp245	2067	303.2419	268.4648	823.8102695904672
WL2	access-cm2	ssp245	2068	301.09802	267.22388	1749.3623294750732
WL2	access-cm2	ssp245	2069	301.7559	269.11404	2153.046161297206
WL2	access-cm2	ssp245	2070	300.45822	269.67932	1638.181232102182
WL2	access-cm2	ssp370	2041	301.46344	268.20917	1201.4855919987824
WL2	access-cm2	ssp370	2042	301.44156	266.63654	1671.1961128748553
WL2	access-cm2	ssp370	2043	301.32495	268.94785	1134.7169517539057
WL2	access-cm2	ssp370	2044	302.59113	268.4914	1839.1904918476462
WL2	access-cm2	ssp370	2045	301.40845	269.17258	1377.3934684577173
WL2	access-cm2	ssp370	2046	301.4139	269.10675	2395.752948091739
WL2	access-cm2	ssp370	2047	302.1897	264.37408	1474.6774707455047
WL2	access-cm2	ssp370	2048	300.33383	266.92578	1190.1751929894026
WL2	access-cm2	ssp370	2049	301.68674	269.5211	1670.0918101632617
WL2	access-cm2	ssp370	2050	303.6215	264.65607	1745.0051417515488
WL2	access-cm2	ssp370	2051	301.07236	266.79242	1775.7821874925276
WL2	access-cm2	ssp370	2052	300.41937	269.8752	2148.7071851966566
WL2	access-cm2	ssp370	2053	302.86948	268.1755	1674.279728718102
WL2	access-cm2	ssp370	2054	300.72534	269.68558	856.3111921772361
WL2	access-cm2	ssp370	2055	302.14978	268.4629	913.1039677653271
WL2	access-cm2	ssp370	2056	301.26266	269.10516	908.5547927461448
WL2	access-cm2	ssp370	2057	300.93805	268.73306	1619.0769898937788
WL2	access-cm2	ssp370	2058	303.7581	268.54538	1802.87293956205
WL2	access-cm2	ssp370	2059	301.92563	269.7038	927.5125303538407
WL2	access-cm2	ssp370	2060	301.43573	270.04883	1223.1108030129474
WL2	access-cm2	ssp370	2061	301.5627	269.78925	1985.1410423637956
WL2	access-cm2	ssp370	2062	301.87653	270.5379	1946.9999566208066
WL2	access-cm2	ssp370	2063	299.18802	268.50638	1960.1505956612177
WL2	access-cm2	ssp370	2064	300.5849	268.7765	2538.403765764021
WL2	access-cm2	ssp370	2065	304.89105	268.354	1855.493099056157
WL2	access-cm2	ssp370	2066	303.3369	268.3426	1513.4112232597056
WL2	access-cm2	ssp370	2067	303.7197	267.83463	1574.2566975677396
WL2	access-cm2	ssp370	2068	300.5878	271.60776	1828.918915218654
WL2	access-cm2	ssp370	2069	302.23547	267.96567	3208.1706142052517
WL2	access-cm2	ssp370	2070	303.64233	270.66653	1350.9741292276485
WL2	cnrm-esm2-1	ssp245	2041	301.74744	267.11618	2008.0272212856926
WL2	cnrm-esm2-1	ssp245	2042	301.51422	268.60623	1770.9965849294942
WL2	cnrm-esm2-1	ssp245	2043	300.06024	270.03647	1365.234280424164
WL2	cnrm-esm2-1	ssp245	2044	301.16217	268.40894	1121.4455969631563
WL2	cnrm-esm2-1	ssp245	2045	300.2854	267.46005	2050.398960756109
WL2	cnrm-esm2-1	ssp245	2046	301.3288	268.23288	893.9091517720954
WL2	cnrm-esm2-1	ssp245	2047	301.91086	267.55255	2010.8342280378151
WL2	cnrm-esm2-1	ssp245	2048	301.04758	268.6826	973.0563086690199
WL2	cnrm-esm2-1	ssp245	2049	299.28738	270.8345	1477.626041555713
WL2	cnrm-esm2-1	ssp245	2050	301.39905	269.41452	1500.2255656755774
WL2	cnrm-esm2-1	ssp245	2051	301.56696	269.13837	1581.5044863614928
WL2	cnrm-esm2-1	ssp245	2052	300.86243	267.97192	2259.391106630198
WL2	cnrm-esm2-1	ssp245	2053	300.1682	268.16498	1356.4681547926352
WL2	cnrm-esm2-1	ssp245	2054	301.04468	265.65363	2318.7498098238198
WL2	cnrm-esm2-1	ssp245	2055	303.25754	268.29767	2182.6340423896645
WL2	cnrm-esm2-1	ssp245	2056	301.60266	267.384	1372.7394700515824
WL2	cnrm-esm2-1	ssp245	2057	300.44095	267.35474	903.6038470454514
WL2	cnrm-esm2-1	ssp245	2058	298.41605	268.45892	1931.7368133225973
WL2	cnrm-esm2-1	ssp245	2059	301.01218	270.08594	2373.705287743323
WL2	cnrm-esm2-1	ssp245	2060	301.96414	267.46097	2440.417830739141
WL2	cnrm-esm2-1	ssp245	2061	301.15	269.94788	1926.5311516821193
WL2	cnrm-esm2-1	ssp245	2062	300.72485	265.68567	1453.574133943739
WL2	cnrm-esm2-1	ssp245	2063	301.61237	270.11035	1349.7045014518937
WL2	cnrm-esm2-1	ssp245	2064	301.93658	266.06207	2007.784987008155
WL2	cnrm-esm2-1	ssp245	2065	301.18542	267.49686	941.8213638011366
WL2	cnrm-esm2-1	ssp245	2066	301.0038	270.01385	1601.3218363746628
WL2	cnrm-esm2-1	ssp245	2067	301.58005000000003	268.28397	1858.9368039741844
WL2	cnrm-esm2-1	ssp245	2068	301.61948	268.87927	1622.9058805619807
WL2	cnrm-esm2-1	ssp245	2069	300.75882	269.74164	1152.5556625798133
WL2	cnrm-esm2-1	ssp245	2070	302.40472	271.0042	1341.6743008419642
WL2	cnrm-esm2-1	ssp370	2041	301.96658	268.41974	1302.301596791906
WL2	cnrm-esm2-1	ssp370	2042	298.37015	266.97668	1627.5779540184885
WL2	cnrm-esm2-1	ssp370	2043	300.0213	267.87976	1551.2521496973636
WL2	cnrm-esm2-1	ssp370	2044	301.06943	269.2146	1471.9374389620339
WL2	cnrm-esm2-1	ssp370	2045	301.49057	265.3368	2007.6303496956652
WL2	cnrm-esm2-1	ssp370	2046	298.90445	270.95334	1117.6194446626816
WL2	cnrm-esm2-1	ssp370	2047	299.80856	267.31506	1258.6714299162627
WL2	cnrm-esm2-1	ssp370	2048	298.51007	268.14	2176.001962088024
WL2	cnrm-esm2-1	ssp370	2049	300.38962	270.13547	1565.479572338499
WL2	cnrm-esm2-1	ssp370	2050	299.02286	269.2484	1965.9336970885788
WL2	cnrm-esm2-1	ssp370	2051	300.73914	268.9229	2308.0537598666992
WL2	cnrm-esm2-1	ssp370	2052	299.816	268.53903	1666.2635141517753
WL2	cnrm-esm2-1	ssp370	2053	301.25394	269.1572	1786.8462399579253
WL2	cnrm-esm2-1	ssp370	2054	300.1075	269.92548	1950.7053035893168
WL2	cnrm-esm2-1	ssp370	2055	302.6876	267.3729	1667.9739385144217
WL2	cnrm-esm2-1	ssp370	2056	302.2433	268.82672	1907.4973328620695
WL2	cnrm-esm2-1	ssp370	2057	301.42014	265.63406	1645.2167702838456
WL2	cnrm-esm2-1	ssp370	2058	301.3667	269.4336	920.1319826650433
WL2	cnrm-esm2-1	ssp370	2059	300.19177	268.20328	1398.5743932891387
WL2	cnrm-esm2-1	ssp370	2060	300.89117	268.38828	2105.320308403996
WL2	cnrm-esm2-1	ssp370	2061	302.25403	268.69278	1084.395038522774
WL2	cnrm-esm2-1	ssp370	2062	302.06915	269.85022	1550.1112483092145
WL2	cnrm-esm2-1	ssp370	2063	301.18842	271.39267	1569.2121508531018
WL2	cnrm-esm2-1	ssp370	2064	302.57175	268.10208	1918.0136976297217
WL2	cnrm-esm2-1	ssp370	2065	301.1592	270.2169	847.9016509372741
WL2	cnrm-esm2-1	ssp370	2066	302.31686	267.2277	1855.681278230558
WL2	cnrm-esm2-1	ssp370	2067	302.14066	271.17426	1748.7316562211822
WL2	cnrm-esm2-1	ssp370	2068	302.191	268.33914	1748.889187333347
WL2	cnrm-esm2-1	ssp370	2069	300.98367	271.0721	2536.1344358883384
WL2	cnrm-esm2-1	ssp370	2070	302.0516	270.40884	800.1912107923999
WL2	ec-earth3-veg	ssp245	2041	300.58017	266.44388	1263.4844799052646
WL2	ec-earth3-veg	ssp245	2042	301.35916	269.4522	1814.8419866628594
WL2	ec-earth3-veg	ssp245	2043	298.7137	269.29282	2280.7381242557035
WL2	ec-earth3-veg	ssp245	2044	299.70016	266.82816	1644.2969766910646
WL2	ec-earth3-veg	ssp245	2045	300.63828	268.45062	1297.4250472267117
WL2	ec-earth3-veg	ssp245	2046	300.27737	267.8095	1395.444394927436
WL2	ec-earth3-veg	ssp245	2047	300.80237	270.32758	1250.5830031979517
WL2	ec-earth3-veg	ssp245	2048	302.23657	267.94672	2018.6452718451073
WL2	ec-earth3-veg	ssp245	2049	299.96518	268.414	1419.0580568276064
WL2	ec-earth3-veg	ssp245	2050	301.67722	267.0916	1913.3605306036513
WL2	ec-earth3-veg	ssp245	2051	299.79205	270.42914	1777.6669764483534
WL2	ec-earth3-veg	ssp245	2052	300.79202	269.63455	1919.6560833602568
WL2	ec-earth3-veg	ssp245	2053	299.4487	271.2238	1585.810452746207
WL2	ec-earth3-veg	ssp245	2054	301.0341	266.862	934.6642601798331
WL2	ec-earth3-veg	ssp245	2055	299.55606	268.24692	1115.2123716194183
WL2	ec-earth3-veg	ssp245	2056	300.02377	270.9677	1818.1629668455353
WL2	ec-earth3-veg	ssp245	2057	299.986	267.7498	1685.4022166691586
WL2	ec-earth3-veg	ssp245	2058	299.47437	270.58478	1538.0294059635685
WL2	ec-earth3-veg	ssp245	2059	300.9517	270.58594	1257.6341109350255
WL2	ec-earth3-veg	ssp245	2060	303.32596	269.19098	1327.8617302304883
WL2	ec-earth3-veg	ssp245	2061	302.04367	264.5241	1594.3190881982073
WL2	ec-earth3-veg	ssp245	2062	300.1855	267.72745	1171.1196473333682
WL2	ec-earth3-veg	ssp245	2063	299.38788	270.3288	1385.9512559138004
WL2	ec-earth3-veg	ssp245	2064	302.3749	267.15256	2259.42385923113
WL2	ec-earth3-veg	ssp245	2065	302.23425	267.37115	1251.8268501385783
WL2	ec-earth3-veg	ssp245	2066	302.05493	269.27728	2994.1602651262083
WL2	ec-earth3-veg	ssp245	2067	300.36194	268.97864	2517.976588290123
WL2	ec-earth3-veg	ssp245	2068	299.454	268.95923	1708.760164619865
WL2	ec-earth3-veg	ssp245	2069	302.23566	270.4299	1219.5021411403904
WL2	ec-earth3-veg	ssp245	2070	301.61777	268.89655	1945.4264814499506
WL2	ec-earth3-veg	ssp370	2041	300.93256	265.7936	1492.1082375396286
WL2	ec-earth3-veg	ssp370	2042	302.36163	263.02777	2005.8839273638387
WL2	ec-earth3-veg	ssp370	2043	300.08237	269.73666	2768.253912124728
WL2	ec-earth3-veg	ssp370	2044	301.4613	268.32977	2338.947026012432
WL2	ec-earth3-veg	ssp370	2045	300.83725	264.6053	1123.741551116109
WL2	ec-earth3-veg	ssp370	2046	300.4879	265.76984	1547.2406747750902
WL2	ec-earth3-veg	ssp370	2047	298.91373	264.66058	1329.0783220901783
WL2	ec-earth3-veg	ssp370	2048	299.66333	270.85553	1583.5907938191249
WL2	ec-earth3-veg	ssp370	2049	300.33777	266.1301	1390.8033229876148
WL2	ec-earth3-veg	ssp370	2050	300.95193	266.67697	1873.775838164128
WL2	ec-earth3-veg	ssp370	2051	299.8773	267.31763	893.3399392291903
WL2	ec-earth3-veg	ssp370	2052	299.40323	268.74213	2410.7807065679976
WL2	ec-earth3-veg	ssp370	2053	301.6322	268.07425	2131.0215771663206
WL2	ec-earth3-veg	ssp370	2054	300.92142	267.70242	1184.1706666163925
WL2	ec-earth3-veg	ssp370	2055	300.81216	267.98788	2513.8546121189825
WL2	ec-earth3-veg	ssp370	2056	298.00787	267.94864	1523.1073478702267
WL2	ec-earth3-veg	ssp370	2057	302.7839	267.0719	963.6278092162547
WL2	ec-earth3-veg	ssp370	2058	299.92523	266.7045	1953.8506637792211
WL2	ec-earth3-veg	ssp370	2059	300.57925	264.2361	2168.048932403271
WL2	ec-earth3-veg	ssp370	2060	301.6132	269.6253	2210.622149985243
WL2	ec-earth3-veg	ssp370	2061	301.05887	270.95645	1831.9408470647923
WL2	ec-earth3-veg	ssp370	2062	302.2999	269.14316	1176.967616361786
WL2	ec-earth3-veg	ssp370	2063	299.99716	267.97247	1800.0169877078688
WL2	ec-earth3-veg	ssp370	2064	298.72882	270.49866	2128.2764037139195
WL2	ec-earth3-veg	ssp370	2065	302.86588	269.15472	1797.3615482915075
WL2	ec-earth3-veg	ssp370	2066	300.0159	270.36365	2075.391409685815
WL2	ec-earth3-veg	ssp370	2067	299.13498	270.57236	2168.7302308855033
WL2	ec-earth3-veg	ssp370	2068	302.32913	269.5777	1667.249550973022
WL2	ec-earth3-veg	ssp370	2069	302.20828	268.54535	1499.0820815088086
WL2	ec-earth3-veg	ssp370	2070	304.19012	269.32028	1032.8605514019728
WL2	miroc6	ssp245	2041	300.76617	266.26398	1234.1067307220892
WL2	miroc6	ssp245	2042	298.27896	269.6546	2309.0506243519035
WL2	miroc6	ssp245	2043	298.77954	268.6611	1755.4507087901027
WL2	miroc6	ssp245	2044	298.72958	268.4236	1880.4155838209736
WL2	miroc6	ssp245	2045	301.93494	267.85056	690.3673628345132
WL2	miroc6	ssp245	2046	302.71088	268.0906	1364.4056834047337
WL2	miroc6	ssp245	2047	298.72925	269.19827	1259.6742571564168
WL2	miroc6	ssp245	2048	299.295	268.98654	2368.9930084975535
WL2	miroc6	ssp245	2049	298.45932	266.67163	1810.3335606981877
WL2	miroc6	ssp245	2050	301.16144	266.7501	1102.9467333107932
WL2	miroc6	ssp245	2051	301.43893	269.27032	907.0809655822668
WL2	miroc6	ssp245	2052	299.6317	268.0905	2089.6183881907864
WL2	miroc6	ssp245	2053	299.818	269.6054	1509.4331324100149
WL2	miroc6	ssp245	2054	299.6367	267.7868	1288.9716553268772
WL2	miroc6	ssp245	2055	301.03424	270.50375	1562.7354421187033
WL2	miroc6	ssp245	2056	299.3015	267.40475	1442.5952958874295
WL2	miroc6	ssp245	2057	300.72144	268.2248	1908.948330511288
WL2	miroc6	ssp245	2058	299.68958	267.2159	2061.514255776956
WL2	miroc6	ssp245	2059	299.68182	269.4315	1613.0776466801499
WL2	miroc6	ssp245	2060	298.16974	269.21454	3065.7923482066794
WL2	miroc6	ssp245	2061	299.9607	269.5304	673.1276583275758
WL2	miroc6	ssp245	2062	303.23145	265.6779	1021.0839364794031
WL2	miroc6	ssp245	2063	303.71307	263.44516	1231.3531449297109
WL2	miroc6	ssp245	2064	303.71152	269.24472	1411.5951642481225
WL2	miroc6	ssp245	2065	301.07904	269.39908	1482.529794692511
WL2	miroc6	ssp245	2066	298.73312	269.75745	1691.6467032045584
WL2	miroc6	ssp245	2067	303.17764	268.21356	799.9415270984173
WL2	miroc6	ssp245	2068	302.5411	269.43234	1003.6961725221571
WL2	miroc6	ssp245	2069	304.51184	267.82025	1720.3865697607343
WL2	miroc6	ssp245	2070	303.71295	270.12927	900.2080660779006
WL2	miroc6	ssp370	2041	305.3946	266.63596	820.6263009924442
WL2	miroc6	ssp370	2042	301.08704	269.09473	1417.9268078165146
WL2	miroc6	ssp370	2043	302.27612	268.79498	819.4155869423406
WL2	miroc6	ssp370	2044	305.06537	262.59915	1127.8918957337692
WL2	miroc6	ssp370	2045	301.31516	270.21054	1412.5475679756928
WL2	miroc6	ssp370	2046	299.83755	269.68024	1331.8161737406447
WL2	miroc6	ssp370	2047	300.985	268.52432	1046.323008398746
WL2	miroc6	ssp370	2048	300.0026	269.13074	1486.9062152691092
WL2	miroc6	ssp370	2049	300.94113	269.5985	1383.1734118983086
WL2	miroc6	ssp370	2050	300.24002	268.7073	1489.9420526926046
WL2	miroc6	ssp370	2051	299.2647	268.5624	1905.4815616341714
WL2	miroc6	ssp370	2052	298.62872	270.168	2464.8475438356027
WL2	miroc6	ssp370	2053	300.5295	269.9119	1612.0297281536793
WL2	miroc6	ssp370	2054	302.8001	269.63892	1725.1746265450324
WL2	miroc6	ssp370	2055	300.03687	268.88263	2451.921522617299
WL2	miroc6	ssp370	2056	299.5601	269.90735	1746.3299841619817
WL2	miroc6	ssp370	2057	300.12402	268.87604	1594.7922880178921
WL2	miroc6	ssp370	2058	303.55307	269.32086	1032.2850597789447
WL2	miroc6	ssp370	2059	303.64325	266.35327	1289.5303728757262
WL2	miroc6	ssp370	2060	301.7146	268.40567	962.3400427401004
WL2	miroc6	ssp370	2061	300.49664	270.49277	1767.0532096177328
WL2	miroc6	ssp370	2062	303.23587	269.04016	736.217028647661
WL2	miroc6	ssp370	2063	301.04477	265.7706	2037.4109905678113
WL2	miroc6	ssp370	2064	301.52344	268.7893	2085.4608300549153
WL2	miroc6	ssp370	2065	300.09808	267.45956	1354.3077069392618
WL2	miroc6	ssp370	2066	303.4476	268.46027	1172.0725389662998
WL2	miroc6	ssp370	2067	303.33154	268.49155	1083.809835626725
WL2	miroc6	ssp370	2068	301.35168	266.31888	1223.13467902131
WL2	miroc6	ssp370	2069	301.11853	271.79648	1214.9636486079544
WL2	miroc6	ssp370	2070	301.74783	270.16147	1247.418106009717
WL2	mpi-esm1-2-hr	ssp245	2041	298.32687	266.03522	2111.1624720738764
WL2	mpi-esm1-2-hr	ssp245	2042	299.3265	265.54413	1838.0616522277664
WL2	mpi-esm1-2-hr	ssp245	2043	302.6356	267.55048	838.9582889154553
WL2	mpi-esm1-2-hr	ssp245	2044	300.89926	266.92343	1276.3124784134561
WL2	mpi-esm1-2-hr	ssp245	2045	298.35245	266.0635	1758.6810600478161
WL2	mpi-esm1-2-hr	ssp245	2046	298.30963	268.56924	1652.4036488611837
WL2	mpi-esm1-2-hr	ssp245	2047	299.65884	266.8885	1781.0448629431976
WL2	mpi-esm1-2-hr	ssp245	2048	300.14584	269.0626	2177.7052029500937
WL2	mpi-esm1-2-hr	ssp245	2049	301.2077	266.52405	1112.6597841270268
WL2	mpi-esm1-2-hr	ssp245	2050	302.52188	269.20767	707.0525998889934
WL2	mpi-esm1-2-hr	ssp245	2051	299.3414	266.7219	2447.713611926843
WL2	mpi-esm1-2-hr	ssp245	2052	300.31952	268.20694	1630.804249132025
WL2	mpi-esm1-2-hr	ssp245	2053	300.48874	267.55835	2152.443588845174
WL2	mpi-esm1-2-hr	ssp245	2054	301.33618	267.0877	1375.7496509933474
WL2	mpi-esm1-2-hr	ssp245	2055	298.22278	268.08868	905.2255054819386
WL2	mpi-esm1-2-hr	ssp245	2056	300.58755	269.65182	823.0904918862482
WL2	mpi-esm1-2-hr	ssp245	2057	299.82416	266.58725	1275.6166948238244
WL2	mpi-esm1-2-hr	ssp245	2058	300.8811	267.21298	1725.1506406813396
WL2	mpi-esm1-2-hr	ssp245	2059	299.04422	270.73932	1116.9490286149085
WL2	mpi-esm1-2-hr	ssp245	2060	300.20685	265.72726	1682.5091701000606
WL2	mpi-esm1-2-hr	ssp245	2061	300.5688	263.2209	1612.0138668687641
WL2	mpi-esm1-2-hr	ssp245	2062	300.28967	265.84396	1535.6482147704478
WL2	mpi-esm1-2-hr	ssp245	2063	297.95578	264.267	1944.7773236635442
WL2	mpi-esm1-2-hr	ssp245	2064	299.20074	266.4859	1400.8493558037787
WL2	mpi-esm1-2-hr	ssp245	2065	300.81967	269.74774	1617.867584677831
WL2	mpi-esm1-2-hr	ssp245	2066	301.80634	267.65588	1636.1330505693186
WL2	mpi-esm1-2-hr	ssp245	2067	301.98657	269.25198	1494.1848653135605
WL2	mpi-esm1-2-hr	ssp245	2068	300.70004	269.2593	958.5539864521596
WL2	mpi-esm1-2-hr	ssp245	2069	301.91608	265.5754	1661.1147415358182
WL2	mpi-esm1-2-hr	ssp245	2070	300.13913	270.11093	1537.4049531295736
WL2	mpi-esm1-2-hr	ssp370	2041	302.71094	267.61014	1701.908168429466
WL2	mpi-esm1-2-hr	ssp370	2042	299.36172	266.41876	1586.5944288612707
WL2	mpi-esm1-2-hr	ssp370	2043	299.62607	263.95337	1865.557844366372
WL2	mpi-esm1-2-hr	ssp370	2044	301.80795	266.1153	1345.9890405647077
WL2	mpi-esm1-2-hr	ssp370	2045	299.9235	267.27472	2177.828818629454
WL2	mpi-esm1-2-hr	ssp370	2046	300.49615	267.46548	1608.1419393187011
WL2	mpi-esm1-2-hr	ssp370	2047	298.72812	266.02203	1387.970986962298
WL2	mpi-esm1-2-hr	ssp370	2048	299.80206	266.11517	1067.6192865008356
WL2	mpi-esm1-2-hr	ssp370	2049	301.15167	266.37567	1161.352361622232
WL2	mpi-esm1-2-hr	ssp370	2050	299.64362	269.52728	1095.4932935535908
WL2	mpi-esm1-2-hr	ssp370	2051	302.09796	269.2764	1471.6705480590276
WL2	mpi-esm1-2-hr	ssp370	2052	299.9837	266.793	1696.90297278574
WL2	mpi-esm1-2-hr	ssp370	2053	302.84213	269.14316	1755.6349062826184
WL2	mpi-esm1-2-hr	ssp370	2054	301.6042	268.3919	1587.0407883077592
WL2	mpi-esm1-2-hr	ssp370	2055	297.4259	264.28854	2177.659051772179
WL2	mpi-esm1-2-hr	ssp370	2056	300.09003	268.053	1270.482966885899
WL2	mpi-esm1-2-hr	ssp370	2057	299.28238	267.83978	1836.5815446478937
WL2	mpi-esm1-2-hr	ssp370	2058	299.26852	267.94675	1641.8809872935285
WL2	mpi-esm1-2-hr	ssp370	2059	298.07797	269.07617	1485.5288514867143
WL2	mpi-esm1-2-hr	ssp370	2060	301.73233	268.9723	1298.9460511598652
WL2	mpi-esm1-2-hr	ssp370	2061	300.45312	267.78253	1441.6328815742843
WL2	mpi-esm1-2-hr	ssp370	2062	301.46994	268.4604	1494.5014325086488
WL2	mpi-esm1-2-hr	ssp370	2063	298.8488	268.81406	1363.2085217919418
WL2	mpi-esm1-2-hr	ssp370	2064	301.01468	267.20645	1554.57610005978
WL2	mpi-esm1-2-hr	ssp370	2065	300.54242	269.50247	740.0874109938741
WL2	mpi-esm1-2-hr	ssp370	2066	299.9711	267.18753	1507.6995193026685
WL2	mpi-esm1-2-hr	ssp370	2067	301.2791	269.88956	1590.8787851803527
WL2	mpi-esm1-2-hr	ssp370	2068	300.75406	268.65146	1819.7520813904177
WL2	mpi-esm1-2-hr	ssp370	2069	300.13885	266.83255	1207.1334192529062
WL2	mpi-esm1-2-hr	ssp370	2070	300.10312	268.0292	1619.715912826337
WL2	mri-esm2-0	ssp245	2041	300.22174	264.33093	1666.522090940234
WL2	mri-esm2-0	ssp245	2042	302.63577	265.6251	1826.3005088315974
WL2	mri-esm2-0	ssp245	2043	300.4002	268.8881	1602.527882438111
WL2	mri-esm2-0	ssp245	2044	299.4493	271.4024	934.6562642371282
WL2	mri-esm2-0	ssp245	2045	299.98163	269.1299	2095.680733350999
WL2	mri-esm2-0	ssp245	2046	301.5854	269.64462	2244.193766824852
WL2	mri-esm2-0	ssp245	2047	298.54486000000003	264.64832	1849.696621997257
WL2	mri-esm2-0	ssp245	2048	301.95837	264.43033	1592.2981589566743
WL2	mri-esm2-0	ssp245	2049	299.6271	270.10776	1155.9594851452662
WL2	mri-esm2-0	ssp245	2050	299.27856	267.45163	1628.717263368852
WL2	mri-esm2-0	ssp245	2051	298.35507	267.0797	1524.329618259764
WL2	mri-esm2-0	ssp245	2052	300.76334	268.2862	1212.6510140486062
WL2	mri-esm2-0	ssp245	2053	299.3786	268.99136	1615.4296682216036
WL2	mri-esm2-0	ssp245	2054	299.68433	268.36557	2050.2794993051084
WL2	mri-esm2-0	ssp245	2055	300.24362	268.67175	972.5006312364294
WL2	mri-esm2-0	ssp245	2056	298.9489	269.4147	1363.0169537616803
WL2	mri-esm2-0	ssp245	2057	300.86975	266.8025	2192.503295838763
WL2	mri-esm2-0	ssp245	2058	300.08224	268.18085	1518.574066157425
WL2	mri-esm2-0	ssp245	2059	300.1233	267.68912	1537.6376931729847
WL2	mri-esm2-0	ssp245	2060	302.54572	268.14844	523.1719586066902
WL2	mri-esm2-0	ssp245	2061	303.3196	269.24484	1555.8859029784487
WL2	mri-esm2-0	ssp245	2062	299.90662	269.58124	1637.6245639286599
WL2	mri-esm2-0	ssp245	2063	300.87787	266.6608	1310.942200385032
WL2	mri-esm2-0	ssp245	2064	300.99023	268.26794	2086.2455443536746
WL2	mri-esm2-0	ssp245	2065	300.35733	268.6596	1856.8181798793355
WL2	mri-esm2-0	ssp245	2066	301.28574	269.5283	1644.8145445435837
WL2	mri-esm2-0	ssp245	2067	300.3586	266.0615	1223.1395409442234
WL2	mri-esm2-0	ssp245	2068	301.63043	269.0802	1514.460923988359
WL2	mri-esm2-0	ssp245	2069	301.51114	269.6086	1024.3290151236392
WL2	mri-esm2-0	ssp245	2070	300.99533	268.38358	2737.362902099237
WL2	mri-esm2-0	ssp370	2041	300.7715	265.78357	1441.3236748427103
WL2	mri-esm2-0	ssp370	2042	301.8971	266.78757	1222.9470219346608
WL2	mri-esm2-0	ssp370	2043	299.6528	268.66986000000003	1330.5988479405469
WL2	mri-esm2-0	ssp370	2044	299.7628	268.5918	1269.2660660482634
WL2	mri-esm2-0	ssp370	2045	301.3193	269.01944	1085.9100530622527
WL2	mri-esm2-0	ssp370	2046	300.04858	267.34744	2202.8845523949394
WL2	mri-esm2-0	ssp370	2047	302.25348	268.83606	2407.2872218675284
WL2	mri-esm2-0	ssp370	2048	300.6475	266.52878	1110.4659643024015
WL2	mri-esm2-0	ssp370	2049	303.0243	267.2081	1901.7249721102055
WL2	mri-esm2-0	ssp370	2050	298.85175	268.00363	2157.8424391569106
WL2	mri-esm2-0	ssp370	2051	302.15424	268.7716	2315.978522237817
WL2	mri-esm2-0	ssp370	2052	300.18283	268.30942	1335.5589086073346
WL2	mri-esm2-0	ssp370	2053	300.5325	270.26956	1271.613935718755
WL2	mri-esm2-0	ssp370	2054	298.94592	268.3548	1626.8422798253193
WL2	mri-esm2-0	ssp370	2055	299.96716	264.4005	1988.9670733362188
WL2	mri-esm2-0	ssp370	2056	300.7299	268.75107	1520.019215857564
WL2	mri-esm2-0	ssp370	2057	301.2883	269.7347	1440.7896937569335
WL2	mri-esm2-0	ssp370	2058	303.52792	268.86792	1760.4619433171943
WL2	mri-esm2-0	ssp370	2059	300.68677	267.07272	1460.662635276044
WL2	mri-esm2-0	ssp370	2060	298.06308	266.70755	1297.3286300897544
WL2	mri-esm2-0	ssp370	2061	301.45126	267.65292	1955.8172844175313
WL2	mri-esm2-0	ssp370	2062	299.48630000000003	266.12323	1734.5885345711786
WL2	mri-esm2-0	ssp370	2063	302.23325	268.9793	796.8438724055886
WL2	mri-esm2-0	ssp370	2064	301.98718	268.94876	1848.756473581242
WL2	mri-esm2-0	ssp370	2065	300.52432	270.33182	1231.4596256939694
WL2	mri-esm2-0	ssp370	2066	300.35156	268.29837	1479.1400285000948
WL2	mri-esm2-0	ssp370	2067	302.463	267.5279	1495.570972573432
WL2	mri-esm2-0	ssp370	2068	300.87097	267.89944	1160.2871305891113
WL2	mri-esm2-0	ssp370	2069	301.45496	267.93524	1183.789999864501
WL2	mri-esm2-0	ssp370	2070	300.73984	267.06888	2473.3694826252345
WR	access-cm2	ssp245	2041	306.67178	273.7221	1803.7286767386465
WR	access-cm2	ssp245	2042	306.417	269.82803	1638.0344440228814
WR	access-cm2	ssp245	2043	307.8488	274.52402	2558.266409486494
WR	access-cm2	ssp245	2044	307.01923	274.852	1176.8051940947576
WR	access-cm2	ssp245	2045	306.71793	272.99335	1841.0739771555764
WR	access-cm2	ssp245	2046	305.6975	272.98206	2129.912482900513
WR	access-cm2	ssp245	2047	309.32074	274.9689	1753.9161480031453
WR	access-cm2	ssp245	2048	307.07828	275.46643	1399.0012228488772
WR	access-cm2	ssp245	2049	309.08212	271.32648	1067.0518921105931
WR	access-cm2	ssp245	2050	306.56085	269.83353	1854.8175645991666
WR	access-cm2	ssp245	2051	307.05435	275.0698	1277.6516154524415
WR	access-cm2	ssp245	2052	309.13177	274.3052	1713.3989328983762
WR	access-cm2	ssp245	2053	307.9569	273.74152	1423.9224402699347
WR	access-cm2	ssp245	2054	309.65442	275.90665	793.9313055365178
WR	access-cm2	ssp245	2055	307.49927	274.1416	1721.3216632604529
WR	access-cm2	ssp245	2056	309.28198	272.79855	2241.903899190886
WR	access-cm2	ssp245	2057	308.56277	273.07483	1723.1886202934284
WR	access-cm2	ssp245	2058	308.7087	274.47812	2513.287670351531
WR	access-cm2	ssp245	2059	310.7663	273.42972	2885.013250244035
WR	access-cm2	ssp245	2060	307.85745	274.17877	1150.04957076158
WR	access-cm2	ssp245	2061	309.08954	275.6288	1505.162867903705
WR	access-cm2	ssp245	2062	305.97256	272.92935	1999.9895794316672
WR	access-cm2	ssp245	2063	307.05548	275.28616	1519.6090315002668
WR	access-cm2	ssp245	2064	308.61215	274.52286	1585.7896050670786
WR	access-cm2	ssp245	2065	307.95074	273.32324	2103.9780766353633
WR	access-cm2	ssp245	2066	308.27823	275.57352	1040.0804692413658
WR	access-cm2	ssp245	2067	308.6693	273.21646	1076.3005863816943
WR	access-cm2	ssp245	2068	307.82025	272.14703	1606.7318540531833
WR	access-cm2	ssp245	2069	307.89447	273.80975	2487.2775481547865
WR	access-cm2	ssp245	2070	306.39597	274.25497	1807.8185004661962
WR	access-cm2	ssp370	2041	306.84103	273.3541	1188.4573588147723
WR	access-cm2	ssp370	2042	306.7656	272.9583	1699.173636641302
WR	access-cm2	ssp370	2043	306.4623	273.61505	1181.3872804865068
WR	access-cm2	ssp370	2044	307.6085	274.09415	1862.0517237111596
WR	access-cm2	ssp370	2045	307.09543	273.5576	1598.4494155738275
WR	access-cm2	ssp370	2046	307.19675	274.62723	2279.5353536959283
WR	access-cm2	ssp370	2047	307.80844	269.5572	1434.7858296590794
WR	access-cm2	ssp370	2048	306.02277	272.34012	1292.925977194645
WR	access-cm2	ssp370	2049	307.16486	274.17853	1877.072363672764
WR	access-cm2	ssp370	2050	308.68448	270.033	1727.1861054003068
WR	access-cm2	ssp370	2051	306.52908	271.9451	1557.5078892521142
WR	access-cm2	ssp370	2052	306.29007	274.894	2757.630306249439
WR	access-cm2	ssp370	2053	308.21823	272.49274	1606.7715779878063
WR	access-cm2	ssp370	2054	306.77032	275.05032	948.1698959254458
WR	access-cm2	ssp370	2055	307.58075	273.92392	1015.4332531441348
WR	access-cm2	ssp370	2056	307.0585	273.54376	775.7120536873117
WR	access-cm2	ssp370	2057	306.86493	274.03088	1445.9893594029986
WR	access-cm2	ssp370	2058	309.051	273.8441	1879.1091372258356
WR	access-cm2	ssp370	2059	307.28323	274.46323	1087.5740760471672
WR	access-cm2	ssp370	2060	307.43915	275.2197	1482.134816260072
WR	access-cm2	ssp370	2061	307.383	274.5549	1952.957955258843
WR	access-cm2	ssp370	2062	307.7331	275.45645	2236.094625480457
WR	access-cm2	ssp370	2063	305.11185	273.32425	1491.7269140132698
WR	access-cm2	ssp370	2064	306.0715	274.1087	3017.469893081531
WR	access-cm2	ssp370	2065	311.02798	273.22806	1917.2447405755174
WR	access-cm2	ssp370	2066	308.73355	273.86063	1646.376553270914
WR	access-cm2	ssp370	2067	308.9877	272.96002	1453.1960798310697
WR	access-cm2	ssp370	2068	306.59937	276.89743	2085.442156300951
WR	access-cm2	ssp370	2069	307.97354	272.65213	3475.098257604943
WR	access-cm2	ssp370	2070	309.76	275.22153	1531.8704748758646
WR	cnrm-esm2-1	ssp245	2041	307.06735	271.99557	2032.5948139652437
WR	cnrm-esm2-1	ssp245	2042	306.86755	273.55286	2005.3919754456533
WR	cnrm-esm2-1	ssp245	2043	305.27484	274.73618	1591.3223294075244
WR	cnrm-esm2-1	ssp245	2044	306.38672	272.72534	1223.54110880986
WR	cnrm-esm2-1	ssp245	2045	305.67072	272.53748	2173.4265454346005
WR	cnrm-esm2-1	ssp245	2046	306.83917	273.642	1074.4982623087437
WR	cnrm-esm2-1	ssp245	2047	307.09665	272.7062	2308.9589067123234
WR	cnrm-esm2-1	ssp245	2048	306.39053	273.65106	1110.3485438972432
WR	cnrm-esm2-1	ssp245	2049	304.76834	275.09387	1752.1950555731864
WR	cnrm-esm2-1	ssp245	2050	306.97223	274.48123	1351.1344964615644
WR	cnrm-esm2-1	ssp245	2051	307.0461	274.33905	1480.8542411424692
WR	cnrm-esm2-1	ssp245	2052	306.1995	272.30832	2379.2572604957377
WR	cnrm-esm2-1	ssp245	2053	305.30197	272.84238	1377.3665675776695
WR	cnrm-esm2-1	ssp245	2054	306.56305	271.01077	2441.991447983257
WR	cnrm-esm2-1	ssp245	2055	308.69418	273.64355	2357.954577938606
WR	cnrm-esm2-1	ssp245	2056	306.907	272.4805	1503.9877086295485
WR	cnrm-esm2-1	ssp245	2057	305.7451	271.25168	747.7662732359022
WR	cnrm-esm2-1	ssp245	2058	304.3444	273.2382	2131.2765433452278
WR	cnrm-esm2-1	ssp245	2059	306.5231	275.03055	2558.320154315117
WR	cnrm-esm2-1	ssp245	2060	307.5405	272.40128	2429.801182052979
WR	cnrm-esm2-1	ssp245	2061	306.87183	274.3394	1872.010610927784
WR	cnrm-esm2-1	ssp245	2062	306.06073	270.44977	1436.870573367912
WR	cnrm-esm2-1	ssp245	2063	307.15512	275.3306	1650.208159911526
WR	cnrm-esm2-1	ssp245	2064	306.79535	271.3867	1886.462975770674
WR	cnrm-esm2-1	ssp245	2065	306.37418	272.5834	991.9303984846687
WR	cnrm-esm2-1	ssp245	2066	306.49643	275.2238	2031.0897327668308
WR	cnrm-esm2-1	ssp245	2067	306.97543	273.0133	1764.2151969484603
WR	cnrm-esm2-1	ssp245	2068	306.9955	273.71033	1819.4372813100515
WR	cnrm-esm2-1	ssp245	2069	305.8125	274.01736	1098.5793699044468
WR	cnrm-esm2-1	ssp245	2070	307.58813	275.58566	1410.1160740479359
WR	cnrm-esm2-1	ssp370	2041	307.13663	273.38953	1387.9955901531337
WR	cnrm-esm2-1	ssp370	2042	303.9867	272.11115	1438.9818096533245
WR	cnrm-esm2-1	ssp370	2043	305.4319	273.00217	1805.8494322467066
WR	cnrm-esm2-1	ssp370	2044	306.38528	273.45724	1352.316076692635
WR	cnrm-esm2-1	ssp370	2045	307.22202	270.4855	2216.703932778886
WR	cnrm-esm2-1	ssp370	2046	304.30164	274.53177	1270.0289579573844
WR	cnrm-esm2-1	ssp370	2047	305.52933	271.34015	1274.9197179916785
WR	cnrm-esm2-1	ssp370	2048	303.9789	272.86517	2178.8253018428463
WR	cnrm-esm2-1	ssp370	2049	306.03085	275.13004	1735.9966930467353
WR	cnrm-esm2-1	ssp370	2050	304.78357	274.3131	2157.483597937923
WR	cnrm-esm2-1	ssp370	2051	306.3049	273.3852	2260.1266981567687
WR	cnrm-esm2-1	ssp370	2052	305.41354	272.4013	1584.411962481668
WR	cnrm-esm2-1	ssp370	2053	306.7793	274.49173	2189.5271439570574
WR	cnrm-esm2-1	ssp370	2054	305.59354	274.1883	1872.19531747974
WR	cnrm-esm2-1	ssp370	2055	307.9334	272.81454	1905.930329882466
WR	cnrm-esm2-1	ssp370	2056	307.26486	273.75766	1751.8723550252093
WR	cnrm-esm2-1	ssp370	2057	306.55972	269.719	1865.3532871627172
WR	cnrm-esm2-1	ssp370	2058	307.41412	273.58704	1029.4182603014494
WR	cnrm-esm2-1	ssp370	2059	305.88928	272.86475	1379.5549103524315
WR	cnrm-esm2-1	ssp370	2060	306.349	272.7344	2041.9016300292724
WR	cnrm-esm2-1	ssp370	2061	307.84116	273.7234	1353.7508093111483
WR	cnrm-esm2-1	ssp370	2062	307.53027	274.367	1686.1637984867698
WR	cnrm-esm2-1	ssp370	2063	306.6973	275.0192	1699.8012169729507
WR	cnrm-esm2-1	ssp370	2064	307.5506	272.80847	1974.530202022217
WR	cnrm-esm2-1	ssp370	2065	306.75	275.14383	759.4791242969222
WR	cnrm-esm2-1	ssp370	2066	308.2374	272.87317	2029.8175493422223
WR	cnrm-esm2-1	ssp370	2067	308.0028	276.25284	1616.9732646317855
WR	cnrm-esm2-1	ssp370	2068	307.67444	272.84415	2098.8447045091953
WR	cnrm-esm2-1	ssp370	2069	306.88376	275.4237	2814.6900662511475
WR	cnrm-esm2-1	ssp370	2070	307.4542	275.08276	767.4682905664667
WR	ec-earth3-veg	ssp245	2041	306.2793	270.1623	1121.8029140378264
WR	ec-earth3-veg	ssp245	2042	306.85455	274.64072	2181.0964325442287
WR	ec-earth3-veg	ssp245	2043	304.9276	274.40646	2318.54501750781
WR	ec-earth3-veg	ssp245	2044	305.30997	272.24722	1843.1511045433049
WR	ec-earth3-veg	ssp245	2045	305.9414	273.9032	1553.1087340466859
WR	ec-earth3-veg	ssp245	2046	306.24396	273.57782	1720.0601102434898
WR	ec-earth3-veg	ssp245	2047	306.09097	275.8982	1155.4211701964687
WR	ec-earth3-veg	ssp245	2048	307.7737	273.82516	1951.6533637884545
WR	ec-earth3-veg	ssp245	2049	305.4877	273.4484	1554.3652991763806
WR	ec-earth3-veg	ssp245	2050	307.4184	271.93466	1921.0964195429924
WR	ec-earth3-veg	ssp245	2051	305.44324	274.9105	2199.678052455348
WR	ec-earth3-veg	ssp245	2052	306.12387	274.33813	1925.266133900688
WR	ec-earth3-veg	ssp245	2053	304.9353	275.8475	1676.8620007205502
WR	ec-earth3-veg	ssp245	2054	306.93365	272.0257	911.8727580760224
WR	ec-earth3-veg	ssp245	2055	305.16934	274.03323	967.2461944632232
WR	ec-earth3-veg	ssp245	2056	305.72226	276.06778	1859.4792113086082
WR	ec-earth3-veg	ssp245	2057	305.44232	272.24002	1463.3293516002373
WR	ec-earth3-veg	ssp245	2058	305.33362	275.454	1840.5422984738657
WR	ec-earth3-veg	ssp245	2059	306.93976	274.61362	1310.401260459891
WR	ec-earth3-veg	ssp245	2060	308.54416	274.62543	1257.350096275326
WR	ec-earth3-veg	ssp245	2061	307.55927	269.3061	1751.3747490942328
WR	ec-earth3-veg	ssp245	2062	305.68906	272.22012	996.1542840872426
WR	ec-earth3-veg	ssp245	2063	305.21277	275.359	1397.1584541024622
WR	ec-earth3-veg	ssp245	2064	307.93295	272.98526	2411.0902099404057
WR	ec-earth3-veg	ssp245	2065	307.6675	272.33374	1148.571968637395
WR	ec-earth3-veg	ssp245	2066	308.0594	274.65652	2897.6565332617197
WR	ec-earth3-veg	ssp245	2067	305.6547	273.33435	2624.435788183413
WR	ec-earth3-veg	ssp245	2068	304.9547	273.59607	1933.006371711929
WR	ec-earth3-veg	ssp245	2069	307.57822	275.76538	1317.0362727512515
WR	ec-earth3-veg	ssp245	2070	307.05823	274.36942	2054.1536099742943
WR	ec-earth3-veg	ssp370	2041	306.2846	269.88754	1363.8013625793767
WR	ec-earth3-veg	ssp370	2042	307.7902	267.841	2002.3725437116198
WR	ec-earth3-veg	ssp370	2043	305.5371	275.0513	2997.8844962082394
WR	ec-earth3-veg	ssp370	2044	307.07864	274.0551	2565.7084796111562
WR	ec-earth3-veg	ssp370	2045	306.46796	270.05405	984.5789420243615
WR	ec-earth3-veg	ssp370	2046	305.99832	271.04745	1419.1656301729336
WR	ec-earth3-veg	ssp370	2047	304.3655	268.27774	1555.3967535495567
WR	ec-earth3-veg	ssp370	2048	305.1658	275.9208	1823.2000730232864
WR	ec-earth3-veg	ssp370	2049	305.5567	271.1545	1646.1130513809342
WR	ec-earth3-veg	ssp370	2050	306.69223	272.62405	2090.507845999626
WR	ec-earth3-veg	ssp370	2051	305.45535	271.99442	879.3341323267603
WR	ec-earth3-veg	ssp370	2052	304.6469	274.42004	2531.126068113327
WR	ec-earth3-veg	ssp370	2053	307.2147	273.6564	1985.5760002741083
WR	ec-earth3-veg	ssp370	2054	306.47086	273.1033	1301.409420653335
WR	ec-earth3-veg	ssp370	2055	306.4305	272.75293	2386.5441357018294
WR	ec-earth3-veg	ssp370	2056	303.6802	273.32996	1795.3260978741737
WR	ec-earth3-veg	ssp370	2057	308.4059	271.77277	970.1887585921163
WR	ec-earth3-veg	ssp370	2058	305.79163	271.75317	1986.7851540329116
WR	ec-earth3-veg	ssp370	2059	306.50122	270.16797	2153.0941436721314
WR	ec-earth3-veg	ssp370	2060	307.1795	274.58652	2432.617843500307
WR	ec-earth3-veg	ssp370	2061	306.53482	275.56128	1999.5186824089142
WR	ec-earth3-veg	ssp370	2062	307.62027	274.7454	1281.1722498969027
WR	ec-earth3-veg	ssp370	2063	305.1766	272.70575	1856.6617829957343
WR	ec-earth3-veg	ssp370	2064	305.01846	275.7515	1676.6978044237007
WR	ec-earth3-veg	ssp370	2065	308.21637	273.46283	1650.7094783708046
WR	ec-earth3-veg	ssp370	2066	305.98926	276.11392	2292.7718339022117
WR	ec-earth3-veg	ssp370	2067	305.3886	275.59744	1977.8781599364397
WR	ec-earth3-veg	ssp370	2068	307.9356	274.85397	1983.7330844253013
WR	ec-earth3-veg	ssp370	2069	307.8454	273.76605	1503.887247433852
WR	ec-earth3-veg	ssp370	2070	309.98404	274.33743	1078.9839219767591
WR	miroc6	ssp245	2041	305.85516	271.0981	1436.9270342867164
WR	miroc6	ssp245	2042	304.474	275.03784	2399.40146072762
WR	miroc6	ssp245	2043	304.55777	273.51007	1707.8181205317337
WR	miroc6	ssp245	2044	305.1202	273.73303	2308.372387988456
WR	miroc6	ssp245	2045	307.40707	272.55936	784.1718731448054
WR	miroc6	ssp245	2046	307.9571	272.9472	1368.1751428171679
WR	miroc6	ssp245	2047	304.32846	273.94547	1335.3458009194028
WR	miroc6	ssp245	2048	305.32217	274.0322	2185.8366093830873
WR	miroc6	ssp245	2049	304.30585	271.25488	1432.8207688405923
WR	miroc6	ssp245	2050	306.26877	272.75974	1143.0598292034015
WR	miroc6	ssp245	2051	305.77737	273.6221	893.1272253859788
WR	miroc6	ssp245	2052	304.9941	273.05505	2311.9579087360275
WR	miroc6	ssp245	2053	305.64084	274.53857	1659.2183388769313
WR	miroc6	ssp245	2054	305.44846	272.99603	1363.8047669548505
WR	miroc6	ssp245	2055	306.0348	275.42798	2031.4348686311578
WR	miroc6	ssp245	2056	304.90472	271.68973	1666.1690874548656
WR	miroc6	ssp245	2057	306.45743	273.1637	1795.4840181162178
WR	miroc6	ssp245	2058	305.44568	272.0957	1951.419205684201
WR	miroc6	ssp245	2059	305.05878	274.02264	1870.5515367909918
WR	miroc6	ssp245	2060	303.51642	274.22736	3492.1208820305183
WR	miroc6	ssp245	2061	305.64392	273.78604	616.1484238458797
WR	miroc6	ssp245	2062	308.1244	271.39136	1103.9270746288385
WR	miroc6	ssp245	2063	308.22986	269.5371	1232.7592948917063
WR	miroc6	ssp245	2064	308.1328	274.26663	1304.7450871089861
WR	miroc6	ssp245	2065	306.4053	275.15286	1564.5558990770578
WR	miroc6	ssp245	2066	304.22797	275.2891	2015.806516434502
WR	miroc6	ssp245	2067	308.00754	272.1209	867.3758223652592
WR	miroc6	ssp245	2068	307.54507	274.06052	1236.7240256687946
WR	miroc6	ssp245	2069	309.29633	273.51154	1637.1537205762784
WR	miroc6	ssp245	2070	308.04813	274.3127	958.8652143487617
WR	miroc6	ssp370	2041	310.25723	272.34198	789.3659943190869
WR	miroc6	ssp370	2042	306.24197	273.07416	1548.6931638791655
WR	miroc6	ssp370	2043	307.56506	273.17062	920.388005120908
WR	miroc6	ssp370	2044	310.14658	267.44986	1020.9852455416616
WR	miroc6	ssp370	2045	306.2428	275.09357	2043.6640343453782
WR	miroc6	ssp370	2046	305.02448	274.29413	1566.4795854594315
WR	miroc6	ssp370	2047	306.20712	273.26956	1221.0694795008649
WR	miroc6	ssp370	2048	305.1962	274.67227	1303.9919910253823
WR	miroc6	ssp370	2049	305.554	274.54703	1377.5767979677717
WR	miroc6	ssp370	2050	305.59045	274.21573	1463.164897717043
WR	miroc6	ssp370	2051	305.2848	273.33527	2037.3884046915432
WR	miroc6	ssp370	2052	304.61166	274.7308	2434.618603996877
WR	miroc6	ssp370	2053	306.4463	275.30063	1722.3151790443303
WR	miroc6	ssp370	2054	307.8841	273.3585	1780.8242854472446
WR	miroc6	ssp370	2055	305.77115	273.48764	2443.0362034937607
WR	miroc6	ssp370	2056	305.43024	274.50995	2097.07496864717
WR	miroc6	ssp370	2057	306.37305	273.87982	1705.443144729321
WR	miroc6	ssp370	2058	308.4172	273.80942	1025.1431420445374
WR	miroc6	ssp370	2059	308.55252	271.37527	1150.2221885137037
WR	miroc6	ssp370	2060	307.23026	273.67596	1056.330751214375
WR	miroc6	ssp370	2061	306.27386	274.49493	1704.887747671433
WR	miroc6	ssp370	2062	308.53	273.93866	845.6297046504556
WR	miroc6	ssp370	2063	305.9174	270.90042	2038.4940074755852
WR	miroc6	ssp370	2064	306.75348	272.77417	2003.9083534385722
WR	miroc6	ssp370	2065	306.18826	272.5279	1681.5563928801305
WR	miroc6	ssp370	2066	308.66168	272.95148	1250.7183235371313
WR	miroc6	ssp370	2067	309.34503	273.06488	1215.9059689845476
WR	miroc6	ssp370	2068	306.33237	270.9323	1374.5984018313939
WR	miroc6	ssp370	2069	306.09677	276.3032	1257.1828193147667
WR	miroc6	ssp370	2070	306.95596	275.16498	1158.2131495582707
WR	mpi-esm1-2-hr	ssp245	2041	303.44806	271.68518	2111.948278403669
WR	mpi-esm1-2-hr	ssp245	2042	304.22742	269.99088	1711.9338594667886
WR	mpi-esm1-2-hr	ssp245	2043	308.56882	272.2579	774.4437374174595
WR	mpi-esm1-2-hr	ssp245	2044	306.51053	272.08817	1188.8771551195532
WR	mpi-esm1-2-hr	ssp245	2045	303.63055	270.95758	1926.32455076088
WR	mpi-esm1-2-hr	ssp245	2046	303.9161	273.8594	1742.7412400487574
WR	mpi-esm1-2-hr	ssp245	2047	304.97983	271.77597	1608.3125818753279
WR	mpi-esm1-2-hr	ssp245	2048	305.4382	273.69373	2346.019411459501
WR	mpi-esm1-2-hr	ssp245	2049	306.62772	270.80753	1111.9503809139003
WR	mpi-esm1-2-hr	ssp245	2050	308.31958	273.70755	761.0477906651795
WR	mpi-esm1-2-hr	ssp245	2051	305.41473	271.47467	2035.2825992507255
WR	mpi-esm1-2-hr	ssp245	2052	305.6137	272.87717	1708.4626325696797
WR	mpi-esm1-2-hr	ssp245	2053	306.03116	273.6793	2477.78547249031
WR	mpi-esm1-2-hr	ssp245	2054	306.87756	271.79404	1476.1792988749035
WR	mpi-esm1-2-hr	ssp245	2055	303.5633	273.06635	979.6428156725492
WR	mpi-esm1-2-hr	ssp245	2056	306.45096	273.95956	931.5589817007892
WR	mpi-esm1-2-hr	ssp245	2057	305.0838	272.26578	1232.7452648430813
WR	mpi-esm1-2-hr	ssp245	2058	306.3661	272.57855	1859.2535192146602
WR	mpi-esm1-2-hr	ssp245	2059	304.57623	275.6674	1159.8922137636691
WR	mpi-esm1-2-hr	ssp245	2060	305.61188	270.87073	1796.661400585396
WR	mpi-esm1-2-hr	ssp245	2061	305.93854	269.1796	1612.2953485696924
WR	mpi-esm1-2-hr	ssp245	2062	305.6531	270.58563	1403.3852918073408
WR	mpi-esm1-2-hr	ssp245	2063	303.32132	269.27933	2123.8239811733
WR	mpi-esm1-2-hr	ssp245	2064	304.7678	271.20306	1286.5485528367562
WR	mpi-esm1-2-hr	ssp245	2065	306.37143	274.17966	1524.1687504690663
WR	mpi-esm1-2-hr	ssp245	2066	307.136	273.55164	1997.5528259644618
WR	mpi-esm1-2-hr	ssp245	2067	307.70462	274.40817	1597.1016415336421
WR	mpi-esm1-2-hr	ssp245	2068	305.99802	274.5535	919.7388634532881
WR	mpi-esm1-2-hr	ssp245	2069	307.4883	270.36804	1572.628390369914
WR	mpi-esm1-2-hr	ssp245	2070	305.25867	274.42697	1642.983328286171
WR	mpi-esm1-2-hr	ssp370	2041	308.36142	272.67908	1553.6738499998933
WR	mpi-esm1-2-hr	ssp370	2042	304.90134	271.97186	1571.363021805854
WR	mpi-esm1-2-hr	ssp370	2043	305.37195	269.60443	1724.0850428351803
WR	mpi-esm1-2-hr	ssp370	2044	307.3533	271.64603	1417.022765614082
WR	mpi-esm1-2-hr	ssp370	2045	305.3813	272.55234	2276.5066774561533
WR	mpi-esm1-2-hr	ssp370	2046	305.8885	273.19107	1745.4903286095257
WR	mpi-esm1-2-hr	ssp370	2047	303.99875	270.76492	1584.2278113355703
WR	mpi-esm1-2-hr	ssp370	2048	305.18164	271.5763	1139.264291175627
WR	mpi-esm1-2-hr	ssp370	2049	306.82828	271.35318	1026.853427477166
WR	mpi-esm1-2-hr	ssp370	2050	305.02585	274.25436	1266.4127019233981
WR	mpi-esm1-2-hr	ssp370	2051	307.82114	274.2276	1491.2245872895833
WR	mpi-esm1-2-hr	ssp370	2052	305.23630000000003	272.3526	2021.497279673317
WR	mpi-esm1-2-hr	ssp370	2053	308.1392	273.77023	2110.1259414106235
WR	mpi-esm1-2-hr	ssp370	2054	307.14102	272.85294	1759.4725300557543
WR	mpi-esm1-2-hr	ssp370	2055	302.81946	268.91977	2145.5358251288635
WR	mpi-esm1-2-hr	ssp370	2056	305.23065	273.14774	1086.7667919024757
WR	mpi-esm1-2-hr	ssp370	2057	304.7802	272.56238	2310.4914276161358
WR	mpi-esm1-2-hr	ssp370	2058	304.68323	272.81625	1949.2410315200198
WR	mpi-esm1-2-hr	ssp370	2059	303.89078	274.16534	1724.3804101541134
WR	mpi-esm1-2-hr	ssp370	2060	307.5558	273.74512	1216.3830679608257
WR	mpi-esm1-2-hr	ssp370	2061	306.0333	273.29254	1373.5001610824681
WR	mpi-esm1-2-hr	ssp370	2062	306.7765	273.76242	1679.2944206390284
WR	mpi-esm1-2-hr	ssp370	2063	304.34662	274.41568	1431.6289624781161
WR	mpi-esm1-2-hr	ssp370	2064	306.58563	272.99237	1636.3346242345688
WR	mpi-esm1-2-hr	ssp370	2065	305.68185	273.5116	926.1936064576583
WR	mpi-esm1-2-hr	ssp370	2066	305.1991	273.11658	1712.4582042451502
WR	mpi-esm1-2-hr	ssp370	2067	306.68457	274.6591	1597.9809899814109
WR	mpi-esm1-2-hr	ssp370	2068	306.22614	273.55234	2113.1858222185842
WR	mpi-esm1-2-hr	ssp370	2069	305.60455	272.42493	1426.2117308098332
WR	mpi-esm1-2-hr	ssp370	2070	305.84793	273.46112	1724.8210983001427
WR	mri-esm2-0	ssp245	2041	305.1025	269.8546	2196.6191411716222
WR	mri-esm2-0	ssp245	2042	307.70312	270.98663	2094.9590904637544
WR	mri-esm2-0	ssp245	2043	305.9076	273.71774	1606.829098405385
WR	mri-esm2-0	ssp245	2044	305.61243	276.09256	904.7126640798521
WR	mri-esm2-0	ssp245	2045	305.2386	273.88455	2692.822579666908
WR	mri-esm2-0	ssp245	2046	307.1107	273.74655	2321.7468587331837
WR	mri-esm2-0	ssp245	2047	303.87457	270.67358	1906.6774683975252
WR	mri-esm2-0	ssp245	2048	307.61127	270.24332	1265.5757826170604
WR	mri-esm2-0	ssp245	2049	305.6667	275.2844	1384.9922802764715
WR	mri-esm2-0	ssp245	2050	304.79172	272.79385	1763.3240820373849
WR	mri-esm2-0	ssp245	2051	304.18527	272.27298	1705.521043622848
WR	mri-esm2-0	ssp245	2052	305.86133	273.65955	1153.6536902189237
WR	mri-esm2-0	ssp245	2053	304.92856	273.5701	1866.5974871255162
WR	mri-esm2-0	ssp245	2054	305.46732	273.70312	2176.653859577991
WR	mri-esm2-0	ssp245	2055	306.5649	273.68478	928.8283506408134
WR	mri-esm2-0	ssp245	2056	304.33295	274.1375	1261.686849966635
WR	mri-esm2-0	ssp245	2057	306.17413	272.62207	2367.959146108445
WR	mri-esm2-0	ssp245	2058	307.12173	273.04788	1873.1949872046055
WR	mri-esm2-0	ssp245	2059	305.63144	273.32196	1641.4703141664727
WR	mri-esm2-0	ssp245	2060	307.31702	273.44098	362.31882990687154
WR	mri-esm2-0	ssp245	2061	308.43372	273.44843	1665.581535478077
WR	mri-esm2-0	ssp245	2062	305.77695	274.58026	1889.3048621364355
WR	mri-esm2-0	ssp245	2063	306.25912	271.48666	1574.3711690883897
WR	mri-esm2-0	ssp245	2064	306.3199	273.59198	2702.0353430765226
WR	mri-esm2-0	ssp245	2065	306.79968	273.4037	1650.1936694606927
WR	mri-esm2-0	ssp245	2066	306.6007	274.561	1812.0815203757531
WR	mri-esm2-0	ssp245	2067	306.37415	271.9926	1283.7577421218073
WR	mri-esm2-0	ssp245	2068	307.35037	273.71368	1619.276452576728
WR	mri-esm2-0	ssp245	2069	306.51773	274.0735	1085.946502711133
WR	mri-esm2-0	ssp245	2070	306.55237	274.19336	2754.7800199593867
WR	mri-esm2-0	ssp370	2041	306.02863	271.34967	1266.9203259050776
WR	mri-esm2-0	ssp370	2042	307.40952	272.36826	1302.120336145126
WR	mri-esm2-0	ssp370	2043	305.32935	273.8554	1423.1487324053746
WR	mri-esm2-0	ssp370	2044	305.31403	273.66354	1457.049718906604
WR	mri-esm2-0	ssp370	2045	306.97153	273.36246	899.0010413748678
WR	mri-esm2-0	ssp370	2046	305.05368	272.73593	2382.0459649432087
WR	mri-esm2-0	ssp370	2047	308.43893	273.7241	2511.704645154452
WR	mri-esm2-0	ssp370	2048	306.0215	271.46133	1165.046295896153
WR	mri-esm2-0	ssp370	2049	309.41718	272.49115	2159.13591198038
WR	mri-esm2-0	ssp370	2050	304.46295	273.39117	2297.6261303002843
WR	mri-esm2-0	ssp370	2051	308.01163	273.9013	2647.5214087287322
WR	mri-esm2-0	ssp370	2052	305.50394	273.4735	1657.954267517161
WR	mri-esm2-0	ssp370	2053	306.91266	275.28372	1425.374154886226
WR	mri-esm2-0	ssp370	2054	304.7214	273.02444	1891.3801026530027
WR	mri-esm2-0	ssp370	2055	305.37976	270.20157	1912.5071732327015
WR	mri-esm2-0	ssp370	2056	306.47226	273.901	1462.2201638237761
WR	mri-esm2-0	ssp370	2057	306.67075	275.36096	1706.1578448861628
WR	mri-esm2-0	ssp370	2058	309.6149	273.76147	1663.1617695093028
WR	mri-esm2-0	ssp370	2059	306.18646	272.53134	1447.695597790857
WR	mri-esm2-0	ssp370	2060	303.3023	271.82462	1099.6372335590422
WR	mri-esm2-0	ssp370	2061	307.05786	273.12067	2033.3430874160897
WR	mri-esm2-0	ssp370	2062	305.29074	271.71307	1547.4266247823382
WR	mri-esm2-0	ssp370	2063	307.7704	273.70905	748.197596333921
WR	mri-esm2-0	ssp370	2064	307.49625	273.4774	1786.9269771733848
WR	mri-esm2-0	ssp370	2065	305.71573	274.24994	1270.8206322742355
WR	mri-esm2-0	ssp370	2066	305.8598	273.6807	1656.6283961757729
WR	mri-esm2-0	ssp370	2067	308.76437	272.9793	1741.92361913152
WR	mri-esm2-0	ssp370	2068	306.51974	272.5407	1368.47182635681
WR	mri-esm2-0	ssp370	2069	307.16882	272.90826	1278.9616053923594
WR	mri-esm2-0	ssp370	2070	306.14276	272.12427	2320.866485126268
YO11	access-cm2	ssp245	2041	293.06564	258.3271	895.5047836527228
YO11	access-cm2	ssp245	2042	292.91116	253.80899	1005.636708199745
YO11	access-cm2	ssp245	2043	293.45355	260.3034	1203.8139548851123
YO11	access-cm2	ssp245	2044	292.73102	260.6412	548.7960489001125
YO11	access-cm2	ssp245	2045	293.52756	258.91263	923.1189682614058
YO11	access-cm2	ssp245	2046	291.9404	257.77542	967.8834387625102
YO11	access-cm2	ssp245	2047	295.3643	260.6343	685.3382174740545
YO11	access-cm2	ssp245	2048	292.85712	260.164	708.8682192843407
YO11	access-cm2	ssp245	2049	294.4322	256.00574	372.8695935336873
YO11	access-cm2	ssp245	2050	293.7395	256.38968	739.9025359656613
YO11	access-cm2	ssp245	2051	293.39713	260.37137	669.0445743966848
YO11	access-cm2	ssp245	2052	295.70456	259.1374	789.0860427345615
YO11	access-cm2	ssp245	2053	294.6503	257.7843	759.7105947963428
YO11	access-cm2	ssp245	2054	294.50778	260.8433	488.7705886736512
YO11	access-cm2	ssp245	2055	293.633	259.7963	906.0248912806638
YO11	access-cm2	ssp245	2056	294.30603	258.45273	1110.75767213478
YO11	access-cm2	ssp245	2057	295.00708	255.03955	833.5820752428613
YO11	access-cm2	ssp245	2058	295.38028	258.56815	1343.9492594275862
YO11	access-cm2	ssp245	2059	296.1706	258.23782	1082.688648160541
YO11	access-cm2	ssp245	2060	293.91367	258.70724	543.3097429107875
YO11	access-cm2	ssp245	2061	294.49203	260.60345	986.4218523725867
YO11	access-cm2	ssp245	2062	291.39026	256.15283	1083.773178525734
YO11	access-cm2	ssp245	2063	293.39136	260.9514	695.0327808503062
YO11	access-cm2	ssp245	2064	294.49283	259.38397	900.5643418058518
YO11	access-cm2	ssp245	2065	294.2067	258.055	1104.317754087956
YO11	access-cm2	ssp245	2066	293.95462	259.30365	551.803406921681
YO11	access-cm2	ssp245	2067	294.56827	258.6503	407.9711922677234
YO11	access-cm2	ssp245	2068	292.84055	256.0544	1125.007217656821
YO11	access-cm2	ssp245	2069	293.7231	259.18945	1321.6023008571824
YO11	access-cm2	ssp245	2070	292.23608	260.07123	931.760291021765
YO11	access-cm2	ssp370	2041	293.80872	258.4574	600.4704355116701
YO11	access-cm2	ssp370	2042	292.87927	255.08403	1026.1300674522931
YO11	access-cm2	ssp370	2043	292.96313	260.03033	473.89586843928555
YO11	access-cm2	ssp370	2044	293.62277	259.78885	918.3310177177191
YO11	access-cm2	ssp370	2045	293.57553	258.3963	552.3854230705183
YO11	access-cm2	ssp370	2046	293.53088	259.09625	1141.218974674112
YO11	access-cm2	ssp370	2047	294.19135	253.69872	789.0073566231877
YO11	access-cm2	ssp370	2048	291.35257	256.27994	817.3672362259822
YO11	access-cm2	ssp370	2049	293.44022	259.9279	863.7752119917423
YO11	access-cm2	ssp370	2050	295.86917	253.89998	967.4722267314735
YO11	access-cm2	ssp370	2051	292.4586	255.69745	882.1307595586404
YO11	access-cm2	ssp370	2052	292.0937	260.14594	1265.4792743269225
YO11	access-cm2	ssp370	2053	294.44836	258.02997	709.5566352596506
YO11	access-cm2	ssp370	2054	292.16022	259.91577	565.5297909281217
YO11	access-cm2	ssp370	2055	294.11716	258.61417	573.1012282631127
YO11	access-cm2	ssp370	2056	293.40912	259.4007	627.1644744090736
YO11	access-cm2	ssp370	2057	291.17285	257.65656	1135.8472979161706
YO11	access-cm2	ssp370	2058	295.15247	258.39047	1116.7159744072383
YO11	access-cm2	ssp370	2059	292.87967	259.4568	535.5917357141152
YO11	access-cm2	ssp370	2060	293.99954	260.23108	807.971177645959
YO11	access-cm2	ssp370	2061	293.3385	259.6323	1198.9597208797666
YO11	access-cm2	ssp370	2062	294.29956	260.8212	873.4488252201116
YO11	access-cm2	ssp370	2063	290.07153	258.27826	881.2123470939696
YO11	access-cm2	ssp370	2064	292.0191	258.47757	1293.997980910335
YO11	access-cm2	ssp370	2065	294.71378	259.18243	1002.0793332019821
YO11	access-cm2	ssp370	2066	293.76334	257.39706	933.6262697295654
YO11	access-cm2	ssp370	2067	294.49146	257.01993	783.6829861742301
YO11	access-cm2	ssp370	2068	292.57822	260.872	1049.2702925344884
YO11	access-cm2	ssp370	2069	293.76587	258.22913	1735.8909229631101
YO11	access-cm2	ssp370	2070	295.8026	260.6734	887.0349951786887
YO11	cnrm-esm2-1	ssp245	2041	293.05377	257.71744	1117.1874234568807
YO11	cnrm-esm2-1	ssp245	2042	291.98904	258.64108	857.3110676254146
YO11	cnrm-esm2-1	ssp245	2043	292.2966	259.894	604.4488561630715
YO11	cnrm-esm2-1	ssp245	2044	292.45197	259.15976	606.3579269160982
YO11	cnrm-esm2-1	ssp245	2045	292.89023	257.77362	917.9209970628821
YO11	cnrm-esm2-1	ssp245	2046	293.86752	258.91104	443.7236700905487
YO11	cnrm-esm2-1	ssp245	2047	293.443	257.64658	1120.219048974066
YO11	cnrm-esm2-1	ssp245	2048	293.47137	258.4256	519.155665137805
YO11	cnrm-esm2-1	ssp245	2049	291.87653	260.7443	680.8727380237542
YO11	cnrm-esm2-1	ssp245	2050	292.86072	260.22546	644.6532333386131
YO11	cnrm-esm2-1	ssp245	2051	293.7509	260.51666	632.6188681356085
YO11	cnrm-esm2-1	ssp245	2052	293.81955	258.58	1200.9315559523966
YO11	cnrm-esm2-1	ssp245	2053	293.33755	258.16904	799.2159294197336
YO11	cnrm-esm2-1	ssp245	2054	293.31067	255.79651	1163.516076374796
YO11	cnrm-esm2-1	ssp245	2055	295.00885	257.84006	1101.810183073383
YO11	cnrm-esm2-1	ssp245	2056	293.81345	257.10992	818.1115559069283
YO11	cnrm-esm2-1	ssp245	2057	293.31833	257.8254	335.6822205882054
YO11	cnrm-esm2-1	ssp245	2058	291.25607	258.9202	963.4920192416585
YO11	cnrm-esm2-1	ssp245	2059	294.13098	261.1388	1080.7962065795198
YO11	cnrm-esm2-1	ssp245	2060	294.40237	257.32568	1352.135359821817
YO11	cnrm-esm2-1	ssp245	2061	292.15012	260.46384	698.6855572555214
YO11	cnrm-esm2-1	ssp245	2062	292.7518	255.84726	861.722585640382
YO11	cnrm-esm2-1	ssp245	2063	293.20236	259.8511	716.3861621869728
YO11	cnrm-esm2-1	ssp245	2064	293.9176	256.24515	866.7380969971301
YO11	cnrm-esm2-1	ssp245	2065	293.1362	258.18317	361.0273407655768
YO11	cnrm-esm2-1	ssp245	2066	293.75882	260.70596	633.9000170468353
YO11	cnrm-esm2-1	ssp245	2067	293.33987	259.122	1065.6330885132659
YO11	cnrm-esm2-1	ssp245	2068	294.28116	259.01974	960.0601667538267
YO11	cnrm-esm2-1	ssp245	2069	292.42615	259.8835	608.4476326592267
YO11	cnrm-esm2-1	ssp245	2070	294.48544	261.88498	806.9661045796238
YO11	cnrm-esm2-1	ssp370	2041	293.03793	259.73288	645.7429378264351
YO11	cnrm-esm2-1	ssp370	2042	290.83484	256.56598	733.4890209138393
YO11	cnrm-esm2-1	ssp370	2043	292.49832	258.34918	833.1118881935068
YO11	cnrm-esm2-1	ssp370	2044	292.20462	259.93893	657.6355754455788
YO11	cnrm-esm2-1	ssp370	2045	293.3947	255.88109	923.392393277026
YO11	cnrm-esm2-1	ssp370	2046	289.22418	261.3457	763.8773009413853
YO11	cnrm-esm2-1	ssp370	2047	291.83472	256.71902	860.9974258113652
YO11	cnrm-esm2-1	ssp370	2048	291.03104	257.69748	987.3506632167846
YO11	cnrm-esm2-1	ssp370	2049	291.38107	261.9875	859.1875661979237
YO11	cnrm-esm2-1	ssp370	2050	291.8367	259.8433	818.5429745586589
YO11	cnrm-esm2-1	ssp370	2051	292.76743	260.14185	1272.897304681827
YO11	cnrm-esm2-1	ssp370	2052	292.42154	259.23245	653.9648363599554
YO11	cnrm-esm2-1	ssp370	2053	292.51303	261.36002	1030.7189686456463
YO11	cnrm-esm2-1	ssp370	2054	291.97723	260.86563	928.5571538493775
YO11	cnrm-esm2-1	ssp370	2055	293.9667	257.987	671.957002650015
YO11	cnrm-esm2-1	ssp370	2056	294.23352	258.9158	859.7050854681343
YO11	cnrm-esm2-1	ssp370	2057	292.07504	255.16594	797.7677484042943
YO11	cnrm-esm2-1	ssp370	2058	292.39847	260.22052	492.4236489110626
YO11	cnrm-esm2-1	ssp370	2059	293.40396	257.7863	651.332346489653
YO11	cnrm-esm2-1	ssp370	2060	292.38815	258.11096	1272.9050934081693
YO11	cnrm-esm2-1	ssp370	2061	293.77948	258.50934	527.2424175054766
YO11	cnrm-esm2-1	ssp370	2062	294.2445	259.66205	847.7439303678693
YO11	cnrm-esm2-1	ssp370	2063	292.5344	260.7458	701.2970124254871
YO11	cnrm-esm2-1	ssp370	2064	294.86514	259.37003	986.3533243420272
YO11	cnrm-esm2-1	ssp370	2065	293.59363	261.08466	385.08012470556423
YO11	cnrm-esm2-1	ssp370	2066	291.37357	256.77966	1113.6562891071594
YO11	cnrm-esm2-1	ssp370	2067	295.06223	261.33707	765.6062086578321
YO11	cnrm-esm2-1	ssp370	2068	295.10934	258.26883	823.5772914486006
YO11	cnrm-esm2-1	ssp370	2069	293.70728	261.07434	954.7318683878749
YO11	cnrm-esm2-1	ssp370	2070	294.79047	261.11664	361.4826855598949
YO11	ec-earth3-veg	ssp245	2041	292.64136	258.40976	683.6532432411332
YO11	ec-earth3-veg	ssp245	2042	293.02628	260.15067	1027.2349479258921
YO11	ec-earth3-veg	ssp245	2043	290.5181	260.65115	1166.6324344463242
YO11	ec-earth3-veg	ssp245	2044	291.2443	257.80844	798.5447734594345
YO11	ec-earth3-veg	ssp245	2045	292.96164	258.41055	741.0069978417569
YO11	ec-earth3-veg	ssp245	2046	292.1675	257.84256	713.077536248602
YO11	ec-earth3-veg	ssp245	2047	292.35236	260.9864	647.6449299836412
YO11	ec-earth3-veg	ssp245	2048	292.9589	258.6447	860.6754840351641
YO11	ec-earth3-veg	ssp245	2049	292.84372	258.06204	789.2799483728595
YO11	ec-earth3-veg	ssp245	2050	293.25446	258.19608	1118.6175859998912
YO11	ec-earth3-veg	ssp245	2051	290.98212	260.13242	903.4202148439363
YO11	ec-earth3-veg	ssp245	2052	293.1903	260.77045	1041.094518068709
YO11	ec-earth3-veg	ssp245	2053	292.21988	262.31216	679.8703586915398
YO11	ec-earth3-veg	ssp245	2054	292.1743	256.8553	447.01212979853153
YO11	ec-earth3-veg	ssp245	2055	292.83676	258.94876	400.03716833889484
YO11	ec-earth3-veg	ssp245	2056	292.02603	260.85815	949.8208967037499
YO11	ec-earth3-veg	ssp245	2057	293.17102	258.20697	814.3985721864738
YO11	ec-earth3-veg	ssp245	2058	291.3595	261.37436	931.1251704348178
YO11	ec-earth3-veg	ssp245	2059	291.988	260.23615	477.33116577146575
YO11	ec-earth3-veg	ssp245	2060	296.07935	259.11847	636.756126768887
YO11	ec-earth3-veg	ssp245	2061	293.3256	254.43387	1088.2227762602251
YO11	ec-earth3-veg	ssp245	2062	293.29495	258.96423	512.9905968467938
YO11	ec-earth3-veg	ssp245	2063	291.2914	260.85657	677.7000177695207
YO11	ec-earth3-veg	ssp245	2064	294.6782	257.40063	1142.3358975851422
YO11	ec-earth3-veg	ssp245	2065	294.32703	259.1356	591.7437642056029
YO11	ec-earth3-veg	ssp245	2066	293.7101	259.3484	1468.047764198831
YO11	ec-earth3-veg	ssp245	2067	293.4847	259.95215	1331.3589235302018
YO11	ec-earth3-veg	ssp245	2068	291.60327	259.60034	831.6182157606818
YO11	ec-earth3-veg	ssp245	2069	294.87595	260.18582	607.4658498633653
YO11	ec-earth3-veg	ssp245	2070	294.64026	258.68103	1056.4554958574938
YO11	ec-earth3-veg	ssp370	2041	292.80325	256.15604	692.8853262565099
YO11	ec-earth3-veg	ssp370	2042	293.5807	253.91917	1287.1364368940635
YO11	ec-earth3-veg	ssp370	2043	291.89377	260.32318	1342.490581335715
YO11	ec-earth3-veg	ssp370	2044	293.88028	258.48856	1120.9335649385969
YO11	ec-earth3-veg	ssp370	2045	292.79623	254.20601	529.6648922958411
YO11	ec-earth3-veg	ssp370	2046	292.80246	256.16986000000003	651.8598437542096
YO11	ec-earth3-veg	ssp370	2047	292.23795	254.31584	695.1038578699809
YO11	ec-earth3-veg	ssp370	2048	291.86447	261.73312	873.4122649300662
YO11	ec-earth3-veg	ssp370	2049	293.117	257.07382	919.9834477447303
YO11	ec-earth3-veg	ssp370	2050	292.82703	256.70358	1067.118878709111
YO11	ec-earth3-veg	ssp370	2051	292.42163	257.82672	396.6086196829565
YO11	ec-earth3-veg	ssp370	2052	291.88776	259.37442	1369.482518860583
YO11	ec-earth3-veg	ssp370	2053	294.27264	258.54968	1091.7930205177906
YO11	ec-earth3-veg	ssp370	2054	294.2653	256.19174	571.6120118857361
YO11	ec-earth3-veg	ssp370	2055	292.97958	259.3244	1114.0396468428435
YO11	ec-earth3-veg	ssp370	2056	290.65625	257.47458	726.376739598345
YO11	ec-earth3-veg	ssp370	2057	294.0535	256.87415	618.391314893961
YO11	ec-earth3-veg	ssp370	2058	289.84167	256.47116	1136.7284617270343
YO11	ec-earth3-veg	ssp370	2059	291.8801	253.84525	1277.9811968095487
YO11	ec-earth3-veg	ssp370	2060	294.32022	259.37756	1094.524561616683
YO11	ec-earth3-veg	ssp370	2061	294.5099	260.77765	905.2750709757522
YO11	ec-earth3-veg	ssp370	2062	294.60004	259.58545	646.1063507711515
YO11	ec-earth3-veg	ssp370	2063	292.12946	257.77115	909.2339827213261
YO11	ec-earth3-veg	ssp370	2064	289.98502	261.12732	1077.65965587459
YO11	ec-earth3-veg	ssp370	2065	293.85065	259.11102	955.3448516351292
YO11	ec-earth3-veg	ssp370	2066	292.95587	260.73538	1237.535799737069
YO11	ec-earth3-veg	ssp370	2067	291.82712	260.41632	1051.9912698422559
YO11	ec-earth3-veg	ssp370	2068	295.5597	258.76205	879.9208131618551
YO11	ec-earth3-veg	ssp370	2069	293.60254	258.92535	613.2826820597984
YO11	ec-earth3-veg	ssp370	2070	296.64746	259.83893	444.8894767323509
YO11	miroc6	ssp245	2041	293.2945	256.15115	628.9356373687042
YO11	miroc6	ssp245	2042	289.82742	260.77325	1323.0461976723286
YO11	miroc6	ssp245	2043	291.23166	259.06827	979.0228273020975
YO11	miroc6	ssp245	2044	289.4302	259.58014	901.3524801644928
YO11	miroc6	ssp245	2045	293.55383	257.07968	304.36767116189003
YO11	miroc6	ssp245	2046	295.231	258.0144	572.7823126944713
YO11	miroc6	ssp245	2047	292.87057	259.19955	602.7895525563508
YO11	miroc6	ssp245	2048	290.06042	259.1493	1449.3277124812805
YO11	miroc6	ssp245	2049	290.55414	256.5784	833.9008925075077
YO11	miroc6	ssp245	2050	294.1175	255.59892	444.10165300942026
YO11	miroc6	ssp245	2051	295.95523	258.66873	355.15829098876566
YO11	miroc6	ssp245	2052	293.24207	258.1199	1143.739440251369
YO11	miroc6	ssp245	2053	291.0259	259.55917	828.8582785156905
YO11	miroc6	ssp245	2054	292.29138	257.96527	707.1922652889043
YO11	miroc6	ssp245	2055	294.79782	260.96405	811.1457637510982
YO11	miroc6	ssp245	2056	291.28403	257.27414	748.4465163841378
YO11	miroc6	ssp245	2057	291.01328	258.8329	966.785713029094
YO11	miroc6	ssp245	2058	290.3153	257.96173	1046.118934149845
YO11	miroc6	ssp245	2059	291.9888	260.24228	732.228788518114
YO11	miroc6	ssp245	2060	288.9215	259.4872	1724.2761071654772
YO11	miroc6	ssp245	2061	291.0039	259.09128	328.32356758299284
YO11	miroc6	ssp245	2062	296.7557	255.41293	496.4025975437835
YO11	miroc6	ssp245	2063	297.01175	254.07503	469.4978026323952
YO11	miroc6	ssp245	2064	297.5325	260.18222	553.9831973263063
YO11	miroc6	ssp245	2065	294.2076	259.63712	754.7262405452784
YO11	miroc6	ssp245	2066	293.18665	260.44022	788.6143574723974
YO11	miroc6	ssp245	2067	296.57883	257.69437	336.4692062124959
YO11	miroc6	ssp245	2068	295.58502	259.31647	476.8192226998508
YO11	miroc6	ssp245	2069	297.85925	259.13254	803.5510327666998
YO11	miroc6	ssp245	2070	297.79437	259.72104	367.0635029557161
YO11	miroc6	ssp370	2041	296.69327	256.86884	446.59359588695224
YO11	miroc6	ssp370	2042	294.35233	259.23755	658.9997259434313
YO11	miroc6	ssp370	2043	294.5948	258.88504	462.2106420225323
YO11	miroc6	ssp370	2044	296.4904	252.6163	418.68756317999214
YO11	miroc6	ssp370	2045	294.834	260.5286	787.2248766012227
YO11	miroc6	ssp370	2046	292.34308	259.34195	735.2301291713957
YO11	miroc6	ssp370	2047	295.0234	259.65332	571.4577225269749
YO11	miroc6	ssp370	2048	293.66824	259.0467	709.4677533488721
YO11	miroc6	ssp370	2049	295.22873	259.32095	600.132969324477
YO11	miroc6	ssp370	2050	294.0567	259.2602	885.4112072149292
YO11	miroc6	ssp370	2051	291.36536	258.99985	915.1413184124976
YO11	miroc6	ssp370	2052	289.92184	260.54587	1162.8966511110598
YO11	miroc6	ssp370	2053	293.02713	259.1249	702.8096310503315
YO11	miroc6	ssp370	2054	295.83694	259.4979	812.1546404203309
YO11	miroc6	ssp370	2055	290.5047	259.19293	1408.9715378475273
YO11	miroc6	ssp370	2056	291.05505	260.55725	1011.1173631623202
YO11	miroc6	ssp370	2057	290.27814	259.71756	797.1001434896376
YO11	miroc6	ssp370	2058	296.42807	259.7807	581.292066226888
YO11	miroc6	ssp370	2059	297.0976	254.83713	680.8523703133687
YO11	miroc6	ssp370	2060	295.4281	258.6062	549.5758670149371
YO11	miroc6	ssp370	2061	293.7833	260.87393	966.7215874032966
YO11	miroc6	ssp370	2062	295.97662	259.07355	348.2912762090564
YO11	miroc6	ssp370	2063	295.32413	254.49786	809.9442916922271
YO11	miroc6	ssp370	2064	294.87582	258.7462	1205.3157251793884
YO11	miroc6	ssp370	2065	292.1066	257.47278	745.6711867824197
YO11	miroc6	ssp370	2066	295.74454	259.2394	566.0174577031285
YO11	miroc6	ssp370	2067	296.70392	258.43628	532.0446674712002
YO11	miroc6	ssp370	2068	294.8467	256.4588	754.9306864792015
YO11	miroc6	ssp370	2069	294.8006	261.62177	773.8745686830953
YO11	miroc6	ssp370	2070	295.90527	260.21347	602.1605791524053
YO11	mpi-esm1-2-hr	ssp245	2041	291.09128	254.97316	893.4459378244355
YO11	mpi-esm1-2-hr	ssp245	2042	291.65466	257.49985	849.1344061447245
YO11	mpi-esm1-2-hr	ssp245	2043	293.51746	259.04648	290.1949077495374
YO11	mpi-esm1-2-hr	ssp245	2044	292.82385	257.34964	652.925718674669
YO11	mpi-esm1-2-hr	ssp245	2045	289.87808	256.44052	1026.3121051014955
YO11	mpi-esm1-2-hr	ssp245	2046	290.25372	259.67618	905.8024627854791
YO11	mpi-esm1-2-hr	ssp245	2047	292.22455	256.3841	883.6589036160078
YO11	mpi-esm1-2-hr	ssp245	2048	292.087	259.36935	1162.7442292926999
YO11	mpi-esm1-2-hr	ssp245	2049	293.44928	257.0053	500.78134692739695
YO11	mpi-esm1-2-hr	ssp245	2050	292.9675	259.72446	449.12188940215856
YO11	mpi-esm1-2-hr	ssp245	2051	290.4675	258.07077	1441.5719660930222
YO11	mpi-esm1-2-hr	ssp245	2052	292.70392	259.28223	907.9711871920074
YO11	mpi-esm1-2-hr	ssp245	2053	292.03683	257.83646	1221.2767257238684
YO11	mpi-esm1-2-hr	ssp245	2054	293.1575	257.7848	718.0898757884279
YO11	mpi-esm1-2-hr	ssp245	2055	290.7174	258.98703	474.40417658071965
YO11	mpi-esm1-2-hr	ssp245	2056	292.42465	260.0333	445.4748018993996
YO11	mpi-esm1-2-hr	ssp245	2057	292.55084	257.30023	625.8420757982094
YO11	mpi-esm1-2-hr	ssp245	2058	292.6931	257.32687	860.2797238854691
YO11	mpi-esm1-2-hr	ssp245	2059	290.8693	260.8732	615.884317830205
YO11	mpi-esm1-2-hr	ssp245	2060	293.30838	254.69435	763.5234310291635
YO11	mpi-esm1-2-hr	ssp245	2061	292.14664	253.57027	811.1004904727452
YO11	mpi-esm1-2-hr	ssp245	2062	292.45892	255.46016	934.9457408592571
YO11	mpi-esm1-2-hr	ssp245	2063	289.86487	252.98329	950.2907392568886
YO11	mpi-esm1-2-hr	ssp245	2064	291.47668	256.6803	767.1155861578882
YO11	mpi-esm1-2-hr	ssp245	2065	292.58325	260.0392	869.0127583918953
YO11	mpi-esm1-2-hr	ssp245	2066	293.67377	259.0481	793.2643592823297
YO11	mpi-esm1-2-hr	ssp245	2067	294.00433	259.69437	758.0511843203567
YO11	mpi-esm1-2-hr	ssp245	2068	292.21515	260.65326	520.7747492822818
YO11	mpi-esm1-2-hr	ssp245	2069	293.9433	256.2927	779.5350806904025
YO11	mpi-esm1-2-hr	ssp245	2070	292.19196	260.41125	726.3823543209583
YO11	mpi-esm1-2-hr	ssp370	2041	293.18207	258.3116	964.3074900435342
YO11	mpi-esm1-2-hr	ssp370	2042	291.2574	256.94144	646.5989489341155
YO11	mpi-esm1-2-hr	ssp370	2043	291.57578	255.15005	1085.8126970473536
YO11	mpi-esm1-2-hr	ssp370	2044	293.37704	256.31534	611.7417872417718
YO11	mpi-esm1-2-hr	ssp370	2045	292.21054	258.37656	1005.8780446182936
YO11	mpi-esm1-2-hr	ssp370	2046	292.022	258.39804	635.0997109897435
YO11	mpi-esm1-2-hr	ssp370	2047	291.44907	255.19646	683.6965301656164
YO11	mpi-esm1-2-hr	ssp370	2048	291.58707	256.26355	582.6404388528317
YO11	mpi-esm1-2-hr	ssp370	2049	292.71442	257.0569	592.8018320119008
YO11	mpi-esm1-2-hr	ssp370	2050	292.6979	260.29434	634.2933874111623
YO11	mpi-esm1-2-hr	ssp370	2051	294.21796	259.57025	964.5997128914843
YO11	mpi-esm1-2-hr	ssp370	2052	291.48828	256.7831	931.4911876106632
YO11	mpi-esm1-2-hr	ssp370	2053	294.8721	258.0156	1007.0040960504957
YO11	mpi-esm1-2-hr	ssp370	2054	292.7449	258.58115	694.2297750909347
YO11	mpi-esm1-2-hr	ssp370	2055	290.19284	254.52672	1303.1304691568666
YO11	mpi-esm1-2-hr	ssp370	2056	291.93564	258.60153	719.2021028953604
YO11	mpi-esm1-2-hr	ssp370	2057	291.03903	258.5383	955.3991743828908
YO11	mpi-esm1-2-hr	ssp370	2058	292.15125	258.77527	672.918909334112
YO11	mpi-esm1-2-hr	ssp370	2059	291.39514	260.34213	753.0296543380246
YO11	mpi-esm1-2-hr	ssp370	2060	293.4806	259.80887	922.59367313236
YO11	mpi-esm1-2-hr	ssp370	2061	292.90756	257.69305	823.6855141818289
YO11	mpi-esm1-2-hr	ssp370	2062	294.23355	257.84726	771.5704692061764
YO11	mpi-esm1-2-hr	ssp370	2063	291.59222	259.93182	645.5502405966399
YO11	mpi-esm1-2-hr	ssp370	2064	292.49408	258.1343	934.8302404861672
YO11	mpi-esm1-2-hr	ssp370	2065	292.7935	260.17804	504.21968233276857
YO11	mpi-esm1-2-hr	ssp370	2066	292.7143	257.87717	636.5823576968978
YO11	mpi-esm1-2-hr	ssp370	2067	294.07727	260.41547	827.0971233519958
YO11	mpi-esm1-2-hr	ssp370	2068	293.7143	259.29907	961.8968321650555
YO11	mpi-esm1-2-hr	ssp370	2069	293.03644	257.19144	691.1358015728086
YO11	mpi-esm1-2-hr	ssp370	2070	292.329	258.85196	809.6961035393094
YO11	mri-esm2-0	ssp245	2041	293.58002	255.11432	718.2421167148277
YO11	mri-esm2-0	ssp245	2042	293.63687	256.61685	911.6659404302482
YO11	mri-esm2-0	ssp245	2043	291.85504	260.1118	817.2186072450131
YO11	mri-esm2-0	ssp245	2044	292.59418	262.27896	617.8885567642283
YO11	mri-esm2-0	ssp245	2045	291.62466	259.41858	1067.336815944848
YO11	mri-esm2-0	ssp245	2046	294.17114	260.67184	1196.226314440697
YO11	mri-esm2-0	ssp245	2047	292.61996	253.90547	1074.7065465780872
YO11	mri-esm2-0	ssp245	2048	294.6326	253.90979	686.747196642682
YO11	mri-esm2-0	ssp245	2049	293.8513	261.53317	564.1575251240093
YO11	mri-esm2-0	ssp245	2050	293.9134	257.91968	830.4799414705278
YO11	mri-esm2-0	ssp245	2051	291.39188	257.93375	791.9005305709832
YO11	mri-esm2-0	ssp245	2052	294.2102	259.74432	681.731367069915
YO11	mri-esm2-0	ssp245	2053	292.94803	259.57217	641.8835368473083
YO11	mri-esm2-0	ssp245	2054	293.3178	257.73322	1106.2054114227062
YO11	mri-esm2-0	ssp245	2055	293.43842	259.0346	572.1619542106055
YO11	mri-esm2-0	ssp245	2056	290.24213	260.40448	717.5249736523256
YO11	mri-esm2-0	ssp245	2057	294.88702	257.0375	1053.9867249084377
YO11	mri-esm2-0	ssp245	2058	293.70383	259.56354	747.9793347185478
YO11	mri-esm2-0	ssp245	2059	293.48776	259.30127	795.188400847821
YO11	mri-esm2-0	ssp245	2060	294.98618	259.25494	236.16769069049042
YO11	mri-esm2-0	ssp245	2061	294.51324	259.86536	760.6943663820857
YO11	mri-esm2-0	ssp245	2062	292.95874	260.88943	931.3988198759034
YO11	mri-esm2-0	ssp245	2063	294.3612	258.69318	579.0292176185176
YO11	mri-esm2-0	ssp245	2064	294.81238	259.50085	1176.285820151658
YO11	mri-esm2-0	ssp245	2065	291.06683	260.0535	1019.021373800932
YO11	mri-esm2-0	ssp245	2066	294.00128	259.33685	822.101566765923
YO11	mri-esm2-0	ssp245	2067	293.81866	256.59058	545.9301804425077
YO11	mri-esm2-0	ssp245	2068	292.7232	259.22293	714.915341231972
YO11	mri-esm2-0	ssp245	2069	296.32513	260.33698	561.8534346838715
YO11	mri-esm2-0	ssp245	2070	294.406	258.71628	1296.8923808686366
YO11	mri-esm2-0	ssp370	2041	292.1937	255.33452	682.0070875401143
YO11	mri-esm2-0	ssp370	2042	294.29907	257.02374	742.0583239261614
YO11	mri-esm2-0	ssp370	2043	293.08725	259.40643	596.91317186225206
YO11	mri-esm2-0	ssp370	2044	291.26096	259.4484	656.2261629849672
YO11	mri-esm2-0	ssp370	2045	294.94156	258.30402	610.8272174737067
YO11	mri-esm2-0	ssp370	2046	293.83664	257.76447	1095.2416403218947
YO11	mri-esm2-0	ssp370	2047	295.54813	259.24796	1204.2138463177057
YO11	mri-esm2-0	ssp370	2048	293.41852	256.47372	501.43864257261157
YO11	mri-esm2-0	ssp370	2049	295.4634	258.19937	946.3123243811424
YO11	mri-esm2-0	ssp370	2050	290.6021	258.56427	1106.7505876533455
YO11	mri-esm2-0	ssp370	2051	295.03854	261.23508	1178.8478083675677
YO11	mri-esm2-0	ssp370	2052	294.10013	258.8018	716.419848636724
YO11	mri-esm2-0	ssp370	2053	293.37225	261.919	535.3032991028158
YO11	mri-esm2-0	ssp370	2054	292.2005	256.91998	1049.7788126464002
YO11	mri-esm2-0	ssp370	2055	294.14716	255.19296	948.9170077722133
YO11	mri-esm2-0	ssp370	2056	292.37988	259.28857	675.3102108312305
YO11	mri-esm2-0	ssp370	2057	294.03427	260.9089	884.6842095488671
YO11	mri-esm2-0	ssp370	2058	294.2109	259.41132	890.0434074341167
YO11	mri-esm2-0	ssp370	2059	295.3031	257.01038	693.7798814149351
YO11	mri-esm2-0	ssp370	2060	291.59943	256.11404	582.0076319854707
YO11	mri-esm2-0	ssp370	2061	294.00525	258.17227	1086.2736813956653
YO11	mri-esm2-0	ssp370	2062	290.95425	256.60324	809.1541481204331
YO11	mri-esm2-0	ssp370	2063	294.1293	260.28137	492.70833448972553
YO11	mri-esm2-0	ssp370	2064	295.223	260.39215	885.964487632715
YO11	mri-esm2-0	ssp370	2065	295.18848	260.75635	563.155502625159
YO11	mri-esm2-0	ssp370	2066	294.80075	259.35294	700.6938583217561
YO11	mri-esm2-0	ssp370	2067	296.47055	258.07562	754.5785038440782
YO11	mri-esm2-0	ssp370	2068	294.9716	259.55984	639.9175861850381
YO11	mri-esm2-0	ssp370	2069	291.89954	258.47247	859.2940592207015
YO11	mri-esm2-0	ssp370	2070	291.9644	257.90173	1252.3904402972994
YO4	access-cm2	ssp245	2041	301.97983	267.70883	1682.6295011210682
YO4	access-cm2	ssp245	2042	302.11462	264.85635	1951.0864248498801
YO4	access-cm2	ssp245	2043	303.717	269.5706	2389.9786882102153
YO4	access-cm2	ssp245	2044	301.36667	270.6911	832.7795379795134
YO4	access-cm2	ssp245	2045	301.34668	268.31363	1638.736976799507
YO4	access-cm2	ssp245	2046	301.4768	268.4991	2219.701058539755
YO4	access-cm2	ssp245	2047	303.8583	270.28998	1237.913407434823
YO4	access-cm2	ssp245	2048	302.42908	270.18802	973.2834226742766
YO4	access-cm2	ssp245	2049	304.58835	266.04916	606.4886167907389
YO4	access-cm2	ssp245	2050	302.00998	266.0954	1382.8139793622374
YO4	access-cm2	ssp245	2051	302.73947	270.56613	1049.8010738286878
YO4	access-cm2	ssp245	2052	304.89597	268.82025	1320.329021452903
YO4	access-cm2	ssp245	2053	303.45132	267.8952	1287.0357779902254
YO4	access-cm2	ssp245	2054	304.94147	270.72546	679.0726274019107
YO4	access-cm2	ssp245	2055	302.98465	269.30832	1497.9095799741112
YO4	access-cm2	ssp245	2056	303.55035	268.18094	1998.0275118956015
YO4	access-cm2	ssp245	2057	304.03772	266.5784	1641.528100892876
YO4	access-cm2	ssp245	2058	303.7892	268.18155	2657.239850785077
YO4	access-cm2	ssp245	2059	305.95953	268.33673	2063.0570544395287
YO4	access-cm2	ssp245	2060	303.09103	268.855	855.907155945892
YO4	access-cm2	ssp245	2061	304.6496	270.2644	1549.2677650297655
YO4	access-cm2	ssp245	2062	300.98447	266.67078	2083.8661958695848
YO4	access-cm2	ssp245	2063	303.03268	271.03677	974.3307428900152
YO4	access-cm2	ssp245	2064	304.26108	269.9726	1665.5664449091744
YO4	access-cm2	ssp245	2065	303.74884	268.16965	2114.756737556249
YO4	access-cm2	ssp245	2066	303.08173	269.6617	856.5167426364496
YO4	access-cm2	ssp245	2067	303.9246	268.75168	649.5333369355649
YO4	access-cm2	ssp245	2068	301.80002	266.46832	1903.4865082706567
YO4	access-cm2	ssp245	2069	302.30005	269.57404	2777.3190057836
YO4	access-cm2	ssp245	2070	301.0347	269.6023	1474.2457846062864
YO4	access-cm2	ssp370	2041	302.46722	268.32846	1000.1365436240887
YO4	access-cm2	ssp370	2042	301.76703	265.46585	1899.7159930527755
YO4	access-cm2	ssp370	2043	302.01093	269.4236	936.965896713054
YO4	access-cm2	ssp370	2044	302.85385	268.98782	1476.8290269188387
YO4	access-cm2	ssp370	2045	302.08517	268.67264	1043.3286027749934
YO4	access-cm2	ssp370	2046	302.14487	269.48474	2360.3390971663703
YO4	access-cm2	ssp370	2047	302.99823	264.18863	1511.4146721548886
YO4	access-cm2	ssp370	2048	300.95926	266.76636	1099.2524484506735
YO4	access-cm2	ssp370	2049	302.45142	269.6382	1647.452667995771
YO4	access-cm2	ssp370	2050	305.02173	264.30463	1572.644894127725
YO4	access-cm2	ssp370	2051	302.6117	266.76804	1558.7468284182082
YO4	access-cm2	ssp370	2052	301.19434	269.96365	2023.206957522751
YO4	access-cm2	ssp370	2053	304.11914	267.9064	1141.0959339965946
YO4	access-cm2	ssp370	2054	301.40125	269.3771	678.0075143178692
YO4	access-cm2	ssp370	2055	303.09882	268.3889	1213.9530607731956
YO4	access-cm2	ssp370	2056	302.2393	268.87982	846.3199330028147
YO4	access-cm2	ssp370	2057	301.8639	267.66306	1704.6453468035647
YO4	access-cm2	ssp370	2058	304.93857	268.38367	2175.170819694154
YO4	access-cm2	ssp370	2059	302.5638	268.91016	906.8792039528297
YO4	access-cm2	ssp370	2060	302.3091	269.60052	1324.6139716822452
YO4	access-cm2	ssp370	2061	302.70822	269.75348	2122.4706403444898
YO4	access-cm2	ssp370	2062	302.8552	270.3129	1547.0534995430637
YO4	access-cm2	ssp370	2063	300.05914	268.16565	1304.6469267457662
YO4	access-cm2	ssp370	2064	301.53415	268.3668	2502.3084599815293
YO4	access-cm2	ssp370	2065	305.57535	268.64505	1500.5753047764033
YO4	access-cm2	ssp370	2066	303.81326	268.68262	1006.3835862208932
YO4	access-cm2	ssp370	2067	304.6521	267.2573	1321.775153721641
YO4	access-cm2	ssp370	2068	301.86035	271.5597	1365.9435063600274
YO4	access-cm2	ssp370	2069	303.21713	268.00314	4005.4175572469385
YO4	access-cm2	ssp370	2070	304.676	270.33905	1408.2814050396944
YO4	cnrm-esm2-1	ssp245	2041	302.4362	266.9825	2149.2062728385945
YO4	cnrm-esm2-1	ssp245	2042	301.8907	268.59314	1507.842922769444
YO4	cnrm-esm2-1	ssp245	2043	301.13733	269.79025	1088.1221808492912
YO4	cnrm-esm2-1	ssp245	2044	301.55487	268.70914	1138.5529816033927
YO4	cnrm-esm2-1	ssp245	2045	301.20142	267.6682	1878.2992599298805
YO4	cnrm-esm2-1	ssp245	2046	302.78113	268.0999	911.8712194729596
YO4	cnrm-esm2-1	ssp245	2047	302.71844	267.01855	2064.718183153275
YO4	cnrm-esm2-1	ssp245	2048	302.44012	268.3563	1025.269985804313
YO4	cnrm-esm2-1	ssp245	2049	299.8428	270.2871	1298.1539404077528
YO4	cnrm-esm2-1	ssp245	2050	302.53003	269.57095	1325.8601534019956
YO4	cnrm-esm2-1	ssp245	2051	302.3254	269.39136	1148.6882169381615
YO4	cnrm-esm2-1	ssp245	2052	301.7529	268.37994	2208.0393404932493
YO4	cnrm-esm2-1	ssp245	2053	301.34686	267.9463	1316.8154837563293
YO4	cnrm-esm2-1	ssp245	2054	302.2128	265.7396	2373.651232011558
YO4	cnrm-esm2-1	ssp245	2055	304.20486	267.44156	2386.4259445806565
YO4	cnrm-esm2-1	ssp245	2056	302.50473	266.82205	1046.6776364541054
YO4	cnrm-esm2-1	ssp245	2057	301.76465	266.93307	572.1238084835932
YO4	cnrm-esm2-1	ssp245	2058	299.05243	268.66376	1872.5183398927811
YO4	cnrm-esm2-1	ssp245	2059	302.37463	269.93024	2214.1448754525663
YO4	cnrm-esm2-1	ssp245	2060	302.69995	267.50696	2587.7577330974723
YO4	cnrm-esm2-1	ssp245	2061	301.86044	269.81277	1208.6684013716524
YO4	cnrm-esm2-1	ssp245	2062	301.64008	265.57803	1797.0035995880326
YO4	cnrm-esm2-1	ssp245	2063	302.38797	269.67126	1298.3902366831567
YO4	cnrm-esm2-1	ssp245	2064	303.17395	265.5731	1462.950784200788
YO4	cnrm-esm2-1	ssp245	2065	301.67868	267.88004	638.676925382606
YO4	cnrm-esm2-1	ssp245	2066	302.16794	270.02814	1316.234015626816
YO4	cnrm-esm2-1	ssp245	2067	302.79276	268.0293	2014.2911302100183
YO4	cnrm-esm2-1	ssp245	2068	302.75296	268.46286	1628.127472323796
YO4	cnrm-esm2-1	ssp245	2069	301.7077	269.0999	845.1788385034622
YO4	cnrm-esm2-1	ssp245	2070	303.75076	270.85507	1351.1293727089285
YO4	cnrm-esm2-1	ssp370	2041	302.77634	268.50186	1141.8852228205405
YO4	cnrm-esm2-1	ssp370	2042	298.93332	266.68985	1272.800833638731
YO4	cnrm-esm2-1	ssp370	2043	300.85718	267.24945	1504.3180487584254
YO4	cnrm-esm2-1	ssp370	2044	301.83142	269.189	1042.2100053168715
YO4	cnrm-esm2-1	ssp370	2045	302.11957	265.91006	2010.254125948987
YO4	cnrm-esm2-1	ssp370	2046	300.37912	270.63736	1019.1011837683527
YO4	cnrm-esm2-1	ssp370	2047	300.66434	266.78574	1258.446957310618
YO4	cnrm-esm2-1	ssp370	2048	299.10718	267.40475	1511.5260148420655
YO4	cnrm-esm2-1	ssp370	2049	301.13202	270.56094	1535.8976394636188
YO4	cnrm-esm2-1	ssp370	2050	300.0907	268.96823	1783.512927219252
YO4	cnrm-esm2-1	ssp370	2051	301.6341	269.2574	1975.7921161944469
YO4	cnrm-esm2-1	ssp370	2052	300.92487	268.45828	1236.8810079758846
YO4	cnrm-esm2-1	ssp370	2053	302.62894	270.176	1782.440487854139
YO4	cnrm-esm2-1	ssp370	2054	300.6684	270.0619	1719.1207202849523
YO4	cnrm-esm2-1	ssp370	2055	303.10043	266.83157	1355.5197233799813
YO4	cnrm-esm2-1	ssp370	2056	303.17413	268.44263	1640.8935671438758
YO4	cnrm-esm2-1	ssp370	2057	301.78976	265.1207	1794.8868974111674
YO4	cnrm-esm2-1	ssp370	2058	301.4217	269.5422	816.8457982130157
YO4	cnrm-esm2-1	ssp370	2059	301.18875	267.9393	1228.5070787183722
YO4	cnrm-esm2-1	ssp370	2060	301.46228	268.0534	2572.3326160688275
YO4	cnrm-esm2-1	ssp370	2061	303.1534	268.0997	1056.1297724023268
YO4	cnrm-esm2-1	ssp370	2062	302.87888	269.22937	1865.7188179262132
YO4	cnrm-esm2-1	ssp370	2063	301.8948	270.18695	1487.2003496624222
YO4	cnrm-esm2-1	ssp370	2064	303.37506	268.10977	1745.2703502494635
YO4	cnrm-esm2-1	ssp370	2065	301.75403	270.41608	672.716378403129
YO4	cnrm-esm2-1	ssp370	2066	302.44583	266.60516	1945.5542892333935
YO4	cnrm-esm2-1	ssp370	2067	303.4175	270.9368	1736.3331313244685
YO4	cnrm-esm2-1	ssp370	2068	302.69928	268.0693	1497.2055792429765
YO4	cnrm-esm2-1	ssp370	2069	301.77496	270.32483	1813.767721876468
YO4	cnrm-esm2-1	ssp370	2070	303.19626	269.98416	621.1502694524825
YO4	ec-earth3-veg	ssp245	2041	301.6961	267.27036	1148.5064331034293
YO4	ec-earth3-veg	ssp245	2042	302.29822	269.82886	2027.0053752057138
YO4	ec-earth3-veg	ssp245	2043	299.29398	269.857	2158.031135704335
YO4	ec-earth3-veg	ssp245	2044	300.69827	267.55554	1567.4335772171394
YO4	ec-earth3-veg	ssp245	2045	301.2652	268.59793	1497.6071805052834
YO4	ec-earth3-veg	ssp245	2046	300.78333	267.88855	1333.696998003847
YO4	ec-earth3-veg	ssp245	2047	301.55234	270.40466	1319.3046889733387
YO4	ec-earth3-veg	ssp245	2048	303.03485	268.61465	1579.9635484814237
YO4	ec-earth3-veg	ssp245	2049	301.01923	267.77145	1557.742083503391
YO4	ec-earth3-veg	ssp245	2050	302.4402	267.92465	1985.0355650705471
YO4	ec-earth3-veg	ssp245	2051	300.5382	269.62253	1555.197090486733
YO4	ec-earth3-veg	ssp245	2052	301.523	270.17657	1868.245666820409
YO4	ec-earth3-veg	ssp245	2053	300.45554	271.83984	1262.7249811543031
YO4	ec-earth3-veg	ssp245	2054	301.70706	266.19043	610.6799566992777
YO4	ec-earth3-veg	ssp245	2055	300.87805	268.30786	632.8528519487008
YO4	ec-earth3-veg	ssp245	2056	301.0718	270.5492	1701.6279949340942
YO4	ec-earth3-veg	ssp245	2057	301.06036	268.00638	1596.4629909605255
YO4	ec-earth3-veg	ssp245	2058	300.27554	270.59576	1624.160351604215
YO4	ec-earth3-veg	ssp245	2059	301.33118	269.88168	855.0847787177026
YO4	ec-earth3-veg	ssp245	2060	304.67252	268.14975	1269.3877587094594
YO4	ec-earth3-veg	ssp245	2061	302.71332	264.1268	1757.2892110794612
YO4	ec-earth3-veg	ssp245	2062	301.05542	268.26974	1049.0517461439317
YO4	ec-earth3-veg	ssp245	2063	299.9383	270.3405	1263.0073350970567
YO4	ec-earth3-veg	ssp245	2064	303.13943	268.0373	2294.951575901314
YO4	ec-earth3-veg	ssp245	2065	303.53357	268.40448	1225.1045096665543
YO4	ec-earth3-veg	ssp245	2066	302.65784	268.37427	3202.742110029718
YO4	ec-earth3-veg	ssp245	2067	301.62415	269.32108	2445.620677946059
YO4	ec-earth3-veg	ssp245	2068	300.15396	268.69366	1565.5176401138247
YO4	ec-earth3-veg	ssp245	2069	303.4041	270.01178	1358.6427676957032
YO4	ec-earth3-veg	ssp245	2070	302.80856	268.23883	2110.51738286332
YO4	ec-earth3-veg	ssp370	2041	302.10626	266.1798	1363.1383635336515
YO4	ec-earth3-veg	ssp370	2042	303.23447	263.15237	2359.549443935938
YO4	ec-earth3-veg	ssp370	2043	301.12946	269.80573	2893.492929940054
YO4	ec-earth3-veg	ssp370	2044	302.76462	267.99677	2220.862149260898
YO4	ec-earth3-veg	ssp370	2045	301.50977	264.16223	921.5514281066135
YO4	ec-earth3-veg	ssp370	2046	301.68076	265.91824	1147.0878305146243
YO4	ec-earth3-veg	ssp370	2047	299.97086	263.83554	1233.5676804184673
YO4	ec-earth3-veg	ssp370	2048	300.6144	270.94778	1455.6830951711036
YO4	ec-earth3-veg	ssp370	2049	301.03485	266.7391	1504.8245826735892
YO4	ec-earth3-veg	ssp370	2050	301.6272	266.66016	1952.1158883114742
YO4	ec-earth3-veg	ssp370	2051	300.85413	268.04474	796.5536173665669
YO4	ec-earth3-veg	ssp370	2052	300.21243	268.64444	2520.0642872484873
YO4	ec-earth3-veg	ssp370	2053	302.64777	268.27042	2156.1229477228417
YO4	ec-earth3-veg	ssp370	2054	301.74918	266.74307	898.1296986923498
YO4	ec-earth3-veg	ssp370	2055	301.58163	268.99835	1993.5460215434096
YO4	ec-earth3-veg	ssp370	2056	298.62976	267.07065	1279.4221918098467
YO4	ec-earth3-veg	ssp370	2057	303.44815	267.4229	837.2366055613202
YO4	ec-earth3-veg	ssp370	2058	300.5283	266.6921	2155.2275356457876
YO4	ec-earth3-veg	ssp370	2059	301.42572	264.10794	2111.233940580809
YO4	ec-earth3-veg	ssp370	2060	302.63538	268.832	2254.090493061785
YO4	ec-earth3-veg	ssp370	2061	302.22284	270.60092	1886.7110284510916
YO4	ec-earth3-veg	ssp370	2062	303.38742	269.0919	1091.2829085252872
YO4	ec-earth3-veg	ssp370	2063	301.3746	268.08514	1783.3041043602557
YO4	ec-earth3-veg	ssp370	2064	299.80243	270.11517	2015.807774662957
YO4	ec-earth3-veg	ssp370	2065	303.73514	268.89438	1758.1028558313556
YO4	ec-earth3-veg	ssp370	2066	301.63126	271.00128	2369.5175753440126
YO4	ec-earth3-veg	ssp370	2067	300.0193	270.5458	2173.3264504232648
YO4	ec-earth3-veg	ssp370	2068	303.50705	269.54544	1663.0920080816713
YO4	ec-earth3-veg	ssp370	2069	302.75073	268.93927	1212.1862396132008
YO4	ec-earth3-veg	ssp370	2070	305.19507	269.40048	707.4259135639295
YO4	miroc6	ssp245	2041	302.32086	266.17453	899.1616965271385
YO4	miroc6	ssp245	2042	299.11166	269.8173	2467.967498057934
YO4	miroc6	ssp245	2043	300.47253	268.63602	1740.7951174070733
YO4	miroc6	ssp245	2044	299.2775	268.59338	1832.6505903736577
YO4	miroc6	ssp245	2045	303.1295	267.12872	544.6586687816307
YO4	miroc6	ssp245	2046	303.40735	267.2014	1044.8756039142422
YO4	miroc6	ssp245	2047	300.45435	268.7545	1179.2789721832214
YO4	miroc6	ssp245	2048	299.81097	268.58005000000003	2341.9893249403485
YO4	miroc6	ssp245	2049	298.93796	266.57727	1736.5990842925116
YO4	miroc6	ssp245	2050	302.93814	265.87985	722.368173563146
YO4	miroc6	ssp245	2051	303.365	269.01782	624.8880746992529
YO4	miroc6	ssp245	2052	301.54678	267.90207	2131.6279141668565
YO4	miroc6	ssp245	2053	301.0258	269.3455	1427.2900328971123
YO4	miroc6	ssp245	2054	300.96048	267.69016	1349.00358051525
YO4	miroc6	ssp245	2055	303.33798	270.67322	1419.032005243911
YO4	miroc6	ssp245	2056	300.74646	266.64246	1302.1445225458472
YO4	miroc6	ssp245	2057	301.76163	267.8245	1761.1813571158295
YO4	miroc6	ssp245	2058	300.15338	267.81766	2121.297870541407
YO4	miroc6	ssp245	2059	301.06158	269.1812	1339.8276880532221
YO4	miroc6	ssp245	2060	298.81693	269.0425	3330.4273967630684
YO4	miroc6	ssp245	2061	300.21927	268.72897	527.064217091538
YO4	miroc6	ssp245	2062	304.53345	265.69324	981.239404150951
YO4	miroc6	ssp245	2063	305.06012	264.34085	806.0719209490344
YO4	miroc6	ssp245	2064	305.87857	269.44315	1081.244437809779
YO4	miroc6	ssp245	2065	303.1432	268.95303	1336.5174812846797
YO4	miroc6	ssp245	2066	300.9161	269.91003	1695.3195763751376
YO4	miroc6	ssp245	2067	305.28616	268.0601	520.3934512159124
YO4	miroc6	ssp245	2068	304.01434	267.80447	901.7229337212452
YO4	miroc6	ssp245	2069	306.41092	267.67923	1584.2347917845364
YO4	miroc6	ssp245	2070	305.8915	269.13785	720.8241075568178
YO4	miroc6	ssp370	2041	305.8531	266.58533	867.8017716680188
YO4	miroc6	ssp370	2042	302.8215	268.75	1303.1381615437117
YO4	miroc6	ssp370	2043	303.50592	268.59363	675.7896048249545
YO4	miroc6	ssp370	2044	305.0289	263.169	681.4603464212269
YO4	miroc6	ssp370	2045	303.37418	270.07364	1392.4737690118227
YO4	miroc6	ssp370	2046	301.56802	269.17484	1461.0319339670073
YO4	miroc6	ssp370	2047	302.23764	268.25085	954.3069233419225
YO4	miroc6	ssp370	2048	301.94662	269.05392	1325.4633390577415
YO4	miroc6	ssp370	2049	303.23328	268.80228	1006.5728268782392
YO4	miroc6	ssp370	2050	302.2106	268.67038	1426.412223838231
YO4	miroc6	ssp370	2051	300.41873	267.5051	1759.5495428772972
YO4	miroc6	ssp370	2052	299.5718	269.73135	2299.1529854828927
YO4	miroc6	ssp370	2053	302.3679	269.16574	1553.5941292997165
YO4	miroc6	ssp370	2054	305.05978	269.05646	1632.537153130357
YO4	miroc6	ssp370	2055	300.34274	268.03867	2602.043125871523
YO4	miroc6	ssp370	2056	300.18372	269.99786	1923.3603201456726
YO4	miroc6	ssp370	2057	300.6251	268.96988	1678.9135454920872
YO4	miroc6	ssp370	2058	305.06586	268.7252	1028.3412475604364
YO4	miroc6	ssp370	2059	305.80716	265.62653	1144.9137868475832
YO4	miroc6	ssp370	2060	303.1288	268.357	1066.3188505455728
YO4	miroc6	ssp370	2061	301.87018	269.69653	1979.6943371147304
YO4	miroc6	ssp370	2062	304.25833	268.6146	546.1621140944771
YO4	miroc6	ssp370	2063	304.3654	265.6988	1620.4549269983183
YO4	miroc6	ssp370	2064	303.38095	268.19614	1950.9495969861714
YO4	miroc6	ssp370	2065	300.54984	267.43686	1397.6784680038227
YO4	miroc6	ssp370	2066	304.84583	268.5435	859.3943954736299
YO4	miroc6	ssp370	2067	305.20184	267.91388	838.7509644264355
YO4	miroc6	ssp370	2068	304.1541	265.7264	1164.6068376896021
YO4	miroc6	ssp370	2069	303.51077	271.12558	1430.0419617443986
YO4	miroc6	ssp370	2070	303.74466	268.99445	1041.609202651302
YO4	mpi-esm1-2-hr	ssp245	2041	299.0015	266.07144	1759.5727432518934
YO4	mpi-esm1-2-hr	ssp245	2042	299.99673	266.84546	1548.3708807499897
YO4	mpi-esm1-2-hr	ssp245	2043	303.3738	268.30704	443.00183672457933
YO4	mpi-esm1-2-hr	ssp245	2044	301.85934	266.69354	1113.560111168772
YO4	mpi-esm1-2-hr	ssp245	2045	299.01108	266.13922	2305.3973689209492
YO4	mpi-esm1-2-hr	ssp245	2046	298.94427	268.7	1522.6423106621576
YO4	mpi-esm1-2-hr	ssp245	2047	300.4422	267.0741	1703.1903270980654
YO4	mpi-esm1-2-hr	ssp245	2048	300.26718	268.84177	2217.0601783319817
YO4	mpi-esm1-2-hr	ssp245	2049	302.4861	266.52463	887.6476560893706
YO4	mpi-esm1-2-hr	ssp245	2050	303.7776	269.29877	645.0271855574101
YO4	mpi-esm1-2-hr	ssp245	2051	298.9777	267.44528	2059.1693033230886
YO4	mpi-esm1-2-hr	ssp245	2052	301.44928	268.2481	1768.4812721795952
YO4	mpi-esm1-2-hr	ssp245	2053	301.0524	267.33603	2064.3598599358966
YO4	mpi-esm1-2-hr	ssp245	2054	301.80804	266.67844	1174.0895998547585
YO4	mpi-esm1-2-hr	ssp245	2055	299.14288	268.61795	809.5057775499158
YO4	mpi-esm1-2-hr	ssp245	2056	301.2687	269.1667	736.7368143517356
YO4	mpi-esm1-2-hr	ssp245	2057	300.82208	267.2276	1014.1496918164123
YO4	mpi-esm1-2-hr	ssp245	2058	301.61362	267.43707	1617.163145542093
YO4	mpi-esm1-2-hr	ssp245	2059	299.71185	270.42407	899.6801645960659
YO4	mpi-esm1-2-hr	ssp245	2060	301.33713	265.44965	1661.6078903898178
YO4	mpi-esm1-2-hr	ssp245	2061	301.77066	263.40878	1606.801487866277
YO4	mpi-esm1-2-hr	ssp245	2062	300.7467	266.22318	1515.2521287090808
YO4	mpi-esm1-2-hr	ssp245	2063	298.6056	263.8985	1855.1664555037694
YO4	mpi-esm1-2-hr	ssp245	2064	299.8685	265.84164	1065.8114750840364
YO4	mpi-esm1-2-hr	ssp245	2065	301.4021	269.87473	1428.5845385805833
YO4	mpi-esm1-2-hr	ssp245	2066	302.30618	267.69037	1577.5309575721444
YO4	mpi-esm1-2-hr	ssp245	2067	302.60864	269.56512	1325.2990885404515
YO4	mpi-esm1-2-hr	ssp245	2068	301.64923	269.87228	786.1939056543541
YO4	mpi-esm1-2-hr	ssp245	2069	302.80807	265.55835	1534.073885902721
YO4	mpi-esm1-2-hr	ssp245	2070	300.73425	270.1985	1610.3133565163866
YO4	mpi-esm1-2-hr	ssp370	2041	303.8777	267.94864	1738.9791363849868
YO4	mpi-esm1-2-hr	ssp370	2042	300.09653	266.16617	1111.9823942310177
YO4	mpi-esm1-2-hr	ssp370	2043	300.2631	265.23047	1893.391367141106
YO4	mpi-esm1-2-hr	ssp370	2044	302.80252	266.04825	1090.9486066899003
YO4	mpi-esm1-2-hr	ssp370	2045	301.00607	267.1689	1684.6278721466592
YO4	mpi-esm1-2-hr	ssp370	2046	301.60712	267.6824	1314.4319651706269
YO4	mpi-esm1-2-hr	ssp370	2047	299.80093	265.11676	1484.7789460792808
YO4	mpi-esm1-2-hr	ssp370	2048	300.47247	266.387	1098.8935925764815
YO4	mpi-esm1-2-hr	ssp370	2049	301.96658	266.37134	927.8115451954175
YO4	mpi-esm1-2-hr	ssp370	2050	300.73825	269.71014	940.6293359992465
YO4	mpi-esm1-2-hr	ssp370	2051	302.87003	268.94928	1384.1969372005904
YO4	mpi-esm1-2-hr	ssp370	2052	300.75772	267.21188	1698.2106213457764
YO4	mpi-esm1-2-hr	ssp370	2053	303.51532	268.39343	1770.7409615046085
YO4	mpi-esm1-2-hr	ssp370	2054	301.64868	268.13242	1506.2032565474046
YO4	mpi-esm1-2-hr	ssp370	2055	298.10852	264.32385	2120.019483100606
YO4	mpi-esm1-2-hr	ssp370	2056	300.825	268.3102	1109.9434990086427
YO4	mpi-esm1-2-hr	ssp370	2057	299.99924	268.0073	2010.679332353167
YO4	mpi-esm1-2-hr	ssp370	2058	300.48138	268.37106	1255.7500334456563
YO4	mpi-esm1-2-hr	ssp370	2059	299.2244	269.81833	1592.6598378689757
YO4	mpi-esm1-2-hr	ssp370	2060	302.10684	268.77905	1370.8486994029442
YO4	mpi-esm1-2-hr	ssp370	2061	301.0987	268.14493	1297.7798069826981
YO4	mpi-esm1-2-hr	ssp370	2062	302.47287	268.08527	1578.5986113943754
YO4	mpi-esm1-2-hr	ssp370	2063	300.57596	269.16956	1334.2517471275441
YO4	mpi-esm1-2-hr	ssp370	2064	301.59323	267.85526	1509.3902682478001
YO4	mpi-esm1-2-hr	ssp370	2065	301.50665	269.4043	736.2346240435727
YO4	mpi-esm1-2-hr	ssp370	2066	301.0802	267.67847	1287.270884402074
YO4	mpi-esm1-2-hr	ssp370	2067	302.337	270.28186	1671.9487667083451
YO4	mpi-esm1-2-hr	ssp370	2068	301.44254	268.45862	1784.163397690251
YO4	mpi-esm1-2-hr	ssp370	2069	300.97897	266.6316	1253.5792659502097
YO4	mpi-esm1-2-hr	ssp370	2070	301.06177	268.57468	1287.4163099768198
YO4	mri-esm2-0	ssp245	2041	301.9765	264.6118	1239.8795980028635
YO4	mri-esm2-0	ssp245	2042	302.73642	266.8971	1709.046226926119
YO4	mri-esm2-0	ssp245	2043	301.179	268.94006	1465.8267745136961
YO4	mri-esm2-0	ssp245	2044	301.0469	271.73254	938.1763020995837
YO4	mri-esm2-0	ssp245	2045	300.38345	269.1348	2282.2904889354795
YO4	mri-esm2-0	ssp245	2046	302.62653	269.55276	2474.3671325209466
YO4	mri-esm2-0	ssp245	2047	300.0558	265.06137	2096.1095260834286
YO4	mri-esm2-0	ssp245	2048	303.759	264.65915	1184.3413908965617
YO4	mri-esm2-0	ssp245	2049	302.07056	270.1468	889.1360128763954
YO4	mri-esm2-0	ssp245	2050	301.24872	268.08405	1498.9364120992682
YO4	mri-esm2-0	ssp245	2051	299.3685	267.5707	1308.0288958036879
YO4	mri-esm2-0	ssp245	2052	302.18478	268.88834	1031.93203790579
YO4	mri-esm2-0	ssp245	2053	301.41443	268.90268	1346.3794339913647
YO4	mri-esm2-0	ssp245	2054	301.2409	268.31644	1912.1975377667316
YO4	mri-esm2-0	ssp245	2055	302.76947	269.255	920.2304685080651
YO4	mri-esm2-0	ssp245	2056	299.69534	269.81848	1178.7800425663418
YO4	mri-esm2-0	ssp245	2057	302.3623	267.25293	2158.179595973309
YO4	mri-esm2-0	ssp245	2058	301.56537	268.4423	1372.8920982219101
YO4	mri-esm2-0	ssp245	2059	301.04742	268.31638	1579.3718925676958
YO4	mri-esm2-0	ssp245	2060	302.86603	268.57187	306.4700080663897
YO4	mri-esm2-0	ssp245	2061	302.75916	269.47156	1537.6493417657825
YO4	mri-esm2-0	ssp245	2062	301.50595	269.51724	1644.736458943214
YO4	mri-esm2-0	ssp245	2063	301.98767	267.6168	1064.3030898179609
YO4	mri-esm2-0	ssp245	2064	303.45816	268.4363	1890.622010431207
YO4	mri-esm2-0	ssp245	2065	300.39633	269.11224	1728.1855643726813
YO4	mri-esm2-0	ssp245	2066	302.24063	269.1171	1653.062369168001
YO4	mri-esm2-0	ssp245	2067	302.12173	266.15146	943.1749582872461
YO4	mri-esm2-0	ssp245	2068	302.2179	269.27228	1024.4762767280708
YO4	mri-esm2-0	ssp245	2069	303.50717	269.6582	863.4878187604043
YO4	mri-esm2-0	ssp245	2070	302.3189	268.0588	2664.38834133294
YO4	mri-esm2-0	ssp370	2041	301.17227	265.19403	1304.9434172920883
YO4	mri-esm2-0	ssp370	2042	304.09702	267.06732	1024.3671152740715
YO4	mri-esm2-0	ssp370	2043	301.3877	269.12717	892.6524467300612
YO4	mri-esm2-0	ssp370	2044	300.49753	269.03284	1172.940029640416
YO4	mri-esm2-0	ssp370	2045	303.2589	268.84207	792.183745832878
YO4	mri-esm2-0	ssp370	2046	300.86395	267.8043	2229.980708355975
YO4	mri-esm2-0	ssp370	2047	304.46014	269.02866	2384.7214546054265
YO4	mri-esm2-0	ssp370	2048	301.38956	266.43033	827.7177934069126
YO4	mri-esm2-0	ssp370	2049	304.61264	267.65875	1861.0576622653357
YO4	mri-esm2-0	ssp370	2050	299.15414	268.07175	2227.093877177632
YO4	mri-esm2-0	ssp370	2051	303.81735	269.02408	2179.036761622376
YO4	mri-esm2-0	ssp370	2052	301.54166	268.5325	1219.816447107567
YO4	mri-esm2-0	ssp370	2053	301.86316	270.49475	1001.508292998182
YO4	mri-esm2-0	ssp370	2054	299.7823	268.24652	1666.111144982237
YO4	mri-esm2-0	ssp370	2055	301.89377	265.16867	1655.596729950006
YO4	mri-esm2-0	ssp370	2056	301.3724	268.4617	1310.9208365902036
YO4	mri-esm2-0	ssp370	2057	302.52994	269.87115	1685.2864937565641
YO4	mri-esm2-0	ssp370	2058	304.19208	269.064	1709.1719216841248
YO4	mri-esm2-0	ssp370	2059	302.641	267.32468	1068.4734271606321
YO4	mri-esm2-0	ssp370	2060	299.46054	266.5	1028.170049283647
YO4	mri-esm2-0	ssp370	2061	302.60287	267.6432	1893.4121214668107
YO4	mri-esm2-0	ssp370	2062	299.58676	266.442	1428.2320917583856
YO4	mri-esm2-0	ssp370	2063	303.15942	269.3041	589.3499201629311
YO4	mri-esm2-0	ssp370	2064	303.24182	269.38977	1688.5652118594883
YO4	mri-esm2-0	ssp370	2065	301.78943	270.77844	1074.6750201447867
YO4	mri-esm2-0	ssp370	2066	303.66638	268.72632	1193.3784294873367
YO4	mri-esm2-0	ssp370	2067	305.04004	267.73532	1286.5905772894564
YO4	mri-esm2-0	ssp370	2068	302.87885	268.27292	861.9784548645608
YO4	mri-esm2-0	ssp370	2069	301.87454	267.41068	1333.2674142817002
YO4	mri-esm2-0	ssp370	2070	301.3523	267.77408	2123.207569308548
YO7	access-cm2	ssp245	2041	299.91223	263.68402	1249.1279460489552
YO7	access-cm2	ssp245	2042	300.14273	260.51804	1521.950899518516
YO7	access-cm2	ssp245	2043	301.56543	266.14117	1819.926821440401
YO7	access-cm2	ssp245	2044	299.68793	266.67914	873.3407392166555
YO7	access-cm2	ssp245	2045	299.32794	265.04825	1216.6641724761294
YO7	access-cm2	ssp245	2046	299.18564	264.315	1551.4700397848683
YO7	access-cm2	ssp245	2047	301.60928	266.03302	925.9648678824306
YO7	access-cm2	ssp245	2048	300.34708	266.4102	811.0897604055936
YO7	access-cm2	ssp245	2049	302.35468	262.3181	452.4708515731618
YO7	access-cm2	ssp245	2050	300.09824	262.9706	1126.1878508375903
YO7	access-cm2	ssp245	2051	300.48425	266.8226	882.2474023327231
YO7	access-cm2	ssp245	2052	302.46603	265.02094	1148.4912710264325
YO7	access-cm2	ssp245	2053	301.4085	264.23892	1018.5897634131762
YO7	access-cm2	ssp245	2054	302.564	267.00073	617.6848663017154
YO7	access-cm2	ssp245	2055	300.92947	265.83536	1155.6066955556003
YO7	access-cm2	ssp245	2056	301.22858	264.01932	1465.2627121656892
YO7	access-cm2	ssp245	2057	302.00452	262.40372	1277.2639544214835
YO7	access-cm2	ssp245	2058	301.47076	264.48196	2029.0503332158028
YO7	access-cm2	ssp245	2059	303.75443	265.4609	1492.9213481023748
YO7	access-cm2	ssp245	2060	300.8078	264.90448	736.1942893825471
YO7	access-cm2	ssp245	2061	302.47806	266.45218	1286.6503335535526
YO7	access-cm2	ssp245	2062	298.9111	262.82205	1579.0404193103043
YO7	access-cm2	ssp245	2063	300.7575	267.11176	735.6952149420977
YO7	access-cm2	ssp245	2064	301.92587	266.15265	1294.8004804551538
YO7	access-cm2	ssp245	2065	301.40402	264.21112	1818.3166531787306
YO7	access-cm2	ssp245	2066	301.08084	265.75296	756.0689602978528
YO7	access-cm2	ssp245	2067	302.27454	265.02216	495.5434403149411
YO7	access-cm2	ssp245	2068	299.4901	263.18884	1652.0712422264862
YO7	access-cm2	ssp245	2069	300.4287	265.68372	2072.5247070192613
YO7	access-cm2	ssp245	2070	298.7844	265.41678	1111.1760860541472
YO7	access-cm2	ssp370	2041	300.4641	264.96194	850.4117296077291
YO7	access-cm2	ssp370	2042	299.8163	261.98996	1478.3060222456415
YO7	access-cm2	ssp370	2043	300.04498	266.70764	719.5838295388967
YO7	access-cm2	ssp370	2044	300.8408	264.9354	1227.0508919376675
YO7	access-cm2	ssp370	2045	299.99344	265.08774	756.134085485234
YO7	access-cm2	ssp370	2046	299.97003	265.55185	1871.0828782058773
YO7	access-cm2	ssp370	2047	300.9482	260.68677	1258.367785415588
YO7	access-cm2	ssp370	2048	298.6689	262.75626	841.1478716880083
YO7	access-cm2	ssp370	2049	300.4849	266.07425	1296.0473949562224
YO7	access-cm2	ssp370	2050	302.91547	260.3599	1331.7292091902204
YO7	access-cm2	ssp370	2051	300.15912	262.7953	1366.0366897587328
YO7	access-cm2	ssp370	2052	298.69507	266.20682	1705.91121922479
YO7	access-cm2	ssp370	2053	301.85617	264.1256	959.5754241105169
YO7	access-cm2	ssp370	2054	299.2815	265.67596	742.2674465691671
YO7	access-cm2	ssp370	2055	301.05835	264.47162	889.6313685807238
YO7	access-cm2	ssp370	2056	299.87082	265.5546	743.83286065422
YO7	access-cm2	ssp370	2057	299.382	263.90042	1405.4637871216948
YO7	access-cm2	ssp370	2058	302.8075	264.35617	1576.468632440035
YO7	access-cm2	ssp370	2059	300.58206	265.21457	685.5043012706999
YO7	access-cm2	ssp370	2060	300.19077	265.47464	1033.0011992133136
YO7	access-cm2	ssp370	2061	300.4006	265.83267	1735.4462434071672
YO7	access-cm2	ssp370	2062	300.53598	267.0731	1165.4887774027566
YO7	access-cm2	ssp370	2063	297.59418	264.677	1105.7966751046442
YO7	access-cm2	ssp370	2064	299.00644	264.72632	1919.4108762312526
YO7	access-cm2	ssp370	2065	303.24207	265.3072	1176.5327013563058
YO7	access-cm2	ssp370	2066	301.6228	264.2394	861.4574401639364
YO7	access-cm2	ssp370	2067	302.31757	262.98508	1061.5665482589768
YO7	access-cm2	ssp370	2068	299.43124	267.49927	1104.0855648927368
YO7	access-cm2	ssp370	2069	300.9513	264.81113	2925.294767855591
YO7	access-cm2	ssp370	2070	302.44632	266.64923	1129.5911623164798
YO7	cnrm-esm2-1	ssp245	2041	300.35156	263.30118	1695.595676265625
YO7	cnrm-esm2-1	ssp245	2042	299.8229	264.7972	1171.886119991534
YO7	cnrm-esm2-1	ssp245	2043	298.91074	265.82095	905.1020384766073
YO7	cnrm-esm2-1	ssp245	2044	299.69077	264.7533	883.7631681002442
YO7	cnrm-esm2-1	ssp245	2045	298.9627	263.81207	1380.636726709763
YO7	cnrm-esm2-1	ssp245	2046	300.084	264.74725	665.7279734965414
YO7	cnrm-esm2-1	ssp245	2047	300.48657	263.24142	1640.6280191789306
YO7	cnrm-esm2-1	ssp245	2048	299.94995	264.54764	789.7857797797569
YO7	cnrm-esm2-1	ssp245	2049	297.48242	266.86584	1052.2656720829798
YO7	cnrm-esm2-1	ssp245	2050	300.33362	265.72504	1095.4261186765027
YO7	cnrm-esm2-1	ssp245	2051	299.92346	265.53458	956.550551787936
YO7	cnrm-esm2-1	ssp245	2052	299.56467	265.02805	1795.703562791438
YO7	cnrm-esm2-1	ssp245	2053	299.08472	264.29385	1157.2183478856352
YO7	cnrm-esm2-1	ssp245	2054	300.10974	261.96777	1796.6151255647917
YO7	cnrm-esm2-1	ssp245	2055	301.68164	263.52017	1751.8208058492078
YO7	cnrm-esm2-1	ssp245	2056	300.44067	263.00296	919.8510481975823
YO7	cnrm-esm2-1	ssp245	2057	299.48505	263.9519	457.18966650310904
YO7	cnrm-esm2-1	ssp245	2058	296.88837	264.77948	1384.4315086374756
YO7	cnrm-esm2-1	ssp245	2059	300.03055	266.4594	1696.4887365116451
YO7	cnrm-esm2-1	ssp245	2060	300.54202	263.94537	2063.091596472049
YO7	cnrm-esm2-1	ssp245	2061	299.57208	266.20532	950.6646458990816
YO7	cnrm-esm2-1	ssp245	2062	299.41534	261.73557	1166.7843164177493
YO7	cnrm-esm2-1	ssp245	2063	300.11526	266.39557	971.5266718994758
YO7	cnrm-esm2-1	ssp245	2064	301.04056	262.12454	1202.5816233828502
YO7	cnrm-esm2-1	ssp245	2065	299.73746	264.1016	498.30218710703775
YO7	cnrm-esm2-1	ssp245	2066	300.10934	267.22577	1032.6506765093397
YO7	cnrm-esm2-1	ssp245	2067	300.54395	264.3775	1476.4835223555215
YO7	cnrm-esm2-1	ssp245	2068	300.64648	264.5268	1369.790931930743
YO7	cnrm-esm2-1	ssp245	2069	299.6789	265.1299	652.9260356677696
YO7	cnrm-esm2-1	ssp245	2070	301.40677	267.12	1002.5119541329077
YO7	cnrm-esm2-1	ssp370	2041	300.7679	264.75082	914.9218586040658
YO7	cnrm-esm2-1	ssp370	2042	296.86612	262.6175	1150.390715058893
YO7	cnrm-esm2-1	ssp370	2043	298.6156	263.2176	1284.4168627168785
YO7	cnrm-esm2-1	ssp370	2044	299.74414	265.53046	983.2342753652288
YO7	cnrm-esm2-1	ssp370	2045	299.96286	261.9558	1463.1944756721919
YO7	cnrm-esm2-1	ssp370	2046	297.79343	266.97717	796.1367712821643
YO7	cnrm-esm2-1	ssp370	2047	297.89447	263.19943	1138.0213123512913
YO7	cnrm-esm2-1	ssp370	2048	297.05338	263.81848	1308.9952231035277
YO7	cnrm-esm2-1	ssp370	2049	298.8631	268.10196	1161.3421732093734
YO7	cnrm-esm2-1	ssp370	2050	298.1394	265.1145	1335.4916736948858
YO7	cnrm-esm2-1	ssp370	2051	299.3385	266.14926	1547.197642372284
YO7	cnrm-esm2-1	ssp370	2052	298.61716	265.2018	951.1138903442659
YO7	cnrm-esm2-1	ssp370	2053	300.03067	267.42062	1508.2326334900913
YO7	cnrm-esm2-1	ssp370	2054	298.296	266.8179	1368.4194773900963
YO7	cnrm-esm2-1	ssp370	2055	300.95404	263.19672	1083.4789803251324
YO7	cnrm-esm2-1	ssp370	2056	300.83844	264.5893	1354.7454473795094
YO7	cnrm-esm2-1	ssp370	2057	299.81058	261.8318	1414.114726072826
YO7	cnrm-esm2-1	ssp370	2058	299.43707	266.60532	599.4351642555557
YO7	cnrm-esm2-1	ssp370	2059	299.0766	264.2873	1015.7069555483749
YO7	cnrm-esm2-1	ssp370	2060	299.4299	264.94757	2013.281909516051
YO7	cnrm-esm2-1	ssp370	2061	300.6927	264.25674	879.7081229320434
YO7	cnrm-esm2-1	ssp370	2062	300.9553	266.499	1367.7818783791395
YO7	cnrm-esm2-1	ssp370	2063	299.74524	266.5185	1071.3333159685124
YO7	cnrm-esm2-1	ssp370	2064	301.4587	264.48358	1243.0544487666175
YO7	cnrm-esm2-1	ssp370	2065	299.53036	267.2977	531.0473068297142
YO7	cnrm-esm2-1	ssp370	2066	299.71402	262.67706	1542.4823812383474
YO7	cnrm-esm2-1	ssp370	2067	301.30927	267.10165	1219.5016759447701
YO7	cnrm-esm2-1	ssp370	2068	300.7248	264.80585	1229.8205579397859
YO7	cnrm-esm2-1	ssp370	2069	299.5319	267.79916	1349.522053613306
YO7	cnrm-esm2-1	ssp370	2070	300.94064	266.9445	503.92584996297956
YO7	ec-earth3-veg	ssp245	2041	299.56778	263.88858	1028.3791437162756
YO7	ec-earth3-veg	ssp245	2042	300.06668	266.44388	1503.4819451160606
YO7	ec-earth3-veg	ssp245	2043	296.8606	265.77292	1775.1434896140686
YO7	ec-earth3-veg	ssp245	2044	298.3805	263.72723	1180.1076807081527
YO7	ec-earth3-veg	ssp245	2045	299.24283	264.82492	1219.5492412545718
YO7	ec-earth3-veg	ssp245	2046	298.3817	263.97336	1028.9855755632527
YO7	ec-earth3-veg	ssp245	2047	299.50452	266.56323	998.6413215868974
YO7	ec-earth3-veg	ssp245	2048	300.11398	265.0446	1221.4791194535705
YO7	ec-earth3-veg	ssp245	2049	299.13928	264.64728	1246.3737792335141
YO7	ec-earth3-veg	ssp245	2050	300.0915	264.62527	1680.1015363074434
YO7	ec-earth3-veg	ssp245	2051	297.84528	266.52304	1322.9545271024108
YO7	ec-earth3-veg	ssp245	2052	299.66702	267.28662	1447.397341544252
YO7	ec-earth3-veg	ssp245	2053	298.32346	268.7768	1108.9971682056741
YO7	ec-earth3-veg	ssp245	2054	299.09473	262.78036	430.4644780437229
YO7	ec-earth3-veg	ssp245	2055	298.7428	264.60013	481.0057061025873
YO7	ec-earth3-veg	ssp245	2056	298.7846	266.86243	1322.718302649429
YO7	ec-earth3-veg	ssp245	2057	299.1365	264.34515	1267.9995244368743
YO7	ec-earth3-veg	ssp245	2058	297.8717	267.35535	1396.1319100577246
YO7	ec-earth3-veg	ssp245	2059	298.6089	265.98083	758.6867078673095
YO7	ec-earth3-veg	ssp245	2060	302.68903	264.39847	919.5311306510121
YO7	ec-earth3-veg	ssp245	2061	300.69653	260.60056	1430.5386624298797
YO7	ec-earth3-veg	ssp245	2062	299.0075	265.34784	864.417645893971
YO7	ec-earth3-veg	ssp245	2063	297.9016	266.84918	1015.5455477535602
YO7	ec-earth3-veg	ssp245	2064	300.7452	263.96503	1846.838964399625
YO7	ec-earth3-veg	ssp245	2065	301.03787	265.21332	1018.615657836183
YO7	ec-earth3-veg	ssp245	2066	300.2638	265.25714	2372.983196633837
YO7	ec-earth3-veg	ssp245	2067	299.371	266.491	2133.6473688482897
YO7	ec-earth3-veg	ssp245	2068	297.76202	264.9399	1159.5353621989489
YO7	ec-earth3-veg	ssp245	2069	300.98434	266.39972	1052.4369948310778
YO7	ec-earth3-veg	ssp245	2070	300.3729	264.32623	1630.9265874093142
YO7	ec-earth3-veg	ssp370	2041	300.23248	262.24902	1078.1959245912508
YO7	ec-earth3-veg	ssp370	2042	301.08325	259.22824	1691.6579034179247
YO7	ec-earth3-veg	ssp370	2043	298.9558	266.01254	2229.801022773543
YO7	ec-earth3-veg	ssp370	2044	300.60913	264.10556	1610.7733284355697
YO7	ec-earth3-veg	ssp370	2045	299.53482	260.57074	691.3631656207144
YO7	ec-earth3-veg	ssp370	2046	299.53998	262.09995	1051.550951338128
YO7	ec-earth3-veg	ssp370	2047	297.98206	260.05856	1039.6649552509098
YO7	ec-earth3-veg	ssp370	2048	298.81393	267.06155	1282.372668350555
YO7	ec-earth3-veg	ssp370	2049	299.1599	263.1104	1260.7622304407375
YO7	ec-earth3-veg	ssp370	2050	299.39178	262.57236	1487.7205999335029
YO7	ec-earth3-veg	ssp370	2051	299.15057	263.9514	617.9200553800911
YO7	ec-earth3-veg	ssp370	2052	297.93143	265.77548	1934.4566873623621
YO7	ec-earth3-veg	ssp370	2053	300.60086	264.89554	1616.8067428283223
YO7	ec-earth3-veg	ssp370	2054	299.99573	262.86337	888.6979859322128
YO7	ec-earth3-veg	ssp370	2055	299.20038	265.7132	1704.5696425018211
YO7	ec-earth3-veg	ssp370	2056	296.58328	263.40656	1090.124655654639
YO7	ec-earth3-veg	ssp370	2057	300.9034	263.5589	705.9564448194517
YO7	ec-earth3-veg	ssp370	2058	298.05463	262.83807	1710.0271824281513
YO7	ec-earth3-veg	ssp370	2059	299.04532	260.21997	1820.2060092240117
YO7	ec-earth3-veg	ssp370	2060	300.34036	265.81802	1702.1659436984683
YO7	ec-earth3-veg	ssp370	2061	300.61554	267.39658	1375.3179155056946
YO7	ec-earth3-veg	ssp370	2062	301.3345	265.30814	836.9260070146756
YO7	ec-earth3-veg	ssp370	2063	299.2187	264.63165	1399.462744686733
YO7	ec-earth3-veg	ssp370	2064	296.90625	267.03842	1747.7891871705467
YO7	ec-earth3-veg	ssp370	2065	301.43597	265.1647	1428.5253548528844
YO7	ec-earth3-veg	ssp370	2066	299.28687	267.35516	1777.2454665420685
YO7	ec-earth3-veg	ssp370	2067	297.71124	266.9001	1637.2598404996008
YO7	ec-earth3-veg	ssp370	2068	301.41885	265.4833	1241.8304876424081
YO7	ec-earth3-veg	ssp370	2069	300.8387	265.29056	962.0379811618202
YO7	ec-earth3-veg	ssp370	2070	303.00168	265.8019	539.7530999674927
YO7	miroc6	ssp245	2041	300.12045	262.913	789.6857330167882
YO7	miroc6	ssp245	2042	296.63638	266.95404	1947.6395716890288
YO7	miroc6	ssp245	2043	298.23505	265.33136	1419.4394845515315
YO7	miroc6	ssp245	2044	296.66525	264.8608	1458.3223856985505
YO7	miroc6	ssp245	2045	300.94107	263.86295	445.5773159279488
YO7	miroc6	ssp245	2046	301.26608	263.72668	816.0503067774698
YO7	miroc6	ssp245	2047	298.5097	265.36432	986.6142447106439
YO7	miroc6	ssp245	2048	297.52032	264.7149	1950.704611767997
YO7	miroc6	ssp245	2049	296.86615	262.95282	1378.2364767975641
YO7	miroc6	ssp245	2050	300.64255000000003	261.85007	617.8121061064303
YO7	miroc6	ssp245	2051	301.50137	265.49985	464.28064374485984
YO7	miroc6	ssp245	2052	299.32413	264.16846	1651.0945697852972
YO7	miroc6	ssp245	2053	298.61917	266.10876	1219.0307214404654
YO7	miroc6	ssp245	2054	298.8291	263.7773	1061.0590986077932
YO7	miroc6	ssp245	2055	301.2123	266.81024	1007.6180635951407
YO7	miroc6	ssp245	2056	298.60553	263.3469	1001.0053811653002
YO7	miroc6	ssp245	2057	299.20612	264.12775	1389.1419381804933
YO7	miroc6	ssp245	2058	297.8281	263.76483	1596.6501960530654
YO7	miroc6	ssp245	2059	298.66327	265.7009	1067.1613839163751
YO7	miroc6	ssp245	2060	296.45053	265.46988	2653.8675326504303
YO7	miroc6	ssp245	2061	298.05603	265.07898	452.8697363915853
YO7	miroc6	ssp245	2062	302.37164	262.02014	681.9285004399717
YO7	miroc6	ssp245	2063	303.18594	260.2355	663.5152994189411
YO7	miroc6	ssp245	2064	303.53195	265.8118	859.2866435152192
YO7	miroc6	ssp245	2065	300.8602	265.5915	1148.8382665731456
YO7	miroc6	ssp245	2066	298.9748	266.20032	1270.2428077580275
YO7	miroc6	ssp245	2067	302.92902	264.1316	417.4218956963159
YO7	miroc6	ssp245	2068	301.96637	264.73035	691.9038896856364
YO7	miroc6	ssp245	2069	304.462	264.1679	1189.768046233803
YO7	miroc6	ssp245	2070	303.77252	265.61026	531.7302096867934
YO7	miroc6	ssp370	2041	303.95663	262.676	648.839570581913
YO7	miroc6	ssp370	2042	300.972	265.5903	1000.573945854552
YO7	miroc6	ssp370	2043	301.58856	264.69888	561.1161839333304
YO7	miroc6	ssp370	2044	303.25854	259.05978	575.6026375573128
YO7	miroc6	ssp370	2045	301.44016	266.58234	1108.3158981695049
YO7	miroc6	ssp370	2046	299.79672	265.96204	1001.0419601574291
YO7	miroc6	ssp370	2047	300.2409	264.9941	768.0688499473009
YO7	miroc6	ssp370	2048	299.8744	265.11392	1045.2671238686696
YO7	miroc6	ssp370	2049	301.51425	265.84048	908.9890125906095
YO7	miroc6	ssp370	2050	300.1015	265.01358	1131.4139551737621
YO7	miroc6	ssp370	2051	298.3928	263.8775	1341.3057489786206
YO7	miroc6	ssp370	2052	297.25204	266.80374	1696.6723157500132
YO7	miroc6	ssp370	2053	299.86893	265.34448	1070.9725174703556
YO7	miroc6	ssp370	2054	302.8943	266.1557	1200.3705916343974
YO7	miroc6	ssp370	2055	298.25366	264.49078	2118.9787025766473
YO7	miroc6	ssp370	2056	297.92868	266.3128	1407.7407179167085
YO7	miroc6	ssp370	2057	298.27216	265.36343	1323.0311775114064
YO7	miroc6	ssp370	2058	303.15823	265.3113	793.9877472817898
YO7	miroc6	ssp370	2059	303.74423	261.4941	868.1611451902206
YO7	miroc6	ssp370	2060	300.82748	264.7433	824.5946859125922
YO7	miroc6	ssp370	2061	299.809	266.7606	1503.1306186923648
YO7	miroc6	ssp370	2062	302.3115	265.78168	477.88562065106817
YO7	miroc6	ssp370	2063	302.3881	261.36966	1200.2322767162696
YO7	miroc6	ssp370	2064	301.14053	265.12158	1523.18128757177
YO7	miroc6	ssp370	2065	298.1702	263.64594	1127.0066922646483
YO7	miroc6	ssp370	2066	302.42526	265.41275	676.18450562004
YO7	miroc6	ssp370	2067	303.3933	264.64236	635.7495647622272
YO7	miroc6	ssp370	2068	302.15015	262.40567	1049.378984235227
YO7	miroc6	ssp370	2069	301.5947	267.5001	1109.3031940050175
YO7	miroc6	ssp370	2070	301.71857	266.11868	763.4745245100778
YO7	mpi-esm1-2-hr	ssp245	2041	297.2004	262.78406	1436.9622775702494
YO7	mpi-esm1-2-hr	ssp245	2042	298.10556	262.87927	1200.992305157692
YO7	mpi-esm1-2-hr	ssp245	2043	301.20602	264.5624	396.23463477473706
YO7	mpi-esm1-2-hr	ssp245	2044	299.73676	263.0997	985.4777667671442
YO7	mpi-esm1-2-hr	ssp245	2045	297.10663	262.4916	1361.639023257862
YO7	mpi-esm1-2-hr	ssp245	2046	297.07864	265.01273	1384.4945344724388
YO7	mpi-esm1-2-hr	ssp245	2047	298.35236	263.00824	1264.0158430673114
YO7	mpi-esm1-2-hr	ssp245	2048	298.52628	265.595	1668.1378388776566
YO7	mpi-esm1-2-hr	ssp245	2049	300.41705	262.82172	706.2949994229712
YO7	mpi-esm1-2-hr	ssp245	2050	301.14224	265.6293	497.71245955489576
YO7	mpi-esm1-2-hr	ssp245	2051	296.58276	263.6895	1673.1202122755003
YO7	mpi-esm1-2-hr	ssp245	2052	299.39993	265.49054	1415.606340486535
YO7	mpi-esm1-2-hr	ssp245	2053	298.78778	263.3483	1836.7526258400003
YO7	mpi-esm1-2-hr	ssp245	2054	299.56854	262.79587	1005.6188439019024
YO7	mpi-esm1-2-hr	ssp245	2055	297.16663	265.32922	636.1685287440155
YO7	mpi-esm1-2-hr	ssp245	2056	299.02042	266.32263	631.0552474111319
YO7	mpi-esm1-2-hr	ssp245	2057	298.55548	263.315	885.9154446981847
YO7	mpi-esm1-2-hr	ssp245	2058	299.5112	263.43304	1292.0133098959923
YO7	mpi-esm1-2-hr	ssp245	2059	297.4842	267.0752	796.8374175019562
YO7	mpi-esm1-2-hr	ssp245	2060	299.0805	261.20795	1245.9880339912836
YO7	mpi-esm1-2-hr	ssp245	2061	299.41333	259.43677	1143.8503612764152
YO7	mpi-esm1-2-hr	ssp245	2062	298.48215	261.98615	1243.4625859488576
YO7	mpi-esm1-2-hr	ssp245	2063	296.4837	259.5588	1425.0998830888389
YO7	mpi-esm1-2-hr	ssp245	2064	297.54758	262.21985	868.924219091415
YO7	mpi-esm1-2-hr	ssp245	2065	299.45377	266.63565	1132.1115526137542
YO7	mpi-esm1-2-hr	ssp245	2066	300.41666	263.90433	1320.0837508309612
YO7	mpi-esm1-2-hr	ssp245	2067	300.25067	266.6295	1024.4043324957602
YO7	mpi-esm1-2-hr	ssp245	2068	299.14206	267.0636	711.8356524413684
YO7	mpi-esm1-2-hr	ssp245	2069	300.66962	261.75632	1259.2646542936334
YO7	mpi-esm1-2-hr	ssp245	2070	298.69193	266.442	1248.8901265722043
YO7	mpi-esm1-2-hr	ssp370	2041	301.2311	264.2394	1394.038712047008
YO7	mpi-esm1-2-hr	ssp370	2042	297.9836	263.02652	950.7357931695879
YO7	mpi-esm1-2-hr	ssp370	2043	298.06113	260.93927	1441.0926706389805
YO7	mpi-esm1-2-hr	ssp370	2044	300.39978	262.74063	997.0970773603767
YO7	mpi-esm1-2-hr	ssp370	2045	298.71686	264.233	1469.5013960183035
YO7	mpi-esm1-2-hr	ssp370	2046	299.43585	264.9028	1077.5799750932388
YO7	mpi-esm1-2-hr	ssp370	2047	297.45416	261.68362	1072.753143939178
YO7	mpi-esm1-2-hr	ssp370	2048	298.37558	262.53598	875.9880141355011
YO7	mpi-esm1-2-hr	ssp370	2049	299.46582	262.85248	818.7795846839225
YO7	mpi-esm1-2-hr	ssp370	2050	298.4774	266.26062	803.295488236472
YO7	mpi-esm1-2-hr	ssp370	2051	300.59406	265.2331	1203.9255823473923
YO7	mpi-esm1-2-hr	ssp370	2052	299.00552	263.08795	1402.652782830383
YO7	mpi-esm1-2-hr	ssp370	2053	301.6632	264.59235	1468.2096217875292
YO7	mpi-esm1-2-hr	ssp370	2054	299.59808	264.35822	1134.8972876672592
YO7	mpi-esm1-2-hr	ssp370	2055	295.94485	261.0257	1809.4976095017018
YO7	mpi-esm1-2-hr	ssp370	2056	298.7259	264.49698	925.0921137397806
YO7	mpi-esm1-2-hr	ssp370	2057	298.03522	264.29428	1411.9348093110555
YO7	mpi-esm1-2-hr	ssp370	2058	298.07162	265.38013	1076.9532720325515
YO7	mpi-esm1-2-hr	ssp370	2059	297.0435	266.55234	1221.3318460620744
YO7	mpi-esm1-2-hr	ssp370	2060	299.68692	265.70468	1070.8671874366696
YO7	mpi-esm1-2-hr	ssp370	2061	299.0145	263.76248	1117.1397160738293
YO7	mpi-esm1-2-hr	ssp370	2062	300.04474	264.14563	1174.6441003109323
YO7	mpi-esm1-2-hr	ssp370	2063	298.44644	266.58463	955.7438126765192
YO7	mpi-esm1-2-hr	ssp370	2064	299.65082	264.14072	1256.7970191448658
YO7	mpi-esm1-2-hr	ssp370	2065	299.47052	266.35794	633.7098743264505
YO7	mpi-esm1-2-hr	ssp370	2066	299.134	263.83994	1036.41366467344
YO7	mpi-esm1-2-hr	ssp370	2067	300.08112	266.8653	1276.1989217251235
YO7	mpi-esm1-2-hr	ssp370	2068	299.23618	265.45193	1382.6729475287548
YO7	mpi-esm1-2-hr	ssp370	2069	298.82263	262.5122	956.0187839961093
YO7	mpi-esm1-2-hr	ssp370	2070	298.84164	264.41916	1043.492980120913
YO7	mri-esm2-0	ssp245	2041	300.25912	260.3973	1026.2339805252693
YO7	mri-esm2-0	ssp245	2042	300.79343	262.62952	1447.2940357401744
YO7	mri-esm2-0	ssp245	2043	298.98856	266.15384	1269.7589700459457
YO7	mri-esm2-0	ssp245	2044	299.08887	268.24307	819.984458014369
YO7	mri-esm2-0	ssp245	2045	298.13403	265.4988	1729.0491690917036
YO7	mri-esm2-0	ssp245	2046	300.33408	266.6049	1784.1474213637002
YO7	mri-esm2-0	ssp245	2047	297.9155	260.7908	1601.8861073534595
YO7	mri-esm2-0	ssp245	2048	301.34998	260.39374	1001.8277629511349
YO7	mri-esm2-0	ssp245	2049	299.88437	267.17825	792.7970448159426
YO7	mri-esm2-0	ssp245	2050	299.24783	264.518	1237.1911155525106
YO7	mri-esm2-0	ssp245	2051	297.36554	263.81818	1067.132766684496
YO7	mri-esm2-0	ssp245	2052	300.4605	265.2646	901.2987638212508
YO7	mri-esm2-0	ssp245	2053	299.39322	265.6772	998.0381731016427
YO7	mri-esm2-0	ssp245	2054	299.20706	264.2402	1552.4352811043605
YO7	mri-esm2-0	ssp245	2055	300.1884	265.7397	796.2858454207592
YO7	mri-esm2-0	ssp245	2056	297.01703	267.01102	956.4830713905251
YO7	mri-esm2-0	ssp245	2057	300.45346	263.268	1621.5053506661025
YO7	mri-esm2-0	ssp245	2058	299.74564	265.35605	1045.6179700093255
YO7	mri-esm2-0	ssp245	2059	299.24393	265.2649	1329.606263805147
YO7	mri-esm2-0	ssp245	2060	301.04272	264.84683	265.36787955556065
YO7	mri-esm2-0	ssp245	2061	300.71683	266.0554	1232.941799622494
YO7	mri-esm2-0	ssp245	2062	299.1518	266.43954	1418.7855746975315
YO7	mri-esm2-0	ssp245	2063	300.04306	264.82446	828.5541045013815
YO7	mri-esm2-0	ssp245	2064	301.19656	264.58893	1610.6786535819551
YO7	mri-esm2-0	ssp245	2065	297.99976	265.412	1452.9501890530585
YO7	mri-esm2-0	ssp245	2066	300.141	265.58337	1388.7497873045409
YO7	mri-esm2-0	ssp245	2067	300.2426	262.27734	765.9148785285523
YO7	mri-esm2-0	ssp245	2068	299.8254	265.70132	992.3884172108733
YO7	mri-esm2-0	ssp245	2069	301.77628	266.62537	764.570299093608
YO7	mri-esm2-0	ssp245	2070	300.24002	264.0973	2159.6548243425514
YO7	mri-esm2-0	ssp370	2041	298.94147	261.66068	1163.9281641837442
YO7	mri-esm2-0	ssp370	2042	301.74393	263.87488	888.2534399628414
YO7	mri-esm2-0	ssp370	2043	299.46674	265.50912	832.7028749976307
YO7	mri-esm2-0	ssp370	2044	298.4134	265.51868	1080.9782219119327
YO7	mri-esm2-0	ssp370	2045	301.45758	264.77145	638.4839476406341
YO7	mri-esm2-0	ssp370	2046	299.11234	264.1409	1661.0635549295343
YO7	mri-esm2-0	ssp370	2047	301.92157	265.8844	1767.3627511015688
YO7	mri-esm2-0	ssp370	2048	299.59796	263.04254	697.681248933077
YO7	mri-esm2-0	ssp370	2049	302.2171	263.65115	1443.8527314516114
YO7	mri-esm2-0	ssp370	2050	296.86835	264.47882	1780.6986470706308
YO7	mri-esm2-0	ssp370	2051	301.36816	265.8407	1725.4740427945972
YO7	mri-esm2-0	ssp370	2052	299.661	265.25842	978.9726352086291
YO7	mri-esm2-0	ssp370	2053	299.55832	267.16812	860.0905872881171
YO7	mri-esm2-0	ssp370	2054	297.95267	264.1726	1332.8465977683627
YO7	mri-esm2-0	ssp370	2055	299.88315	261.26825	1285.424064681854
YO7	mri-esm2-0	ssp370	2056	299.29626	265.29916	1046.5266589424573
YO7	mri-esm2-0	ssp370	2057	300.51694	266.20673	1179.5311524532494
YO7	mri-esm2-0	ssp370	2058	301.8503	265.32837	1386.4985016363723
YO7	mri-esm2-0	ssp370	2059	301.24554	263.91275	906.3054319820209
YO7	mri-esm2-0	ssp370	2060	297.77652	262.8636	836.1770496005192
YO7	mri-esm2-0	ssp370	2061	300.95505000000003	263.9284	1473.585149925179
YO7	mri-esm2-0	ssp370	2062	297.98157	262.6061	1199.8341692145914
YO7	mri-esm2-0	ssp370	2063	300.78003	265.67004	538.9184492756613
YO7	mri-esm2-0	ssp370	2064	301.34164	266.46918	1313.7180723482504
YO7	mri-esm2-0	ssp370	2065	300.38913	267.5587	792.5465910346247
YO7	mri-esm2-0	ssp370	2066	301.29456	264.38824	930.3203452261909
YO7	mri-esm2-0	ssp370	2067	302.56226	264.31403	1118.5094028711242
YO7	mri-esm2-0	ssp370	2068	301.1785	265.689	756.5699146943977
YO7	mri-esm2-0	ssp370	2069	299.74536	264.49216	925.6383715895652
YO7	mri-esm2-0	ssp370	2070	299.14514	264.83344	1766.2469841073942
YO8	access-cm2	ssp245	2041	296.64304	262.41797	1253.8554525934137
YO8	access-cm2	ssp245	2042	296.48102	259.2877	1572.4338414729143
YO8	access-cm2	ssp245	2043	298.07687	264.9687	1902.2784166037636
YO8	access-cm2	ssp245	2044	296.73355	265.71704	714.6624030545354
YO8	access-cm2	ssp245	2045	296.6989	263.78076	1178.3799064345658
YO8	access-cm2	ssp245	2046	296.0119	263.25018	1500.8439508499475
YO8	access-cm2	ssp245	2047	298.84067	264.97418	950.4085971580935
YO8	access-cm2	ssp245	2048	296.31198	265.36374	943.1697873864323
YO8	access-cm2	ssp245	2049	298.78537	261.06824	487.48405677324627
YO8	access-cm2	ssp245	2050	296.79813	261.35556	1126.9814331244365
YO8	access-cm2	ssp245	2051	297.44983	265.93726	853.0290003516711
YO8	access-cm2	ssp245	2052	299.33817	263.92438	1234.2856507748365
YO8	access-cm2	ssp245	2053	298.16263	262.72003	1080.6672656675632
YO8	access-cm2	ssp245	2054	298.92465	265.8107	639.1445951303467
YO8	access-cm2	ssp245	2055	297.81345	264.6439	1132.581407896928
YO8	access-cm2	ssp245	2056	298.4549	262.55283	1515.2109497808615
YO8	access-cm2	ssp245	2057	298.3826	260.9736	1182.0592587115148
YO8	access-cm2	ssp245	2058	298.7524	263.26715	1920.357706647998
YO8	access-cm2	ssp245	2059	300.0018	263.50848	1583.126372052337
YO8	access-cm2	ssp245	2060	296.93076	263.8184	645.4295093659312
YO8	access-cm2	ssp245	2061	298.88412	265.4274	1261.7228498216718
YO8	access-cm2	ssp245	2062	295.77902	261.56638	1612.7326550893342
YO8	access-cm2	ssp245	2063	297.02814	265.78772	807.721134996973
YO8	access-cm2	ssp245	2064	298.7791	264.9157	1237.1288748923662
YO8	access-cm2	ssp245	2065	297.9206	263.1181	1751.6648446151194
YO8	access-cm2	ssp245	2066	297.58405	264.63263	761.1247242777608
YO8	access-cm2	ssp245	2067	298.38504	264.04178	589.5501070423052
YO8	access-cm2	ssp245	2068	296.7684	261.53073	1542.2990708233322
YO8	access-cm2	ssp245	2069	297.26	264.54782	2064.4717155955177
YO8	access-cm2	ssp245	2070	295.66486	264.3638	1216.515707570941
YO8	access-cm2	ssp370	2041	297.6437	263.48917	871.5498800156465
YO8	access-cm2	ssp370	2042	296.58194	259.93317	1483.648314965062
YO8	access-cm2	ssp370	2043	296.4945	264.73453	777.670099167146
YO8	access-cm2	ssp370	2044	297.56866	263.72086	1305.8240087237095
YO8	access-cm2	ssp370	2045	297.18073	263.5567	782.98211395739
YO8	access-cm2	ssp370	2046	297.31873	264.51517	1841.4743663160841
YO8	access-cm2	ssp370	2047	297.3614	259.44678	1286.7434468585861
YO8	access-cm2	ssp370	2048	295.23767	261.63577	899.6085386141203
YO8	access-cm2	ssp370	2049	297.20425	264.9968	1328.2240990781845
YO8	access-cm2	ssp370	2050	299.48303	259.13052	1378.0200052424198
YO8	access-cm2	ssp370	2051	296.0922	261.5092	1331.479368964199
YO8	access-cm2	ssp370	2052	295.88995	264.89072	1652.7495639282029
YO8	access-cm2	ssp370	2053	298.23166	263.09668	1042.6919563149568
YO8	access-cm2	ssp370	2054	296.46396	264.9342	772.1469786018133
YO8	access-cm2	ssp370	2055	297.73926	263.45172	922.4327431060134
YO8	access-cm2	ssp370	2056	297.2518	264.20767	738.454994908534
YO8	access-cm2	ssp370	2057	295.34683	262.90945	1369.9454127112301
YO8	access-cm2	ssp370	2058	299.33282	263.2057	1709.2158850282185
YO8	access-cm2	ssp370	2059	296.75958	263.97778	802.0502928178757
YO8	access-cm2	ssp370	2060	297.39618	264.7183	1071.5511431917466
YO8	access-cm2	ssp370	2061	297.19348	264.68564	1807.9843369312352
YO8	access-cm2	ssp370	2062	297.79614	265.50418	1291.209738515287
YO8	access-cm2	ssp370	2063	294.01785	263.33752	1126.5765060670542
YO8	access-cm2	ssp370	2064	295.64178	263.4739	1995.6638317031143
YO8	access-cm2	ssp370	2065	299.73523	263.9147	1291.3669237168315
YO8	access-cm2	ssp370	2066	297.99796	263.105	862.3087934218347
YO8	access-cm2	ssp370	2067	298.93185	261.88287	1114.600925639365
YO8	access-cm2	ssp370	2068	296.46112	266.60065	1291.8133700732046
YO8	access-cm2	ssp370	2069	297.75876	263.29837	2616.605691472017
YO8	access-cm2	ssp370	2070	299.67728	265.78546	1143.7391674989876
YO8	cnrm-esm2-1	ssp245	2041	297.3732	261.98718	1599.5588367339062
YO8	cnrm-esm2-1	ssp245	2042	297.00284	263.40952	1152.8847998008027
YO8	cnrm-esm2-1	ssp245	2043	295.70377	264.71426	888.9790316694327
YO8	cnrm-esm2-1	ssp245	2044	296.27167	263.6872	920.5595395644125
YO8	cnrm-esm2-1	ssp245	2045	296.27893	262.6912	1420.0305847450982
YO8	cnrm-esm2-1	ssp245	2046	297.41046	263.36234	734.7841531969607
YO8	cnrm-esm2-1	ssp245	2047	296.93588	262.28052	1656.2939855851657
YO8	cnrm-esm2-1	ssp245	2048	296.73346	263.29303	764.2345498082996
YO8	cnrm-esm2-1	ssp245	2049	294.83527	265.7849	1096.685540123118
YO8	cnrm-esm2-1	ssp245	2050	296.76633	264.91348	969.5970549015301
YO8	cnrm-esm2-1	ssp245	2051	297.19885	264.69443	919.6697642910169
YO8	cnrm-esm2-1	ssp245	2052	296.99728	263.64258	1774.7070204466395
YO8	cnrm-esm2-1	ssp245	2053	296.48004	263.35803	1179.814454074934
YO8	cnrm-esm2-1	ssp245	2054	296.8077	260.67993	1651.9639047793344
YO8	cnrm-esm2-1	ssp245	2055	297.74585	262.55276	1698.7656415323222
YO8	cnrm-esm2-1	ssp245	2056	297.19772	261.81726	932.9934204288054
YO8	cnrm-esm2-1	ssp245	2057	296.33786	262.74838	542.6335178897716
YO8	cnrm-esm2-1	ssp245	2058	294.35666	263.80157	1381.252887588876
YO8	cnrm-esm2-1	ssp245	2059	297.46008	265.4287	1685.1137199438745
YO8	cnrm-esm2-1	ssp245	2060	297.85324	262.56613	1940.543394628858
YO8	cnrm-esm2-1	ssp245	2061	295.79358	265.27988	998.3064954634756
YO8	cnrm-esm2-1	ssp245	2062	295.91074	260.549	1166.289089270843
YO8	cnrm-esm2-1	ssp245	2063	296.56802	264.81766	1048.2568481471237
YO8	cnrm-esm2-1	ssp245	2064	297.78183	260.54422	1210.703417553998
YO8	cnrm-esm2-1	ssp245	2065	296.1321	263.20938	531.0877628187882
YO8	cnrm-esm2-1	ssp245	2066	297.25684	265.31894	974.019747041136
YO8	cnrm-esm2-1	ssp245	2067	297.0841	263.3943	1503.1172135146094
YO8	cnrm-esm2-1	ssp245	2068	297.4308	263.35934	1287.882046471344
YO8	cnrm-esm2-1	ssp245	2069	295.66257	264.10364	693.8362169195898
YO8	cnrm-esm2-1	ssp245	2070	297.51508	266.28806	995.7753977301466
YO8	cnrm-esm2-1	ssp370	2041	297.23004	263.62753	928.523373417554
YO8	cnrm-esm2-1	ssp370	2042	294.1541	261.50357	1134.5658133883262
YO8	cnrm-esm2-1	ssp370	2043	296.05585	262.32654	1215.0553143059237
YO8	cnrm-esm2-1	ssp370	2044	296.28387	264.53888	915.2619230502528
YO8	cnrm-esm2-1	ssp370	2045	297.25806	260.67380000000003	1359.8203249275539
YO8	cnrm-esm2-1	ssp370	2046	293.74887	265.91837	881.164465576876
YO8	cnrm-esm2-1	ssp370	2047	295.95084	261.82806	1174.2263340507325
YO8	cnrm-esm2-1	ssp370	2048	294.44724	262.69897	1359.9848586483504
YO8	cnrm-esm2-1	ssp370	2049	295.65652	266.5068	1171.4790958212416
YO8	cnrm-esm2-1	ssp370	2050	295.06482	264.2758	1284.7597925166879
YO8	cnrm-esm2-1	ssp370	2051	296.47028	264.64655	1412.0203696307353
YO8	cnrm-esm2-1	ssp370	2052	295.85605	263.8439	940.3828494250577
YO8	cnrm-esm2-1	ssp370	2053	296.39337	265.7535	1380.548993800724
YO8	cnrm-esm2-1	ssp370	2054	295.57898	265.80222	1282.5558821903046
YO8	cnrm-esm2-1	ssp370	2055	297.16168	262.40375	1059.1042300918982
YO8	cnrm-esm2-1	ssp370	2056	297.41406	263.50827	1344.0090425661588
YO8	cnrm-esm2-1	ssp370	2057	296.1403	260.02615	1320.5454978407897
YO8	cnrm-esm2-1	ssp370	2058	296.24948	265.15997	674.1815096698701
YO8	cnrm-esm2-1	ssp370	2059	296.51474	263.18216	971.0725423501508
YO8	cnrm-esm2-1	ssp370	2060	296.34888	263.2885	1881.4777396124164
YO8	cnrm-esm2-1	ssp370	2061	297.81903	263.41974	865.8037144923583
YO8	cnrm-esm2-1	ssp370	2062	298.02094	264.86276	1213.1692641355958
YO8	cnrm-esm2-1	ssp370	2063	296.2652	265.41104	1011.3916920090505
YO8	cnrm-esm2-1	ssp370	2064	298.23938	263.89224	1340.5205603688903
YO8	cnrm-esm2-1	ssp370	2065	296.83353	265.74725	717.6741521456279
YO8	cnrm-esm2-1	ssp370	2066	295.048	261.58234	1536.4381307735794
YO8	cnrm-esm2-1	ssp370	2067	298.50992	266.12573	1192.3922999412516
YO8	cnrm-esm2-1	ssp370	2068	298.0451	263.1448	1228.6825035960405
YO8	cnrm-esm2-1	ssp370	2069	297.00955	266.0665	1382.2106992942001
YO8	cnrm-esm2-1	ssp370	2070	298.2362	265.67578	519.7286564914975
YO8	ec-earth3-veg	ssp245	2041	296.68976	262.81888	1031.4048235304458
YO8	ec-earth3-veg	ssp245	2042	297.0746	265.05035	1549.431102384533
YO8	ec-earth3-veg	ssp245	2043	294.3171	264.81268	1830.3376139111826
YO8	ec-earth3-veg	ssp245	2044	294.91336	261.9141	1116.7209608014673
YO8	ec-earth3-veg	ssp245	2045	295.8926	263.92764	1157.5831835274425
YO8	ec-earth3-veg	ssp245	2046	295.67645	262.6811	1085.846816474769
YO8	ec-earth3-veg	ssp245	2047	295.97928	265.68698	907.6125727558864
YO8	ec-earth3-veg	ssp245	2048	297.3672	263.42093	1291.3417157717033
YO8	ec-earth3-veg	ssp245	2049	295.98392	263.1206	1269.1182513953936
YO8	ec-earth3-veg	ssp245	2050	296.88086	262.86942	1673.685308033579
YO8	ec-earth3-veg	ssp245	2051	295.10754	265.2061	1158.6167464469327
YO8	ec-earth3-veg	ssp245	2052	296.37766	265.78656	1491.4847146253628
YO8	ec-earth3-veg	ssp245	2053	295.64676	267.30524	1103.5934643004914
YO8	ec-earth3-veg	ssp245	2054	296.3438	261.59662	539.7874032729305
YO8	ec-earth3-veg	ssp245	2055	296.0761	263.89688	531.0029813088477
YO8	ec-earth3-veg	ssp245	2056	295.57065	265.7996	1370.3823036979722
YO8	ec-earth3-veg	ssp245	2057	296.41287	262.79877	1353.30218777234
YO8	ec-earth3-veg	ssp245	2058	295.24023	266.05914	1208.0488173756612
YO8	ec-earth3-veg	ssp245	2059	296.38834	264.8352	719.7061986196786
YO8	ec-earth3-veg	ssp245	2060	299.2679	263.58932	955.8880233205855
YO8	ec-earth3-veg	ssp245	2061	297.0688	258.99713	1482.5000457465558
YO8	ec-earth3-veg	ssp245	2062	296.33054	263.88843	798.0604268610477
YO8	ec-earth3-veg	ssp245	2063	295.00558	265.74002	1100.9243302949321
YO8	ec-earth3-veg	ssp245	2064	297.49744	262.79382	1755.6537855241613
YO8	ec-earth3-veg	ssp245	2065	298.3609	263.4158	1026.0560809168792
YO8	ec-earth3-veg	ssp245	2066	297.50092	263.90286	2310.9552043955086
YO8	ec-earth3-veg	ssp245	2067	296.77417	264.66104	2070.2331081032044
YO8	ec-earth3-veg	ssp245	2068	295.26056	264.06427	1139.0028641209938
YO8	ec-earth3-veg	ssp245	2069	298.5141	265.11978	1049.743632384343
YO8	ec-earth3-veg	ssp245	2070	297.96982	263.25433	1544.4304409640288
YO8	ec-earth3-veg	ssp370	2041	296.47757	260.89233	1051.323475548975
YO8	ec-earth3-veg	ssp370	2042	297.65747	258.0763	1763.9883424154825
YO8	ec-earth3-veg	ssp370	2043	295.7082	264.93924	2116.188370808901
YO8	ec-earth3-veg	ssp370	2044	297.64444	262.92224	1615.2920482679992
YO8	ec-earth3-veg	ssp370	2045	296.08774	259.4022	799.8345905682072
YO8	ec-earth3-veg	ssp370	2046	296.5138	261.24026	1163.0315502988956
YO8	ec-earth3-veg	ssp370	2047	295.2776	259.27945	982.4385305866459
YO8	ec-earth3-veg	ssp370	2048	295.47446	266.33414	1233.3256913116052
YO8	ec-earth3-veg	ssp370	2049	296.1793	262.082	1245.4070720763405
YO8	ec-earth3-veg	ssp370	2050	296.59967	261.37924	1317.5920341862304
YO8	ec-earth3-veg	ssp370	2051	296.07318	262.89966	660.7139012601692
YO8	ec-earth3-veg	ssp370	2052	295.43713	263.95648	1829.7871883958242
YO8	ec-earth3-veg	ssp370	2053	297.56305	263.46625	1586.1437148065088
YO8	ec-earth3-veg	ssp370	2054	296.8719	261.50327	951.0844975244254
YO8	ec-earth3-veg	ssp370	2055	296.5723	263.94894	1701.677562156658
YO8	ec-earth3-veg	ssp370	2056	293.98007	262.44357	1082.4434683774543
YO8	ec-earth3-veg	ssp370	2057	298.04153	262.01508	760.5864841767458
YO8	ec-earth3-veg	ssp370	2058	293.6205	261.75656	1725.4119693534242
YO8	ec-earth3-veg	ssp370	2059	295.9951	259.12735	1686.4954854826951
YO8	ec-earth3-veg	ssp370	2060	297.7524	264.4452	1668.0652812472294
YO8	ec-earth3-veg	ssp370	2061	298.1127	265.91437	1374.5402574073214
YO8	ec-earth3-veg	ssp370	2062	298.20718	264.37155	807.586816989328
YO8	ec-earth3-veg	ssp370	2063	295.95633	263.30118	1366.891308501326
YO8	ec-earth3-veg	ssp370	2064	294.63364	265.59167	1671.23487655771
YO8	ec-earth3-veg	ssp370	2065	297.96097	264.26093	1409.8778577404669
YO8	ec-earth3-veg	ssp370	2066	296.56808	265.8653	1718.1979074782962
YO8	ec-earth3-veg	ssp370	2067	295.01553	265.40903	1607.5745496433044
YO8	ec-earth3-veg	ssp370	2068	298.91043	264.35864	1271.501073287789
YO8	ec-earth3-veg	ssp370	2069	297.1611	263.98334	925.1142815686551
YO8	ec-earth3-veg	ssp370	2070	300.2619	264.6038	612.0050917379558
YO8	miroc6	ssp245	2041	297.3331	261.26398	801.893687107075
YO8	miroc6	ssp245	2042	293.68	265.31302	1914.0156049397226
YO8	miroc6	ssp245	2043	295.48425	263.89502	1435.4497739870374
YO8	miroc6	ssp245	2044	294.13986	263.69156	1398.754402622576
YO8	miroc6	ssp245	2045	297.57214	262.1562	471.61443687655265
YO8	miroc6	ssp245	2046	298.65533	262.7494	849.0387864410877
YO8	miroc6	ssp245	2047	295.8909	263.866	935.8477264176976
YO8	miroc6	ssp245	2048	294.46823	263.87775	1979.94176647623
YO8	miroc6	ssp245	2049	294.09665	261.77783	1373.9883151734568
YO8	miroc6	ssp245	2050	297.44928	260.87036	595.221657701768
YO8	miroc6	ssp245	2051	298.6254	264.13507	549.7669506759848
YO8	miroc6	ssp245	2052	296.38452	262.73126	1533.1976779969227
YO8	miroc6	ssp245	2053	295.28278	264.8364	1151.004324237832
YO8	miroc6	ssp245	2054	296.02133	262.7432	1004.2371060233413
YO8	miroc6	ssp245	2055	298.32935	265.909	975.572217686546
YO8	miroc6	ssp245	2056	295.3354	262.08893	1023.4556683280935
YO8	miroc6	ssp245	2057	295.78043	263.18616	1380.0090341653477
YO8	miroc6	ssp245	2058	294.41803	262.9408	1512.499328248656
YO8	miroc6	ssp245	2059	295.9955	265.25446	1060.7718528422754
YO8	miroc6	ssp245	2060	292.66336	264.2887	2565.840855466317
YO8	miroc6	ssp245	2061	294.78717	264.43988	485.8457183232531
YO8	miroc6	ssp245	2062	299.8511	260.84543	660.6222990551032
YO8	miroc6	ssp245	2063	300.33997	259.08698	712.2951644298155
YO8	miroc6	ssp245	2064	300.84988	264.99057	921.0643596423324
YO8	miroc6	ssp245	2065	297.7089	264.26547	1107.7563682570963
YO8	miroc6	ssp245	2066	296.5545	264.56412	1167.305513424779
YO8	miroc6	ssp245	2067	300.22116	263.07553	444.5559660438448
YO8	miroc6	ssp245	2068	299.03104	263.93158	782.5463450979441
YO8	miroc6	ssp245	2069	301.3251	263.16345	1234.6801680978388
YO8	miroc6	ssp245	2070	300.66898	264.5484	523.845702217659
YO8	miroc6	ssp370	2041	300.69577	261.17987	567.5319334957749
YO8	miroc6	ssp370	2042	298.11826	263.93448	1003.2023066421796
YO8	miroc6	ssp370	2043	298.3622	263.57053	592.2621692530691
YO8	miroc6	ssp370	2044	300.06772	257.82535	579.3192161712795
YO8	miroc6	ssp370	2045	298.05588	265.4548	1128.8071304093935
YO8	miroc6	ssp370	2046	296.5235	264.43167	971.7831537360217
YO8	miroc6	ssp370	2047	297.86636	264.10703	752.3940874932966
YO8	miroc6	ssp370	2048	297.2003	264.0862	1056.539532425813
YO8	miroc6	ssp370	2049	298.44125	264.08746	932.0645921397902
YO8	miroc6	ssp370	2050	297.55328	263.9401	1161.810125433836
YO8	miroc6	ssp370	2051	295.17157	262.99533	1337.770377891135
YO8	miroc6	ssp370	2052	294.23816	265.26154	1668.091901123975
YO8	miroc6	ssp370	2053	297.36636	264.41766	1018.6663060099622
YO8	miroc6	ssp370	2054	299.903	264.55484	1088.5726904379962
YO8	miroc6	ssp370	2055	294.58182	263.6617	2015.1949944672433
YO8	miroc6	ssp370	2056	294.56534	265.39285	1444.68660985583
YO8	miroc6	ssp370	2057	294.90045	264.41382	1293.0886752786723
YO8	miroc6	ssp370	2058	299.88376	264.52353	856.3390995142981
YO8	miroc6	ssp370	2059	300.49472	260.28287	1004.7652951092299
YO8	miroc6	ssp370	2060	298.49838	263.48804	915.7275698453075
YO8	miroc6	ssp370	2061	297.2961	265.48688	1474.3604383547786
YO8	miroc6	ssp370	2062	299.2787	263.94882	511.41428091796115
YO8	miroc6	ssp370	2063	299.53842	260.15118	1235.247682244517
YO8	miroc6	ssp370	2064	298.36877	264.0034	1630.255262972767
YO8	miroc6	ssp370	2065	295.58	262.74622	1114.040828612601
YO8	miroc6	ssp370	2066	299.77554	263.99625	761.7220533778891
YO8	miroc6	ssp370	2067	300.55197	263.45892	672.984093928244
YO8	miroc6	ssp370	2068	298.95566	261.14172	1187.4650978017598
YO8	miroc6	ssp370	2069	298.6706	266.53543	1046.6131410095686
YO8	miroc6	ssp370	2070	299.3101	264.73566	813.1640910403752
YO8	mpi-esm1-2-hr	ssp245	2041	294.19254	260.46683	1395.3068839647626
YO8	mpi-esm1-2-hr	ssp245	2042	295.20306	261.68546	1224.0691228187643
YO8	mpi-esm1-2-hr	ssp245	2043	297.49924	263.36908	415.1865656487644
YO8	mpi-esm1-2-hr	ssp245	2044	296.805	261.48834	877.2596213500947
YO8	mpi-esm1-2-hr	ssp245	2045	293.5379	261.13507	1298.3559668529565
YO8	mpi-esm1-2-hr	ssp245	2046	293.7471	264.22827	1297.3624139791248
YO8	mpi-esm1-2-hr	ssp245	2047	295.5695	261.7918	1393.2475224136838
YO8	mpi-esm1-2-hr	ssp245	2048	295.37885	264.1742	1658.3920435543064
YO8	mpi-esm1-2-hr	ssp245	2049	297.19586	261.73294	734.3670364818536
YO8	mpi-esm1-2-hr	ssp245	2050	297.66287	264.56564	569.7967538028024
YO8	mpi-esm1-2-hr	ssp245	2051	293.9079	262.65616	1815.7415066845556
YO8	mpi-esm1-2-hr	ssp245	2052	295.88513	264.42004	1365.6199143966219
YO8	mpi-esm1-2-hr	ssp245	2053	295.9009	262.41992	1864.9876597453667
YO8	mpi-esm1-2-hr	ssp245	2054	296.6758	262.02124	960.9871526481584
YO8	mpi-esm1-2-hr	ssp245	2055	294.06686	264.21487	651.0341909830287
YO8	mpi-esm1-2-hr	ssp245	2056	295.58932	265.0797	673.6825059517287
YO8	mpi-esm1-2-hr	ssp245	2057	295.88422	262.18835	863.2420946611061
YO8	mpi-esm1-2-hr	ssp245	2058	296.39215	262.45407	1293.872332200408
YO8	mpi-esm1-2-hr	ssp245	2059	294.7565	265.72614	1017.6659873686731
YO8	mpi-esm1-2-hr	ssp245	2060	296.4393	259.73392	1198.1673255096925
YO8	mpi-esm1-2-hr	ssp245	2061	295.78003	258.10086	1174.2558117373803
YO8	mpi-esm1-2-hr	ssp245	2062	295.89047	260.84122	1295.6682174000766
YO8	mpi-esm1-2-hr	ssp245	2063	293.3868	258.30103	1404.596991883575
YO8	mpi-esm1-2-hr	ssp245	2064	294.8197	261.45383	938.6931090586575
YO8	mpi-esm1-2-hr	ssp245	2065	296.2998	265.17288	1147.9486530180993
YO8	mpi-esm1-2-hr	ssp245	2066	297.12903	263.0531	1299.765988625586
YO8	mpi-esm1-2-hr	ssp245	2067	297.57077	264.7666	1051.1525337584317
YO8	mpi-esm1-2-hr	ssp245	2068	296.37112	265.26117	767.1879089903086
YO8	mpi-esm1-2-hr	ssp245	2069	297.30203	260.79547	1255.7824663817883
YO8	mpi-esm1-2-hr	ssp245	2070	295.46417	265.2228	1266.634861752354
YO8	mpi-esm1-2-hr	ssp370	2041	297.5481	262.91718	1419.8169658134864
YO8	mpi-esm1-2-hr	ssp370	2042	295.2406	261.29968	981.3922609901056
YO8	mpi-esm1-2-hr	ssp370	2043	295.10486	259.39523	1513.3668731432304
YO8	mpi-esm1-2-hr	ssp370	2044	297.62643	261.33322	927.0794929470867
YO8	mpi-esm1-2-hr	ssp370	2045	295.91733	262.9632	1361.327978689217
YO8	mpi-esm1-2-hr	ssp370	2046	295.74844	263.02826	1113.1326667964374
YO8	mpi-esm1-2-hr	ssp370	2047	294.90964	260.27545	1067.6156812347276
YO8	mpi-esm1-2-hr	ssp370	2048	295.5112	261.49777	905.1995560526746
YO8	mpi-esm1-2-hr	ssp370	2049	296.6083	261.78665	880.6800652295237
YO8	mpi-esm1-2-hr	ssp370	2050	295.87277	265.26044	906.6067527048231
YO8	mpi-esm1-2-hr	ssp370	2051	297.7326	264.1742	1238.2846106774841
YO8	mpi-esm1-2-hr	ssp370	2052	295.3672	261.72043	1378.149202326275
YO8	mpi-esm1-2-hr	ssp370	2053	298.41876	263.14545	1384.75071298889
YO8	mpi-esm1-2-hr	ssp370	2054	296.00687	263.33295	1054.9991574953176
YO8	mpi-esm1-2-hr	ssp370	2055	293.35648	259.91626	1737.704025764092
YO8	mpi-esm1-2-hr	ssp370	2056	295.11325	263.48495	928.0103838129378
YO8	mpi-esm1-2-hr	ssp370	2057	294.81308	263.26526	1399.0637451410253
YO8	mpi-esm1-2-hr	ssp370	2058	295.32898	263.832	1122.8609087644145
YO8	mpi-esm1-2-hr	ssp370	2059	294.7034	265.26175	1316.133860894473
YO8	mpi-esm1-2-hr	ssp370	2060	296.9124	264.40143	1039.9116139160242
YO8	mpi-esm1-2-hr	ssp370	2061	296.35223	262.52246	1139.540201844612
YO8	mpi-esm1-2-hr	ssp370	2062	297.4746	262.89706	1084.9322956230021
YO8	mpi-esm1-2-hr	ssp370	2063	295.40152	264.50638	949.7048413963057
YO8	mpi-esm1-2-hr	ssp370	2064	296.37137	262.7712	1238.3834565756708
YO8	mpi-esm1-2-hr	ssp370	2065	296.22003	265.24786	680.0013923551887
YO8	mpi-esm1-2-hr	ssp370	2066	295.80115	262.92813	1063.3166330633483
YO8	mpi-esm1-2-hr	ssp370	2067	297.57077	265.27432	1289.558139318237
YO8	mpi-esm1-2-hr	ssp370	2068	296.62067	263.79037	1334.492335893438
YO8	mpi-esm1-2-hr	ssp370	2069	296.16205	261.42654	953.194743068876
YO8	mpi-esm1-2-hr	ssp370	2070	296.0222	263.2439	1058.8830349151815
YO8	mri-esm2-0	ssp245	2041	297.11578	258.81497	1106.942316144692
YO8	mri-esm2-0	ssp245	2042	297.10992	261.45444	1446.4554505306164
YO8	mri-esm2-0	ssp245	2043	295.83002	264.5049	1313.5778781026602
YO8	mri-esm2-0	ssp245	2044	296.22256	267.06754	785.246746300254
YO8	mri-esm2-0	ssp245	2045	295.15308	264.29684	1717.4585458240288
YO8	mri-esm2-0	ssp245	2046	297.59006	265.65353	1556.755213573314
YO8	mri-esm2-0	ssp245	2047	295.62888	259.93637	1552.9289039550017
YO8	mri-esm2-0	ssp245	2048	298.67947	259.41434	1096.621793156366
YO8	mri-esm2-0	ssp245	2049	297.26886	265.70956	848.6214791686402
YO8	mri-esm2-0	ssp245	2050	296.81055	263.16232	1263.2171842153032
YO8	mri-esm2-0	ssp245	2051	294.74136	262.8792	1189.5110954101008
YO8	mri-esm2-0	ssp245	2052	297.41364	264.51758	900.314047208667
YO8	mri-esm2-0	ssp245	2053	296.4324	264.2321	914.5370403741214
YO8	mri-esm2-0	ssp245	2054	296.66245	263.09842	1514.9614329915348
YO8	mri-esm2-0	ssp245	2055	297.45294	264.39615	895.0378517154473
YO8	mri-esm2-0	ssp245	2056	294.70978	265.39392	963.162822928275
YO8	mri-esm2-0	ssp245	2057	297.95578	262.3668	1642.7742216735596
YO8	mri-esm2-0	ssp245	2058	296.89322	264.0139	1082.307640998598
YO8	mri-esm2-0	ssp245	2059	296.75793	263.67316	1353.3853574422792
YO8	mri-esm2-0	ssp245	2060	298.05682	264.0917	283.8591668056324
YO8	mri-esm2-0	ssp245	2061	297.71912	264.7304	1125.234641897252
YO8	mri-esm2-0	ssp245	2062	296.3297	265.3837	1448.3726301463043
YO8	mri-esm2-0	ssp245	2063	296.90097	263.1157	882.8319747000933
YO8	mri-esm2-0	ssp245	2064	298.5941	263.5201	1591.0950052784501
YO8	mri-esm2-0	ssp245	2065	295.00983	264.3537	1513.9352569385405
YO8	mri-esm2-0	ssp245	2066	296.8537	264.56717	1355.8283259859122
YO8	mri-esm2-0	ssp245	2067	296.89056	261.03815	781.6297935729197
YO8	mri-esm2-0	ssp245	2068	296.38034	264.06482	1038.2866453612028
YO8	mri-esm2-0	ssp245	2069	298.72595	264.63074	814.0400886651895
YO8	mri-esm2-0	ssp245	2070	297.62027	263.4498	2016.1581147461877
YO8	mri-esm2-0	ssp370	2041	294.94083	260.08264	1121.498487034114
YO8	mri-esm2-0	ssp370	2042	298.80466	262.57642	963.284514175006
YO8	mri-esm2-0	ssp370	2043	296.54187	264.07013	872.990972455591
YO8	mri-esm2-0	ssp370	2044	294.7916	264.2597	1041.9776100839954
YO8	mri-esm2-0	ssp370	2045	298.4029	263.6641	703.5778764809947
YO8	mri-esm2-0	ssp370	2046	296.72934	262.99594	1616.0541710327104
YO8	mri-esm2-0	ssp370	2047	299.26535	264.4769	1618.721139128288
YO8	mri-esm2-0	ssp370	2048	296.2764	261.72482	856.4014627598226
YO8	mri-esm2-0	ssp370	2049	299.4513	262.2713	1350.7315667200187
YO8	mri-esm2-0	ssp370	2050	293.7418	263.4789	1614.7414879873195
YO8	mri-esm2-0	ssp370	2051	298.7608	265.34976	1671.7113844526136
YO8	mri-esm2-0	ssp370	2052	297.12778	264.30197	1127.9208004125394
YO8	mri-esm2-0	ssp370	2053	296.9166	266.35263	864.3134653335287
YO8	mri-esm2-0	ssp370	2054	295.56833	262.7337	1328.5290737869
YO8	mri-esm2-0	ssp370	2055	297.3152	259.9112	1271.3920506066297
YO8	mri-esm2-0	ssp370	2056	295.82407	263.9665	1136.9040064397268
YO8	mri-esm2-0	ssp370	2057	297.03973	265.2451	1138.6218525585468
YO8	mri-esm2-0	ssp370	2058	297.98203	264.33237	1370.5619111715191
YO8	mri-esm2-0	ssp370	2059	298.6152	262.61154	951.6722313361051
YO8	mri-esm2-0	ssp370	2060	294.73642	261.52927	856.7071349476464
YO8	mri-esm2-0	ssp370	2061	297.8972	262.89166	1514.118322418617
YO8	mri-esm2-0	ssp370	2062	294.2775	261.50504	1140.9353574737906
YO8	mri-esm2-0	ssp370	2063	298.03152	265.07965	621.883721393533
YO8	mri-esm2-0	ssp370	2064	298.48672	265.09088	1382.275430951239
YO8	mri-esm2-0	ssp370	2065	297.79257	266.21475	803.5417332546785
YO8	mri-esm2-0	ssp370	2066	298.62704	263.60007	929.1405485331618
YO8	mri-esm2-0	ssp370	2067	299.8596	262.69547	1141.3228006800505
YO8	mri-esm2-0	ssp370	2068	298.19327	263.96	826.3948826584801
YO8	mri-esm2-0	ssp370	2069	296.0846	263.46384	973.006641806556
YO8	mri-esm2-0	ssp370	2070	296.28162	263.1316	1762.598624546055
